
[gate contract]
gate contract ok

[implementation documentation contract]
implementation-doc semantic mutation self-test ok cases=13
implementation-doc-semantics ok files=7
documentation contract ok
implementation-doc semantic mutation self-test ok cases=13
implementation-doc-check ok files=28

[specification structure and archive parity]
spec-check ok files=40 domains=25 iterations=11 capabilities=160 acceptance_blocks=160 ux_flows=160 glossary_terms=107 archive_files=absent


[generated license inventory]
license inventory graph contract ok

[Rust formatting and lint review]
    Checking suprnova-live v2.0.2 (/home/shawn/workspace2/suprnova/crates/suprnova-live)
    Checking suprnova-magnetar v2.0.2 (/home/shawn/workspace2/suprnova/crates/suprnova-magnetar)
    Checking suprnova-web-push v2.0.2 (/home/shawn/workspace2/suprnova/crates/suprnova-web-push)
    Checking suprnova-live-test-support v2.0.2 (/home/shawn/workspace2/suprnova/crates/suprnova-live/crates/suprnova-live-test-support)
    Checking suprnova-live-macro-fixture v2.0.2 (/home/shawn/workspace2/suprnova/crates/suprnova-live/crates/suprnova-live-macro-fixture)
    Checking suprnova v2.0.2 (/home/shawn/workspace2/suprnova/framework)
    Checking suprnova-macros v2.0.2 (/home/shawn/workspace2/suprnova/suprnova-macros)
    Finished `dev` profile [unoptimized + debuginfo] target(s) in 41.13s
correctness-delay Clippy self-test ok
    Checking suprnova-live v2.0.2 (/home/shawn/workspace2/suprnova/crates/suprnova-live)
   Compiling suprnova-macros v2.0.2 (/home/shawn/workspace2/suprnova/suprnova-macros)
    Checking suprnova-magnetar v2.0.2 (/home/shawn/workspace2/suprnova/crates/suprnova-magnetar)
    Checking suprnova-web-push v2.0.2 (/home/shawn/workspace2/suprnova/crates/suprnova-web-push)
    Checking suprnova-live-test-support v2.0.2 (/home/shawn/workspace2/suprnova/crates/suprnova-live/crates/suprnova-live-test-support)
    Checking suprnova-live-macro-fixture v2.0.2 (/home/shawn/workspace2/suprnova/crates/suprnova-live/crates/suprnova-live-macro-fixture)
    Checking suprnova v2.0.2 (/home/shawn/workspace2/suprnova/framework)
    Finished `dev` profile [unoptimized + debuginfo] target(s) in 38.42s
    Checking suprnova-live v2.0.2 (/home/shawn/workspace2/suprnova/crates/suprnova-live)
    Checking suprnova-live-fuzz v0.0.0 (/home/shawn/workspace2/suprnova/crates/suprnova-live/fuzz)
warning: using `chunks_exact` with a constant chunk size
  --> fuzz_targets/upload_media_header.rs:28:10
   |
28 |         .chunks_exact(2)
   |          ^^^^^^^^^^^^^^^ help: consider using `as_chunks` instead: `as_chunks::<2>().0.iter()`
   |
   = help: for further information visit https://rust-lang.github.io/rust-clippy/rust-1.98.0/index.html#chunks_exact_to_as_chunks
   = note: `#[warn(clippy::chunks_exact_to_as_chunks)]` on by default

warning: `suprnova-live-fuzz` (bin "upload_media_header") generated 1 warning (run `cargo clippy --fix --bin "upload_media_header" -p suprnova-live-fuzz -- -D clippy::disallowed_methods` to apply 1 suggestion)
warning: manual implementation of a no-op waker
   --> fuzz_targets/support.rs:267:6
    |
267 | impl Wake for NoopWake {
    |      ^^^^
    |
    = help: use `std::task::Waker::noop()` instead
    = help: for further information visit https://rust-lang.github.io/rust-clippy/rust-1.98.0/index.html#manual_noop_waker
    = note: `#[warn(clippy::manual_noop_waker)]` on by default

warning: `suprnova-live-fuzz` (bin "update_request") generated 1 warning (1 duplicate)
warning: `suprnova-live-fuzz` (bin "signed_snapshot") generated 1 warning
warning: `suprnova-live-fuzz` (bin "update_response") generated 1 warning (1 duplicate)
warning: `suprnova-live-fuzz` (bin "directive_contract") generated 1 warning (1 duplicate)
warning: `suprnova-live-fuzz` (bin "child_parameters") generated 1 warning (1 duplicate)
warning: `suprnova-live-fuzz` (bin "async_sequence") generated 1 warning (1 duplicate)
warning: `suprnova-live-fuzz` (bin "protocol_v2_response") generated 1 warning (1 duplicate)
warning: `suprnova-live-fuzz` (bin "async_envelope") generated 1 warning (1 duplicate)
warning: `suprnova-live-fuzz` (bin "protocol_v2_request") generated 1 warning (1 duplicate)
    Finished `dev` profile [unoptimized + debuginfo] target(s) in 3.65s

[Rust fixture, checker, protocol, and security boundaries]
   Compiling suprnova-live v2.0.2 (/home/shawn/workspace2/suprnova/crates/suprnova-live)
    Finished `test` profile [unoptimized + debuginfo] target(s) in 0.49s
     Running tests/browser_contract_properties.rs (/home/shawn/workspace2/scratchpads/suprnova-target/debug/deps/browser_contract_properties-fd540f4031e7e09c)

running 3 tests
test shared_directive_lookup_accepts_only_an_exact_reviewed_name ... ok
test arbitrary_directive_fragments_have_bounded_redacted_checker_results ... ok
test browser_metadata_inputs_are_bounded_and_snapshot_debug_is_redacted ... ok

test result: ok. 3 passed; 0 failed; 0 ignored; 0 measured; 0 filtered out; finished in 3.18s

     Running tests/golden_fixtures.rs (/home/shawn/workspace2/scratchpads/suprnova-target/debug/deps/golden_fixtures-e099ae1e35f60b7e)

running 12 tests
test version_four_is_an_independent_capability_fixture_set ... ok
test canonical_fixtures_have_no_unconsumed_case_kind ... ok
test version_four_idempotent_upload_retries_are_self_contained ... ok
test v1_protocol_success_bytes_are_already_canonical_and_stable ... ok
test version_four_encoded_cases_are_canonical_and_within_exact_limits ... ok
test fixture_manifest_is_complete_and_hashable ... ok
test version_four_case_ids_and_hard_bounds_are_closed ... ok
test protocol_fixtures_are_exhaustively_accepted_or_rejected ... ok
test version_four_protocols_and_promoted_directives_are_consistent ... ok
test descriptor_fixtures_prove_snake_case_naming_and_the_schema_version_gate ... ok
test ordering_and_compatibility_fixtures_enumerate_every_case ... ok
test snapshot_fixtures_match_rust_verification_and_failure_classes ... ok

test result: ok. 12 passed; 0 failed; 0 ignored; 0 measured; 0 filtered out; finished in 0.00s

   Compiling suprnova-live v2.0.2 (/home/shawn/workspace2/suprnova/crates/suprnova-live)
    Finished `test` profile [unoptimized + debuginfo] target(s) in 0.39s
     Running tests/checker_negative.rs (/home/shawn/workspace2/scratchpads/suprnova-target/debug/deps/checker_negative-252d7b89a097df1c)

running 15 tests
test iteration_004_progress_rejects_endpoint_values ... ok
test a_call_to_a_macro_the_catalog_cannot_resolve_stays_unproved ... ok
test freshness_combinations_are_enforced_across_the_whole_island ... ok
test iteration_003_directive_failures_are_closed_and_source_oriented ... ok
test every_conflicting_v4_freshness_combination_is_rejected_by_the_real_checker ... ok
test a_macro_call_is_checked_as_the_markup_it_expands_to ... ok
test iteration_004_roles_modifiers_and_conflicts_fail_closed ... ok
test morph_controls_require_stable_identity_safe_modes_and_owned_structure ... ok
test iteration_004_modifier_groups_fail_closed ... ok
test iteration_004_stream_event_signal_and_capability_metadata_fail_closed ... ok
test iteration_004_upload_model_conflicts_are_island_wide ... ok
test iteration_003_signal_integers_match_the_browser_safe_range ... ok
test iteration_004_upload_shape_metadata_ownership_and_accessibility_fail_closed ... ok
test askama_and_html_structure_are_checked_on_every_branch ... ok
test directive_metadata_and_nested_ownership_fail_closed ... ok

test result: ok. 15 passed; 0 failed; 0 ignored; 0 measured; 0 filtered out; finished in 0.01s

     Running tests/checker_positive.rs (/home/shawn/workspace2/scratchpads/suprnova-target/debug/deps/checker_positive-d634f879ee7a1688)

running 15 tests
test iteration_four_directives_have_closed_capability_contracts ... ok
test iteration_003_signal_safe_integer_boundary_is_statically_proved ... ok
test iteration_004_directives_are_generated_from_the_reviewed_fixture ... ok
test checked_upload_and_stream_markup_is_proved_on_every_static_askama_branch ... ok
test includes_and_inheritance_are_resolved_through_the_bounded_catalog ... ok
test freshness_combinations_are_isolated_per_nested_island_instance ... ok
test iteration_four_directive_roles_and_modifiers_are_statically_proved ... ok
test registered_directives_nested_ownership_and_compatible_branches_are_proved ... ok
test macro_calls_are_expanded_with_their_literal_arguments ... ok
test conditions_decided_by_literal_macro_arguments_are_not_branches ... ok
test every_iteration_003_directive_is_statically_proved ... ok
test iteration_004_upload_model_exclusivity_respects_fields_islands_and_static_branches ... ok
test signal_names_use_the_canonical_byte_grammar_without_narrowing_class_keys ... ok
test every_legal_v4_freshness_combination_is_proved_by_the_real_checker ... ok
test every_iteration_four_modifier_and_role_has_a_static_positive_case ... ok

test result: ok. 15 passed; 0 failed; 0 ignored; 0 measured; 0 filtered out; finished in 0.01s

     Running tests/checker_regressions.rs (/home/shawn/workspace2/scratchpads/suprnova-target/debug/deps/checker_regressions-bcdff040a39ccc1e)

running 18 tests
test dynamic_upload_attribute_structure_is_explicitly_unproved_never_statically_proved ... ok
test diagnostics_have_stable_machine_codes_and_source_locations_without_raw_values ... ok
test expanded_includes_and_inherited_blocks_remain_bounded_and_structural ... ok
test a_feedback_directive_targets_a_model_field_or_an_action ... ok
test checker_proof_checks_caller_content ... ok
test live_033_a_digest_key_is_measured_at_its_rendered_length ... ok
test checker_proof_covers_the_view_after_an_empty_call_block ... ok
test dynamic_iteration_004_directive_values_are_explicitly_unproved ... ok
test live_error_target_is_a_declared_field_or_action ... ok
test live_key_alone_names_a_keyed_scope_and_a_duplicate_is_refused ... ok
test missing_view_include_and_parent_have_distinct_stable_diagnostics ... ok
test live_033_a_literal_key_outside_the_runtime_alphabet_is_refused ... ok
test live_034_element_ids_follow_the_runtime_rule ... ok
test every_checker_resource_dimension_is_hard_bounded ... ok
test live_036_a_name_a_loop_binds_shadows_the_macro_argument ... ok
test submit_form_proposals_are_bounded_by_one_request ... ok
test form_009_control_state_rendered_from_the_island_does_not_multiply_branch_states ... ok
test arbitrary_bounded_utf8_never_panics_or_exposes_unbounded_diagnostics ... ok

test result: ok. 18 passed; 0 failed; 0 ignored; 0 measured; 0 filtered out; finished in 0.13s

   Compiling suprnova-live v2.0.2 (/home/shawn/workspace2/suprnova/crates/suprnova-live)
    Finished `test` profile [unoptimized + debuginfo] target(s) in 0.33s
     Running tests/compatibility.rs (/home/shawn/workspace2/scratchpads/suprnova-target/debug/deps/compatibility-b7604550a26e1719)

running 1 test
test v1_triplet_is_supported_and_breaking_versions_request_one_refresh ... ok

test result: ok. 1 passed; 0 failed; 0 ignored; 0 measured; 0 filtered out; finished in 0.00s

     Running tests/protocol_v2.rs (/home/shawn/workspace2/scratchpads/suprnova-target/debug/deps/protocol_v2-4e508a43df77e918)

running 5 tests
test v2_window_supports_whole_prior_or_current_triplets_but_rejects_mixed_nodes ... ok
test params_changed_requires_signed_child_authority_and_fresh_render_never_replays ... ok
test lifecycle_operations_resolve_only_inside_the_v2_model ... ok
test params_changed_parses_the_exact_child_admission_carrier ... ok
test v2_responses_carry_typed_children_and_url_intent_and_round_trip ... ok

test result: ok. 5 passed; 0 failed; 0 ignored; 0 measured; 0 filtered out; finished in 0.00s

   Compiling suprnova-live v2.0.2 (/home/shawn/workspace2/suprnova/crates/suprnova-live)
    Finished `test` profile [unoptimized + debuginfo] target(s) in 0.45s
     Running tests/security_boundaries.rs (/home/shawn/workspace2/scratchpads/suprnova-target/debug/deps/security_boundaries-e1a9f9dd1d42a74c)

running 5 tests
test host_check_and_conformance_trace_cardinality_remain_closed_and_redacted ... ok
test telemetry_event_and_outcome_cardinality_is_statically_bounded ... ok
test telemetry_labels_are_closed_and_never_accept_raw_payload_or_identity_strings ... ok
test unattended_commands_do_not_blanket_deny_warnings ... ok
test browser_production_boundaries_forbid_dynamic_execution_and_client_authority ... ok

test result: ok. 5 passed; 0 failed; 0 ignored; 0 measured; 0 filtered out; finished in 0.00s

   Compiling suprnova-live v2.0.2 (/home/shawn/workspace2/suprnova/crates/suprnova-live)
    Finished `test` profile [unoptimized + debuginfo] target(s) in 0.46s
     Running tests/security_hostile_context.rs (/home/shawn/workspace2/scratchpads/suprnova-target/debug/deps/security_hostile_context-1666dc557950494e)

running 3 tests
test route_slot_catalog_and_all_capability_bindings_cannot_cross ... ok
test every_authenticity_check_fails_closed_when_absent_inconsistent_or_expired ... ok
test replay_secrets_transients_and_unregistered_browser_output_never_cross_authority ... ok

test result: ok. 3 passed; 0 failed; 0 ignored; 0 measured; 0 filtered out; finished in 0.00s

   Compiling suprnova-live v2.0.2 (/home/shawn/workspace2/suprnova/crates/suprnova-live)
   Compiling suprnova v2.0.2 (/home/shawn/workspace2/suprnova/framework)
   Compiling suprnova-macros v2.0.2 (/home/shawn/workspace2/suprnova/suprnova-macros)
    Finished `test` profile [unoptimized + debuginfo] target(s) in 55.82s
     Running tests/live_ui.rs (/home/shawn/workspace2/scratchpads/suprnova-target/debug/deps/live_ui-8305e077f4dbc57d)

running 1 test
   Compiling suprnova-live v2.0.2 (/home/shawn/workspace2/suprnova/crates/suprnova-live)
   Compiling suprnova v2.0.2 (/home/shawn/workspace2/suprnova/framework)
   Compiling suprnova-macros-tests v0.0.0 (/home/shawn/workspace2/scratchpads/suprnova-target/tests/trybuild/suprnova-macros)
    Finished `dev` profile [unoptimized + debuginfo] target(s) in 4.33s


test [0m[1mtests/ui/live/pass/all_metadata.rs[0m [should pass] ... [0m[32mok
[0mtest [0m[1mtests/ui/live/pass/minimal.rs[0m [should pass] ... [0m[32mok
[0mtest [0m[1mtests/ui/live/pass/streams.rs[0m [should pass] ... [0m[32mok
[0mtest [0m[1mtests/ui/live/pass/upload_policy.rs[0m [should pass] ... [0m[32mok
[0mtest [0m[1mtests/ui/live/fail/conflicting_model_timing.rs[0m [should fail to compile] ... [0m[32mok
[0mtest [0m[1mtests/ui/live/fail/duplicate_action_name.rs[0m [should fail to compile] ... [0m[32mok
[0mtest [0m[1mtests/ui/live/fail/duplicate_struct_helper.rs[0m [should fail to compile] ... [0m[32mok
[0mtest [0m[1mtests/ui/live/fail/duplicate_url_query.rs[0m [should fail to compile] ... [0m[32mok
[0mtest [0m[1mtests/ui/live/fail/event_payload_contract.rs[0m [should fail to compile] ... [0m[32mok
[0mtest [0m[1mtests/ui/live/fail/generic_component.rs[0m [should fail to compile] ... [0m[32mok
[0mtest [0m[1mtests/ui/live/fail/invalid_action_signature.rs[0m [should fail to compile] ... [0m[32mok
[0mtest [0m[1mtests/ui/live/fail/invalid_debounce.rs[0m [should fail to compile] ... [0m[32mok
[0mtest [0m[1mtests/ui/live/fail/invalid_name.rs[0m [should fail to compile] ... [0m[32mok
[0mtest [0m[1mtests/ui/live/fail/invalid_version.rs[0m [should fail to compile] ... [0m[32mok
[0mtest [0m[1mtests/ui/live/fail/misplaced_helper.rs[0m [should fail to compile] ... [0m[32mok
[0mtest [0m[1mtests/ui/live/fail/model_locked.rs[0m [should fail to compile] ... [0m[32mok
[0mtest [0m[1mtests/ui/live/fail/mount_destructured_parameter.rs[0m [should fail to compile] ... [0m[32mok
[0mtest [0m[1mtests/ui/live/fail/mount_reference_parameter.rs[0m [should fail to compile] ... [0m[32mok
[0mtest [0m[1mtests/ui/live/fail/no_zero_input_verified_context.rs[0m [should fail to compile] ... [0m[32mok
[0mtest [0m[1mtests/ui/live/fail/private_action.rs[0m [should fail to compile] ... [0m[32mok
[0mtest [0m[1mtests/ui/live/fail/private_component.rs[0m [should fail to compile] ... [0m[32mok
[0mtest [0m[1mtests/ui/live/fail/reference_state.rs[0m [should fail to compile] ... [0m[32mok
[0mtest [0m[1mtests/ui/live/fail/refresh_requires_v2.rs[0m [should fail to compile] ... [0m[32mok
[0mtest [0m[1mtests/ui/live/fail/secret_url.rs[0m [should fail to compile] ... [0m[32mok
[0mtest [0m[1mtests/ui/live/fail/server_only_url.rs[0m [should fail to compile] ... [0m[32mok
[0mtest [0m[1mtests/ui/live/fail/session_dehydrated.rs[0m [should fail to compile] ... [0m[32mok
[0mtest [0m[1mtests/ui/live/fail/stream_duplicate_event.rs[0m [should fail to compile] ... [0m[32mok
[0mtest [0m[1mtests/ui/live/fail/stream_invalid_mode.rs[0m [should fail to compile] ... [0m[32mok
[0mtest [0m[1mtests/ui/live/fail/stream_requires_v2.rs[0m [should fail to compile] ... [0m[32mok
[0mtest [0m[1mtests/ui/live/fail/stream_unknown_helper.rs[0m [should fail to compile] ... [0m[32mok
[0mtest [0m[1mtests/ui/live/fail/transient_url.rs[0m [should fail to compile] ... [0m[32mok
[0mtest [0m[1mtests/ui/live/fail/transient_without_model.rs[0m [should fail to compile] ... [0m[32mok
[0mtest [0m[1mtests/ui/live/fail/unknown_method_helper.rs[0m [should fail to compile] ... [0m[32mok
[0mtest [0m[1mtests/ui/live/fail/unknown_struct_helper.rs[0m [should fail to compile] ... [0m[32mok
[0mtest [0m[1mtests/ui/live/fail/unlisted_model_debounce.rs[0m [should fail to compile] ... [0m[32mok
[0mtest [0m[1mtests/ui/live/fail/unsupported_protocol.rs[0m [should fail to compile] ... [0m[32mok
[0mtest [0m[1mtests/ui/live/fail/unsupported_url_codec.rs[0m [should fail to compile] ... [0m[32mok
[0mtest [0m[1mtests/ui/live/fail/upload_duplicate_helper.rs[0m [should fail to compile] ... [0m[32mok
[0mtest [0m[1mtests/ui/live/fail/upload_misplaced_helper.rs[0m [should fail to compile] ... [0m[32mok
[0mtest [0m[1mtests/ui/live/fail/upload_non_model.rs[0m [should fail to compile] ... [0m[32mok
[0mtest [0m[1mtests/ui/live/fail/upload_policy_return.rs[0m [should fail to compile] ... [0m[32mok
[0mtest [0m[1mtests/ui/live/fail/upload_policy_signature.rs[0m [should fail to compile] ... [0m[32mok
[0mtest [0m[1mtests/ui/live/fail/upload_unknown_helper.rs[0m [should fail to compile] ... [0m[32mok
[0mtest [0m[1mtests/ui/live/fail/validation_selection_without_hook.rs[0m [should fail to compile] ... [0m[32mok
[0m

test live_component_authoring_contract ... ok

test result: ok. 1 passed; 0 failed; 0 ignored; 0 measured; 0 filtered out; finished in 48.47s


[iteration 004 Rust boundaries]
   Compiling suprnova-live v2.0.2 (/home/shawn/workspace2/suprnova/crates/suprnova-live)
    Finished `test` profile [unoptimized + debuginfo] target(s) in 0.90s
     Running tests/iteration_004_adversarial.rs (/home/shawn/workspace2/scratchpads/suprnova-target/debug/deps/iteration_004_adversarial-8a021a80cd5f4e87)

running 6 tests
test duplicate_completion_cancel_finalize_and_expire_finalize_are_monotonic ... ok
test malformed_media_headers_have_one_bounded_fail_closed_disposition ... ok
test websocket_origin_matrix_rejects_before_authority_and_cross_site_cookie_use ... ok
test forged_and_cross_scope_upload_authority_is_typed_bounded_and_redacted ... ok
test cancel_and_expire_race_finalize_under_deterministic_barriers ... ok
test oversized_truncated_and_fragmented_messages_are_typed_and_bounded ... ok

test result: ok. 6 passed; 0 failed; 0 ignored; 0 measured; 0 filtered out; finished in 0.00s

     Running tests/iteration_004_conformance.rs (/home/shawn/workspace2/scratchpads/suprnova-target/debug/deps/iteration_004_conformance-513cf58a96262a3a)

running 3 tests
test wrong_fixture_expected_fails_even_when_rust_and_typescript_agree ... ok
test typescript_conformance_runner_is_a_plain_supported_node_bundle ... ok
test every_v4_case_has_identical_rust_and_typescript_canonical_outcomes ... ok

test result: ok. 3 passed; 0 failed; 0 ignored; 0 measured; 0 filtered out; finished in 0.03s

     Running tests/iteration_004_exhaustion.rs (/home/shawn/workspace2/scratchpads/suprnova-target/debug/deps/iteration_004_exhaustion-cc2409993f25d15e)

running 2 tests
test queue_and_permit_exhaustion_preserve_exact_bounds_and_sibling_liveness ... ok
test upload_exhaustion_is_exactly_scoped_and_leaves_other_live_work_usable ... ok

test result: ok. 2 passed; 0 failed; 0 ignored; 0 measured; 0 filtered out; finished in 0.00s


[Rust MSRV]
    Checking suprnova-live v2.0.2 (/home/shawn/workspace2/suprnova/crates/suprnova-live)
    Checking suprnova v2.0.2 (/home/shawn/workspace2/suprnova/framework)
    Checking suprnova-live-test-support v2.0.2 (/home/shawn/workspace2/suprnova/crates/suprnova-live/crates/suprnova-live-test-support)
    Checking suprnova-live-macro-fixture v2.0.2 (/home/shawn/workspace2/suprnova/crates/suprnova-live/crates/suprnova-live-macro-fixture)
    Checking suprnova-macros v2.0.2 (/home/shawn/workspace2/suprnova/suprnova-macros)
    Finished `dev` profile [unoptimized + debuginfo] target(s) in 39.12s
    Checking suprnova-live v2.0.2 (/home/shawn/workspace2/suprnova/crates/suprnova-live)
    Checking suprnova-live-macro-fixture v2.0.2 (/home/shawn/workspace2/suprnova/crates/suprnova-live/crates/suprnova-live-macro-fixture)
    Checking suprnova-live-compile-10 v0.0.0 (/home/shawn/workspace2/suprnova/crates/suprnova-live/tests/fixtures/compile/10-component)
    Checking suprnova-live-compile-100 v0.0.0 (/home/shawn/workspace2/suprnova/crates/suprnova-live/tests/fixtures/compile/100-component)
    Checking suprnova-live-compile-1 v0.0.0 (/home/shawn/workspace2/suprnova/crates/suprnova-live/tests/fixtures/compile/1-component)
    Finished `dev` profile [unoptimized + debuginfo] target(s) in 5.84s

[nightly fuzz build]
   Compiling suprnova-live v2.0.2 (/home/shawn/workspace2/suprnova/crates/suprnova-live)
   Compiling suprnova-live-fuzz v0.0.0 (/home/shawn/workspace2/suprnova/crates/suprnova-live/fuzz)
    Finished `release` profile [optimized + debuginfo] target(s) in 49.05s

[browser dependency and conformance gates]
added 202 packages, and audited 203 packages in 822ms
59 packages are looking for funding
  run `npm fund` for details
found 0 vulnerabilities
> node ../scripts/generate-browser-contracts.mjs --check && node scripts/generate-iteration-004-conformance.mjs --check
> node scripts/build.mjs
artifact role=core-classic file=suprnova-live.classic.js bytes=215100 brotli=51013
artifact role=core-esm file=suprnova-live.esm.js bytes=214910 brotli=51001
artifact role=stimulus-classic file=suprnova-live.stimulus.classic.js bytes=10629 brotli=3085
artifact role=stimulus-esm file=suprnova-live.stimulus.esm.js bytes=10759 brotli=3144
artifact role=uploads-classic file=suprnova-live.uploads.classic.js bytes=55301 brotli=14959
artifact role=uploads-esm file=suprnova-live.uploads.esm.js bytes=56302 brotli=15179
artifact role=async-classic file=suprnova-live.async.classic.js bytes=98540 brotli=23258
artifact role=async-esm file=suprnova-live.async.esm.js bytes=98837 brotli=23351
artifact role=ui-styles file=suprnova-ui.css bytes=16711 brotli=2986
> node scripts/check-build.mjs
reproducible build: index.d.ts, suprnova-live.assets.json, suprnova-live.async.classic.js, suprnova-live.async.esm.js, suprnova-live.classic.js, suprnova-live.esm.js, suprnova-live.stimulus.classic.js, suprnova-live.stimulus.esm.js, suprnova-live.uploads.classic.js, suprnova-live.uploads.esm.js, suprnova-ui.css

[tracked artifact parity]


[iteration 004 reference host]
   Compiling suprnova-live v2.0.2 (/home/shawn/workspace2/suprnova/crates/suprnova-live)
   Compiling suprnova-live-test-support v2.0.2 (/home/shawn/workspace2/suprnova/crates/suprnova-live/crates/suprnova-live-test-support)
    Finished `test` profile [unoptimized + debuginfo] target(s) in 10.78s
     Running tests/reference_host.rs (/home/shawn/workspace2/scratchpads/suprnova-target/debug/deps/reference_host-8828a016481a9b71)

running 28 tests
test aborted_chunk_restores_coherent_upload_state_and_shutdown_removes_quarantine_bytes ... ok
test async_adversarial_controls_execute_the_real_delivery_owners ... ok
test async_emission_control_is_generation_bound_and_explicit ... ok
test async_routes_authorize_poll_sse_and_one_bounded_websocket ... ok
test canceled_fresh_render_without_host_commit_releases_rollbackable_claim ... ok
test direct_transfer_stores_reports_verifies_completes_and_finalizes ... ok
test document_transports_are_deduplicated_bounded_and_allow_one_physical_reader ... ok
test finalizer_fault_controls_are_exactly_handle_revision_scoped_and_one_shot ... ok
test forged_manifest_relationships_fail_before_the_port_is_bound ... ok
test invalid_production_manifest_fails_before_the_port_is_bound ... ok
test multipart_completion_verifies_the_truthful_whole_quarantine_digest ... ok
test ordinary_application_action_uses_registered_component_and_advances_domain_revision ... ok
test poll_rejects_a_fresh_render_for_the_wrong_island ... ok
test provider_partial_failure_compensates_then_retries_through_the_real_finalizer ... ok
test rejected_reauthorization_cannot_restore_revoked_membership_authority ... ok
test scan_timeout_control_drives_the_real_validation_service_and_preserves_live_work ... ok
test serves_only_validated_manifest_owned_production_assets ... ok
test shutdown_closes_owned_sockets_files_and_timers ... ok
test trusted_compiled_upload_interrupt_is_consumed_once_by_the_physical_body ... ok
test upload_creation_window_reset_requires_a_quiescent_test_host ... ok
test upload_handles_are_not_authority_and_reacquire_uses_application_session_ownership ... ok
test upload_race_control_runs_both_real_winner_orderings_without_leaks ... ok
test upload_reacquire_returns_the_authoritative_partial_multipart_cursor ... ok
test upload_routes_use_real_chunked_bodies_and_constrained_direct_instructions ... ok
test websocket_multiplexes_two_memberships_streams_and_shuts_down_an_open_socket ... ok
test websocket_policy_close_completes_the_closing_handshake_before_dropping_the_socket ... ok
test websocket_policy_close_ends_the_socket_after_the_handshake_deadline_without_a_reply ... ok
test websocket_upgrade_rejects_every_hostile_origin_shape_before_transport_lookup ... ok

test result: ok. 28 passed; 0 failed; 0 ignored; 0 measured; 0 filtered out; finished in 2.37s


[Rust all-target and documentation tests]
   Compiling suprnova-live v2.0.2 (/home/shawn/workspace2/suprnova/crates/suprnova-live)
   Compiling suprnova-live-test-support v2.0.2 (/home/shawn/workspace2/suprnova/crates/suprnova-live/crates/suprnova-live-test-support)
   Compiling suprnova v2.0.2 (/home/shawn/workspace2/suprnova/framework)
   Compiling suprnova-live-macro-fixture v2.0.2 (/home/shawn/workspace2/suprnova/crates/suprnova-live/crates/suprnova-live-macro-fixture)
   Compiling suprnova-macros v2.0.2 (/home/shawn/workspace2/suprnova/suprnova-macros)
    Finished `test` profile [unoptimized + debuginfo] target(s) in 14.39s
     Running unittests src/lib.rs (/home/shawn/workspace2/scratchpads/suprnova-target/debug/deps/suprnova_live-a1aadb82fa3c5df6)

running 153 tests
test async_updates::sequence_tests::async_protocol_is_independent_from_live_action_and_morph_versions ... ok
test artifacts::tests::artifact_file_names_are_single_closed_segments ... ok
test async_updates::sequence_tests::event_fanout_remains_nonzero_and_bounded_in_the_registered_contract ... ok
test async_updates::sequence_tests::only_host_continuity_authority_can_establish_a_covering_new_baseline ... ok
test async_updates::sequence_tests::envelope_debug_output_never_exposes_raw_payload_values ... ok
test async_updates::sequence_tests::cross_scope_envelopes_and_replay_cannot_change_sequence_authority ... ok
test async_updates::sequence_tests::byte_depth_entry_string_and_payload_limits_are_enforced ... ok
test async_updates::sequence_tests::fresh_membership_and_successful_dispatch_are_required_before_sequence_commit ... ok
test async_updates::sequence_tests::membership_and_stream_binding_are_validated_before_sequence_observation ... ok
test async_updates::sequence_tests::nested_duplicate_fields_and_semantic_key_misordering_fail_closed ... ok
test async_updates::sequence_tests::decoded_payloads_are_closed_registered_values ... ok
test async_updates::sequence_tests::sequence_machine_starts_only_from_the_signed_authorized_baseline ... ok
test async_updates::sequence_tests::event_and_signal_payloads_require_current_registered_contracts ... ok
test async_updates::sequence_tests::sequence_machine_applies_only_next_and_degrades_on_gaps_or_new_epochs ... ok
test async_updates::sequence_tests::subscription_id_rejects_encoded_length_and_shape_before_decode ... ok
test async_updates::sequence_tests::every_closed_payload_kind_decodes_and_round_trips_canonically ... ok
test async_updates::sequence_tests::replay_dispatch_failure_reports_truth_and_resumes_only_the_remaining_suffix ... ok
test async_updates::sequence_tests::unknown_major_duplicate_unknown_and_noncanonical_fields_fail_closed ... ok
test async_updates::sequence_tests::server_authored_envelopes_require_the_current_registered_context ... ok
test async_updates::sequence_tests::unsupported_or_malformed_operations_cannot_become_dispatch_authority ... ok
test component::executor::tests::live_031_refused_proposals_stay_within_the_configured_validation_bound ... ok
test checker::directive::tests::promoted_scalar_values_share_one_bounded_lexical_grammar ... ok
test async_updates::sequence_tests::server_authored_payloads_share_the_lossless_canonical_codec_contract ... ok
test endpoint::response::tests::accepted_dispatch_never_releases_another_verified_requests_sealed_body ... ok
test endpoint::response::tests::sealing_rejects_invalid_snapshot_json_before_acceptance ... ok
test endpoint::response::tests::sealing_rejects_invalid_render_utf8_before_acceptance ... ok
test host::checks::tests::complete_unexpired_facts_are_required_without_a_mount ... ok
test async_updates::sequence_tests::pressure_only_replay_retirement_keeps_effective_high_water_and_truthful_kind ... ok
test identity::signal_scope_tests::signal_name_grammar_is_lowercase_first_and_byte_bounded ... ok
test async_updates::sequence_tests::sequence_overflow_never_wraps_or_applies ... ok
test async_updates::sequence_tests::replay_recovery_requires_a_complete_contiguous_same_scope_transcript ... ok
test endpoint::service::tests::malformed_child_admission_carrier_fails_before_kernel_dispatch ... ok
test identity::signal_scope_tests::signal_scope_grammar_matches_the_browser_contract ... ok
test ledger::distributed::tests::a_full_retirement_queue_drops_its_oldest_entry ... ok
test ledger::distributed::tests::a_fence_retires_a_claim_even_when_the_clock_cannot_be_read ... ok
test ledger::distributed::tests::a_failed_retirement_gets_one_more_attempt_and_is_then_dropped ... ok
test ledger::distributed::tests::a_held_identity_with_nothing_behind_it_is_still_a_conflict ... ok
test ledger::distributed::tests::a_record_is_created_once_and_then_belongs_to_its_holder ... ok
test ledger::distributed::tests::a_record_past_its_store_expiry_is_gone_and_its_key_is_free ... ok
test ledger::distributed::tests::a_held_identity_yields_to_the_reservation_that_explains_it ... ok
test ledger::distributed::tests::a_store_clock_that_cannot_be_read_decides_nothing ... ok
test ledger::distributed::tests::a_retirement_that_fails_twice_is_dropped_and_left_to_the_lease ... ok
test ledger::distributed::tests::a_stored_record_never_prints_the_bytes_it_carries ... ok
test ledger::distributed::tests::a_stale_read_is_read_again_and_reclassified_rather_than_forced ... ok
test ledger::distributed::tests::compare_and_store_on_a_key_no_record_holds_is_missing ... ok
test ledger::distributed::tests::compare_and_store_replaces_one_version_and_conflicts_on_any_other ... ok
test endpoint::service::tests::accepted_response_from_another_semantic_request_is_never_exposed ... ok
test ledger::distributed::tests::count_instances_counts_only_the_records_that_are_still_alive ... ok
test ledger::distributed::tests::promotion_records_follow_the_same_rules_in_their_own_key_space ... ok
test ledger::distributed::tests::a_write_that_never_lands_is_a_classified_rejection_after_one_retry ... ok
test ledger::distributed::tests::removing_a_record_frees_its_key_and_missing_records_remove_cleanly ... ok
test ledger::record::tests::a_frame_longer_than_the_byte_bound_is_rejected_before_it_is_parsed ... ok
test ledger::distributed::tests::the_loser_of_a_promotion_race_leaves_no_instance_behind ... ok
test ledger::record::tests::a_frame_with_another_version_byte_is_not_decoded ... ok
test ledger::record::tests::a_field_the_phase_grammar_does_not_name_is_rejected_too ... ok
test ledger::record::tests::a_record_with_no_component_contract_and_no_outcomes_round_trips ... ok
test ledger::record::tests::a_record_whose_shape_or_identities_are_wrong_is_rejected ... ok
test endpoint::service::tests::accepted_response_from_another_verified_request_is_never_exposed ... ok
test ledger::distributed::tests::one_operation_reclaims_a_bounded_number_of_elapsed_records ... ok
test ledger::record::tests::a_reservation_round_trips_and_rejects_what_it_did_not_write ... ok
test ledger::record::tests::a_successor_revision_that_does_not_advance_its_base_is_refused ... ok
test ledger::record::tests::more_accepted_outcomes_than_the_ledger_retains_is_a_capacity_failure ... ok
test ledger::record::tests::the_frame_is_the_version_byte_and_then_canonical_json ... ok
test ledger::state::tests::a_classified_rejection_asks_for_no_write ... ok
test ledger::state::tests::a_pending_claim_that_does_not_advance_its_base_is_refused_at_transition_time ... ok
test ledger::state::tests::a_transition_reads_its_input_and_returns_a_new_record ... ok
test metadata::browser::tests::payload_contract_debug_output_does_not_reveal_the_stable_identity ... ok
test metadata::browser::tests::payload_contract_identity_defaults_to_the_registered_event_identity ... ok
test metadata::browser::tests::payload_contract_identity_is_validated_and_bounded ... ok
test metadata::browser::tests::stable_payload_label_cannot_spoof_the_runtime_payload_type ... ok
test ledger::record::tests::a_record_in_every_phase_round_trips_byte_exactly ... ok
test metadata::digest::tests::payload_contract_identity_is_independently_digest_significant ... ok
test metadata::digest::tests::every_event_field_is_independently_digest_significant ... ok
test mount::output::tests::reserve_existing_claims_a_key_and_refuses_a_duplicate ... ok
test ledger::record::tests::every_refresh_reason_and_outcome_kind_survives_the_frame ... ok
test promotion::policy::tests::accept_cannot_resurrect_a_reservation_after_its_lease ... ok
test promotion::policy::tests::accept_rejects_completion_after_lease_without_needing_another_admission ... ok
test promotion::policy::tests::outstanding_indexes_follow_accept_abandon_and_expiry ... ok
test promotion::policy::tests::requested_rate_scope_is_refreshed_even_behind_the_cleanup_backlog ... ok
test promotion::policy::tests::one_admission_performs_only_bounded_expiry_cleanup ... ok
test promotion::policy::tests::requested_nonce_is_pruned_even_behind_the_cleanup_backlog ... ok
test async_updates::sequence_tests::version_four_async_fixture_is_executable_not_documentary ... ok
test render_cache::composite::tests::a_composite_naming_itself_directly_is_refused_at_construction ... ok
test render_cache::composite::tests::a_cycle_is_reported_even_when_it_would_also_exceed_the_depth_bound ... ok
test render_cache::composite::tests::a_depth_three_nested_chain_assembles_and_its_length_is_the_named_sum ... ok
test render_cache::composite::tests::a_graph_with_no_slots_and_no_nonce_assembles_to_exactly_the_shell ... ok
test render_cache::composite::tests::a_drifted_surrounding_digest_is_rejected ... ok
test render_cache::composite::tests::a_composite_entry_binds_header_graph_and_shell_into_a_structural_digest ... ok
test protocol::idempotency::tests::child_envelope_and_lifecycle_operation_are_semantic_request_significant ... ok
test render_cache::composite::tests::a_nonce_header_template_without_a_nonce_segment_still_requires_and_expands_a_nonce ... ok
test ledger::record::tests::the_byte_bound_holds_the_retained_outcome_ceiling_with_headroom ... ok
test render_cache::composite::tests::a_graph_without_holes_or_templates_needs_no_nonce ... ok
test render_cache::composite::tests::a_slot_failure_policy_never_prints_the_fallback_it_carries ... ok
test render_cache::composite::tests::a_two_level_cycle_and_a_self_reference_both_fail_as_cycle_not_depth ... ok
test render_cache::composite::tests::a_well_formed_graph_validates_and_needs_a_nonce ... ok
test render_cache::composite::tests::assembled_len_uses_the_named_nested_length_not_the_resolved_bodys_actual_length ... ok
test render_cache::composite::tests::a_slot_at_the_first_and_last_segment_places_island_bytes_at_the_edges ... ok
test render_cache::composite::tests::assemble_nested_fails_closed_on_a_version_or_a_length_mismatch ... ok
test render_cache::composite::tests::assembling_past_the_depth_bound_fails_closed ... ok
test render_cache::composite::tests::assembling_a_two_level_cycle_fails_closed ... ok
test render_cache::composite::tests::assemble_nested_rejects_an_over_bound_total_length_but_accepts_it_exactly_at_the_bound ... ok
test render_cache::composite::tests::fresh_nonces_match_the_grammar_and_differ ... ok
test render_cache::composite::tests::descend_nested_permits_exactly_three_levels_and_rejects_a_fourth ... ok
test render_cache::composite::tests::literal_lengths_must_partition_the_shell_exactly ... ok
test render_cache::composite::tests::island_identities_are_unique_across_slots_and_shell_islands ... ok
test render_cache::composite::tests::parsed_slots_expose_typed_identities ... ok
test render_cache::composite::tests::slot_indexes_must_each_appear_once_in_order_and_in_range ... ok
test render_cache::composite::tests::every_bound_is_enforced ... ok
test render_cache::composite::tests::surrounding_digest_at_the_first_segment_has_an_empty_before_window ... ok
test render_cache::composite::tests::surrounding_digest_at_the_last_segment_has_an_empty_after_window ... ok
test render_cache::composite::tests::surrounding_digest_of_adjacent_slots_never_reads_past_its_own_literal ... ok
test render_cache::composite::tests::assembly_is_deterministic_and_fills_every_hole ... ok
test render_cache::composite::tests::fallback_inserts_the_declared_fragment ... ok
test render_cache::composite::tests::outcome_count_and_kinds_must_match_the_declared_slots ... ok
test render_cache::composite::tests::the_composite_header_round_trips_through_json_and_keeps_entry_fields_readable ... ok
test render_cache::composite::tests::the_assembled_body_is_bounded ... ok
test render_cache::composite::tests::too_many_nonce_headers_is_invalid ... ok
test render_cache::composite::tests::the_assembled_body_may_be_exactly_at_the_bound_but_not_one_byte_over ... ok
test render_cache::composite::tests::too_many_segments_is_invalid ... ok
test render_cache::composite::tests::too_many_slots_is_invalid ... ok
test render_cache::composite::tests::verify_nested_distinguishes_version_and_length_mismatch ... ok
test render_cache::composite::tests::too_many_nested_segments_is_invalid ... ok
test render_cache::entry::tests::the_header_smuggling_bytes_are_still_refused ... ok
test render_cache::entry::tests::the_stored_value_rule_is_http_header_value_validity_byte_for_byte ... ok
test render_cache::hot::tests::a_write_past_the_end_fails_rather_than_truncating ... ok
test render_cache::hot::tests::the_public_and_private_shapes_are_exactly_what_is_documented ... ok
test render_cache::hot::tests::the_stack_formed_age_is_the_integer_conversion_byte_for_byte ... ok
test render_cache::hot::tests::the_stack_formed_cache_control_is_the_allocating_formatter_byte_for_byte ... ok
test render_cache::lease::tests::a_store_failure_during_admission_frees_the_local_lease ... ok
test render_cache::entry::tests::the_defined_kind_byte_is_still_accepted ... ok
test render_cache::composite::tests::the_nonce_is_required_exactly_when_the_graph_needs_one ... ok
test render_cache::entry::tests::a_kind_byte_the_format_does_not_define_is_refused_by_both_readers ... ok
test render_cache::lease::tests::a_store_clock_that_cannot_be_read_is_a_provider_failure ... ok
test render_cache::lease::tests::a_takeover_records_the_epoch_of_the_holder_that_took_the_key ... ok
test render_cache::lease::tests::an_expired_lease_is_taken_over_and_the_former_holder_mints_nothing ... ok
test resource::owner::tests::batch_pop_classifies_each_member_exactly_once ... ok
test render_cache::lease::tests::releasing_a_lease_someone_else_holds_changes_nothing ... ok
test resource::owner::tests::batch_rejection_and_predicate_removal_drop_values_after_unlock ... ok
test render_cache::lease::tests::leases_are_per_key ... ok
test render_cache::lease::tests::the_hand_back_on_a_failed_admission_is_propagated_and_not_discarded ... ok
test resource::owner::tests::predicate_removal_releases_exact_items_and_bytes ... ok
test resource::owner::tests::queue_dequeues_one_validated_contiguous_batch_under_one_lock ... ok
test resource::owner::tests::panicking_tail_decision_drops_unadmitted_value_after_unlock ... ok
test resource::owner::tests::tail_admission_is_linearized_with_competing_cloned_handle ... ok
test snapshot::schema::tests::recognized_composition_extension_is_canonicalized_once_on_its_own_path ... ok
test upload::provider::admission_tests::retirement_drains_a_recovery_admitted_before_the_barrier_closed ... ok
test async_updates::sequence_tests::canonical_round_trip_is_stable ... ok
test identity::signal_scope_tests::signal_name_acceptance_is_exactly_the_shared_ascii_grammar ... ok
test identity::signal_scope_tests::signal_scope_acceptance_is_exactly_the_shared_ascii_grammar ... ok
test async_updates::sequence_tests::production_entry_and_replay_limits_accept_exactly_1024_and_reject_1025 ... ok
test ledger::record::tests::decoding_arbitrary_bytes_reports_a_bound_or_a_shape_and_never_panics ... ok
test async_updates::sequence_tests::incomplete_replay_transcripts_never_adopt_or_clear_a_gap ... ok
test async_updates::sequence_tests::sequence_machine_never_applies_a_gap ... ok

test result: ok. 153 passed; 0 failed; 0 ignored; 0 measured; 0 filtered out; finished in 0.69s

     Running tests/action_dispatch.rs (/home/shawn/workspace2/scratchpads/suprnova-target/debug/deps/action_dispatch-5785259873c1bf91)

running 4 tests
test only_registered_actions_dispatch_and_sync_async_share_the_outcome_contract ... ok
test malformed_oversized_denied_and_panicking_actions_are_closed_and_redacted ... ok
test executor_hydrates_then_authorizes_validates_and_dispatches_before_rendering ... ok
test validation_failure_renders_issues_without_running_the_action_body ... ok

test result: ok. 4 passed; 0 failed; 0 ignored; 0 measured; 0 filtered out; finished in 0.00s

     Running tests/action_outcomes.rs (/home/shawn/workspace2/scratchpads/suprnova-target/debug/deps/action_outcomes-bfaa6a789397a9b5)

running 2 tests
test redirects_are_real_routes_and_conflicting_or_unregistered_output_is_rejected ... ok
test registered_events_effects_flash_and_url_intent_are_typed_and_bounded ... ok

test result: ok. 2 passed; 0 failed; 0 ignored; 0 measured; 0 filtered out; finished in 0.00s

     Running tests/async_authorization.rs (/home/shawn/workspace2/scratchpads/suprnova-target/debug/deps/async_authorization-d4fb488703e0e515)

running 26 tests
test fixed_global_or_repeated_credential_fails_issuance_conformance ... ok
test expired_descriptor_fails_before_current_policy_is_called ... ok
test issue_rejects_stream_absent_from_the_current_registry ... ok
test current_registry_stream_removal_revokes_descriptor_before_policy ... ok
test issue_uses_only_the_host_continuity_baseline ... ok
test fixed_global_provider_cannot_commit_an_atomic_successor_collision ... ok
test missing_current_host_subscription_capabilities_fail_closed ... ok
test authorization_denial_precedes_rotation_and_leaves_the_predecessor_valid ... ok
test connect_credential_is_consumed_atomically_after_one_use ... ok
test issued_credentials_are_mac_derived_and_unique_per_issuance ... ok
test independent_service_facades_share_atomic_rotation_authority ... ok
test connect_and_renew_recheck_current_authorization_and_rotate_credentials ... ok
test authorized_subscription_retains_the_exact_signed_descriptor_binding_across_rotation ... ok
test trusted_registration_calculates_a_representable_worst_case_claim_budget ... ok
test atomic_provider_failure_rolls_back_and_allows_one_later_rotation ... ok
test lost_rotation_response_requires_fresh_issuance_and_replay_fails_closed ... ok
test trusted_mount_parameters_are_the_only_topic_interpolation_source ... ok
test renewal_credential_is_consumed_atomically_after_one_use ... ok
test renewal_descriptor_failure_precedes_rotation_and_leaves_the_predecessor_valid ... ok
test same_name_component_contract_revision_revokes_connect_before_policy ... ok
test revocation_and_wrong_current_scope_fail_closed_before_renewal ... ok
test concurrent_service_facades_commit_exactly_one_rotation ... ok
test credentials_reject_cross_descriptor_cross_operation_and_expired_use ... ok
test principal_session_tenant_and_component_substitution_fail_before_policy ... ok
test validly_signed_event_contract_field_mutations_fail_current_registry_checks ... ok
test trusted_registration_rejects_cross_field_claim_budget_before_issuance ... ok

test result: ok. 26 passed; 0 failed; 0 ignored; 0 measured; 0 filtered out; finished in 0.01s

     Running tests/async_backpressure.rs (/home/shawn/workspace2/scratchpads/suprnova-target/debug/deps/async_backpressure-6171f5d8af80f9b1)

running 66 tests
test dispatcher_failure_releases_the_lease_without_advancing_sequence ... ok
test authenticated_sibling_removal_commits_a_proven_deferred_recovery_when_queue_empties ... ok
test aggregate_retirement_cancels_and_drains_exactly_once ... ok
test closed_pressure_stops_provider_and_authority_reads_and_starts_cleanup ... ok
test authoritative_refresh_revalidates_after_the_host_proposes_a_baseline ... ok
test admission_authorization_loss_retires_only_the_exact_internal_candidate ... ok
test degraded_lane_rejects_invalid_replay_before_host_authority_work ... ok
test dispatcher_receives_the_exact_trusted_fanout_proof ... ok
test dispatch_authorization_loss_retires_only_the_exact_internal_candidate ... ok
test complete_drains_once_while_error_and_heartbeat_remain_nonterminal ... ok
test document_owned_admission_dispatches_without_exposing_a_raw_lease ... ok
test authenticated_exact_retirement_discharges_only_that_memberships_pressure_obligation ... ok
test document_owned_authoritative_refresh_recovers_an_epoch_change ... ok
test empty_eof_is_pruned_when_the_same_pump_observes_a_sibling_source_failure ... ok
test duplicate_stale_and_gap_outcomes_remain_truthful_under_pressure ... ok
test final_authority_validation_follows_the_last_host_clock_callback_before_dispatch ... ok
test authoritative_refresh_rejects_reconstructed_clock_before_any_host_callback ... ok
test empty_eof_is_pruned_even_when_a_healthy_sibling_is_returned_in_the_same_pump ... ok
test healthy_lane_rejects_every_replay_before_host_authority_work ... ok
test final_authority_validation_follows_the_last_host_clock_callback_before_admission ... ok
test heartbeat_pressure_never_evicts_a_required_browser_event ... ok
test invalid_policy_and_document_bounds_fail_before_delivery ... ok
test empty_eof_prunes_terminal_drain_and_lane_before_exact_identity_reuse ... ok
test final_admission_rejects_expiry_revocation_and_retires_lost_membership ... ok
test maximum_sequence_boundary_uses_only_reachable_document_owned_outcomes ... ok
test one_document_fairly_dispatches_chatty_and_healthy_memberships ... ok
test middle_dispatch_failure_commits_only_the_successful_prefix ... ok
test one_membership_replay_cannot_clear_a_healthy_documents_other_degraded_lane ... ok
test maximum_replaceable_tail_absorbs_equal_and_lower_positions_without_degradation ... ok
test final_admission_rejects_target_drift_and_retires_lost_membership ... ok
test invalid_replay_without_a_recovery_obligation_is_a_typed_rejection ... ok
test ordered_overflow_never_drops_an_event_while_claiming_current ... ok
test low_cardinality_telemetry_tracks_pressure_without_identity_labels ... ok
test ordinary_replaceable_tail_cannot_split_an_admitted_replay_group ... ok
test partial_replay_dispatch_panic_retains_the_committed_prefix_and_releases_resources ... ok
test partial_replay_dispatch_failure_keeps_truthful_prefix_and_degraded_continuity ... ok
test payload_boundary_is_exact_and_distinct_from_envelope_bytes ... ok
test post_pop_revocation_is_rechecked_before_registered_dispatch ... ok
test redundant_replaceable_tail_does_not_create_a_false_pressure_loss ... ok
test provider_failure_purge_commits_only_a_proven_siblings_deferred_recovery ... ok
test queued_terminal_fences_exact_and_rotated_readmission_until_delivery ... ok
test recovery_idle_is_document_owned_when_two_documents_share_permits ... ok
test post_pop_expiry_removal_and_contract_drift_prevent_dispatch ... ok
test post_pop_target_binding_and_document_scope_drift_prevent_dispatch ... ok
test pressure_only_replay_failures_keep_effective_high_water_and_truthful_kind ... ok
test pulled_candidate_panics_record_exact_delivery_loss ... ok
test removing_one_membership_purges_only_its_queue_and_sequence_lane ... ok
test replay_closed_disposition_starts_once_only_cleanup_immediately ... ok
test replay_final_validation_follows_the_last_host_clock_callback_before_batch_commit ... ok
test replay_final_validation_is_all_or_nothing_when_authority_drifts_before_snapshot ... ok
test final_admission_rejects_contract_binding_and_retires_lost_membership ... ok
test replay_authority_loss_after_dequeue_retires_the_membership_without_dispatch ... ok
test replay_rejects_middle_or_final_complete_without_detaching_later_delivery ... ok
test replay_dispatch_revalidates_each_entry_immediately_before_its_dispatch ... ok
test same_name_signals_in_distinct_declared_scopes_never_coalesce ... ok
test source_failure_purges_undelivered_work_and_does_not_claim_current ... ok
test sibling_replay_cannot_clear_an_exact_ordered_overflow_cause ... ok
test terminal_final_admission_failure_releases_its_detached_drain_and_sequence_lane ... ok
test replay_aggregate_byte_boundary_is_exact_and_first_over_is_atomic ... ok
test replay_rejects_reconstructed_clock_before_any_host_callback ... ok
test trusted_fanout_is_enforced_before_queue_allocation ... ok
test unwinding_dispatcher_drops_the_lease_and_marks_continuity_degraded ... ok
test replay_rejects_foreign_detached_and_undeclared_input_before_callbacks ... ok
test global_outage_stays_aggregate_bounded_and_keeps_a_healthy_sibling_reachable ... ok
test unresolved_pressure_cause_storage_is_hard_bounded_across_membership_churn ... ok
test one_thousand_replaceable_refreshes_coalesce_inside_document_bounds ... ok

test result: ok. 66 passed; 0 failed; 0 ignored; 0 measured; 0 filtered out; finished in 0.09s

     Running tests/async_budget_contract.rs (/home/shawn/workspace2/scratchpads/suprnova-target/debug/deps/async_budget_contract-120a5f9cd7ac19db)

running 2 tests
test async_benchmark_is_on_demand_and_gate_never_blanket_denies_warnings ... ok
test server_owner_proves_exact_multiplexed_workload ... ok

test result: ok. 2 passed; 0 failed; 0 ignored; 0 measured; 0 filtered out; finished in 0.57s

     Running tests/async_envelope.rs (/home/shawn/workspace2/scratchpads/suprnova-target/debug/deps/async_envelope-8a1718f9ebc4d5f7)

running 2 tests
test public_async_envelope_surface_keeps_protocol_and_limits_available_without_raw_sequence_authority ... ok
test hostile_fuzz_profile_is_a_locked_small_allocation_boundary ... ok

test result: ok. 2 passed; 0 failed; 0 ignored; 0 measured; 0 filtered out; finished in 0.00s

     Running tests/async_metadata.rs (/home/shawn/workspace2/scratchpads/suprnova-target/debug/deps/async_metadata-89b3a6a2e84b887c)

running 14 tests
test component_authored_events_keep_explicit_safe_defaults ... ok
test event_target_contract_encodes_named_and_browser_scope_exactly ... ok
test component_rejects_duplicate_subscription_declarations ... ok
test component_rejects_unbounded_subscription_declarations ... ok
test exact_async_collection_maxima_are_accepted ... ok
test explicit_payload_contract_identity_is_component_digest_significant ... ok
test component_requires_every_subscription_event_to_be_a_registered_stream_event ... ok
test subscription_collections_reject_duplicate_and_unbounded_contracts ... ok
test component_subscription_input_order_does_not_change_the_digest ... ok
test event_targets_and_fanout_reject_duplicate_or_unbounded_contracts ... ok
test empty_async_collections_are_rejected ... ok
test subscription_events_are_independently_digest_significant ... ok
test event_target_scope_cycle_and_fanout_are_digest_significant ... ok
test subscription_declarations_are_sorted_typed_and_digest_significant ... ok

test result: ok. 14 passed; 0 failed; 0 ignored; 0 measured; 0 filtered out; finished in 0.00s

     Running tests/async_security.rs (/home/shawn/workspace2/scratchpads/suprnova-target/debug/deps/async_security-a0a6d58f16439250)

running 8 tests
test atomic_rotation_outcome_never_formats_the_successor_credential ... ok
test directive_interpolation_cannot_construct_topics_or_authorization_memos ... ok
test rejected_credential_input_is_zeroizing_before_bounded_validation ... ok
test descriptor_key_rotation_accepts_only_configured_overlapping_key_ids ... ok
test topic_segments_reject_traversal_empty_and_encoded_separators_at_exact_bounds ... ok
test descriptor_hkdf_purpose_is_separate_from_every_existing_authority ... ok
test trusted_mount_topic_parameters_are_redacted_from_debug ... ok
test transport_credential_has_only_an_authority_bearing_accessor_and_redacted_debug ... ok

test result: ok. 8 passed; 0 failed; 0 ignored; 0 measured; 0 filtered out; finished in 0.00s

     Running tests/async_subscription.rs (/home/shawn/workspace2/scratchpads/suprnova-target/debug/deps/async_subscription-a5d904a1df8581cd)

running 8 tests
test fallback_poll_and_reconnect_limits_are_hard_bounds ... ok
test bounded_canonical_claims_are_required_even_with_a_valid_mac ... ok
test descriptor_tampering_and_exclusive_expiry_fail_closed ... ok
test issued_descriptor_verifies_every_exact_claim_and_authoritative_baseline ... ok
test descriptor_envelope_accepts_the_exact_wire_budget_and_rejects_the_first_byte_over ... ok
test signed_non_stream_source_and_unknown_order_are_not_event_authority ... ok
test semantic_array_order_is_canonical_even_with_a_valid_mac ... ok
test every_security_significant_claim_and_event_field_is_signature_bound ... ok

test result: ok. 8 passed; 0 failed; 0 ignored; 0 measured; 0 filtered out; finished in 0.01s

     Running tests/async_transport_conformance.rs (/home/shawn/workspace2/scratchpads/suprnova-target/debug/deps/async_transport_conformance-975e402f4e706961)

running 41 tests
test document_authorization_scope_is_canonical_redacted_and_identity_exact ... ok
test canceled_post_subscribe_authorization_releases_the_opened_session_owner ... ok
test cancelled_document_close_retains_cleanup_authority_for_controlled_shutdown ... ok
test controlled_subscribe_release_between_state_check_and_registration_cannot_be_lost ... ok
test controlled_waiters_replace_stale_wakers_and_repeated_release_stays_idempotent ... ok
test controlled_read_and_close_pending_states_register_and_use_exact_wakers ... ok
test document_bounds_owned_pending_controls_without_borrowing_document_state ... ok
test document_transport_multiplexes_exact_logical_memberships_and_closes_once ... ok
test exact_descriptor_binding_controls_duplicate_remove_and_rotation_overlap_membership ... ok
test document_transport_rejects_cross_scope_and_misrouted_source_envelopes ... ok
test distinct_components_share_physical_scope_and_authority_observes_every_exact_fact ... ok
test membership_rejects_duplicate_limit_origin_descriptor_and_baseline_mismatch ... ok
test many_pending_retirements_remain_bounded_and_ready_membership_is_polled_fairly ... ok
test logical_session_delivers_a_complete_ordered_replay_from_the_signed_baseline ... ok
test membership_revalidates_after_subscribe_and_disposes_revoked_session_once ... ok
test pending_admission_leaves_document_progress_available_and_stale_commit_cleans_up ... ok
test pending_authority_leaves_document_delivery_and_other_controls_available ... ok
test membership_requires_unexpired_descriptor_and_exact_descriptor_on_remove ... ok
test pending_slow_membership_cannot_stall_another_ready_logical_session ... ok
test ready_control_is_bound_to_the_exact_document_owner_not_a_matching_tuple ... ok
test multiplexing_preserves_independent_task_three_duplicate_and_gap_authority ... ok
test permanent_close_error_is_observable_without_monopolizing_healthy_delivery ... ok
test task_four_transport_surface_is_present ... ok
test removal_detaches_immediately_and_shutdown_retries_partial_cleanup_truthfully ... ok
test membership_rechecks_expiry_revocation_and_scope_before_source_work ... ok
test wake_gate_release_between_state_check_and_registration_cannot_be_lost ... ok
test sse_encodes_canonical_envelopes_heartbeats_headers_and_same_origin_control ... ok
test retained_duplicate_request_reauthorizes_before_membership_classification ... ok
test terminal_completion_detaches_before_delivery_and_pending_cleanup_cannot_stall_a_sibling ... ok
test websocket_origin_policy_normalizes_exact_origins_and_runs_authentication_second ... ok
test registered_modes_are_authority_and_external_remove_rechecks_policy ... ok
test membership_revalidates_expiry_and_registration_mode_after_subscribe_wait ... ok
test transport_reports_authorization_loss_and_unknown_removal_without_leaking_scope ... ok
test sse_and_websocket_share_exact_ordered_envelope_semantics ... ok
test websocket_decode_is_state_blind_and_unauthorized_removal_never_gets_membership_oracle ... ok
test websocket_codec_round_trips_envelopes_and_rejects_hostile_frames_and_membership ... ok
test retiring_membership_fences_exact_id_binding_and_capacity_until_woken_cleanup ... ok
test websocket_membership_acknowledgment_requires_the_exact_committed_request ... ok
test physical_document_scope_allows_heterogeneous_components_but_rejects_identity_drift ... ok
test full_shared_conformance_runs_through_both_real_adapter_paths ... ok
test arbitrary_origin_and_websocket_control_bytes_remain_closed_and_bounded ... ok

test result: ok. 41 passed; 0 failed; 0 ignored; 0 measured; 0 filtered out; finished in 0.15s

     Running tests/benchmark_contract.rs (/home/shawn/workspace2/scratchpads/suprnova-target/debug/deps/benchmark_contract-bbb4349a12cc5556)

running 6 tests
test action_framework_result_covers_the_a8_16_pipeline_under_two_milliseconds ... ok
test macro_expansion_evidence_is_fixed_and_does_not_grow_superlinearly ... ok
test render_cache_budget_result_holds_the_c64_allocation_and_copy_bounds ... ok
test named_a8_16_fixture_and_result_stay_inside_iteration_001_budgets ... ok
test render_cache_workloads_result_reports_every_workload_with_its_correctness_conditions ... ok
test the_render_cache_budget_is_an_on_demand_tool_and_never_a_gate_step ... ok

test result: ok. 6 passed; 0 failed; 0 ignored; 0 measured; 0 filtered out; finished in 0.00s

     Running tests/binding_metadata.rs (/home/shawn/workspace2/scratchpads/suprnova-target/debug/deps/binding_metadata-b824ddffe2bf7621)

running 8 tests
test debounce_is_limited_to_the_grammar_durations ... ok
test component_metadata_requires_registered_model_and_session_contracts ... ok
test component_metadata_rejects_duplicate_url_query_keys ... ok
test timing_policies_are_closed_and_debounce_is_bounded ... ok
test url_metadata_rejects_sensitive_categories_complex_values_and_duplicate_keys ... ok
test url_bindings_are_scalar_typed_and_preserve_navigation_semantics ... ok
test session_state_uses_registered_metadata_and_redacted_bounded_intents ... ok
test model_and_url_metadata_are_part_of_the_component_contract_digest ... ok

test result: ok. 8 passed; 0 failed; 0 ignored; 0 measured; 0 filtered out; finished in 0.00s

     Running tests/browser_contract_properties.rs (/home/shawn/workspace2/scratchpads/suprnova-target/debug/deps/browser_contract_properties-0b9ddf9accf130a5)

running 3 tests
test shared_directive_lookup_accepts_only_an_exact_reviewed_name ... ok
test arbitrary_directive_fragments_have_bounded_redacted_checker_results ... ok
test browser_metadata_inputs_are_bounded_and_snapshot_debug_is_redacted ... ok

test result: ok. 3 passed; 0 failed; 0 ignored; 0 measured; 0 filtered out; finished in 4.53s

     Running tests/browser_render_context.rs (/home/shawn/workspace2/scratchpads/suprnova-target/debug/deps/browser_render_context-e270701fac731ea6)

running 2 tests
test v1_and_v2_document_keys_become_typed_inert_render_context ... ok
test missing_malformed_and_cross_island_document_keys_fail_closed ... ok

test result: ok. 2 passed; 0 failed; 0 ignored; 0 measured; 0 filtered out; finished in 0.00s

     Running tests/canonical_contract.rs (/home/shawn/workspace2/scratchpads/suprnova-target/debug/deps/canonical_contract-4fb8f08489ab9214)

running 10 tests
test canonical_value_never_accepts_non_finite_programmatic_numbers ... ok
test canonicalizes_object_order_numbers_and_negative_zero ... ok
test canonicalization_is_stable_across_a_round_trip ... ok
test programmatic_values_are_bounded_before_serialization ... ok
test identifier_types_enforce_grammar_and_binary_strength ... ok
test follows_the_rfc_8785_utf16_property_order_vector ... ok
test rejects_input_before_parsing_when_byte_limit_is_exceeded ... ok
test rejects_duplicate_object_keys ... ok
test rejects_nesting_collection_and_string_limits ... ok
test rejects_non_interoperable_numbers_malformed_utf8_and_trailing_data ... ok

test result: ok. 10 passed; 0 failed; 0 ignored; 0 measured; 0 filtered out; finished in 0.00s

     Running tests/canonical_properties.rs (/home/shawn/workspace2/scratchpads/suprnova-target/debug/deps/canonical_properties-5adb3e5e8c96c2d5)

running 1 test
test supported_values_round_trip_and_recanonicalize_identically ... ok

test result: ok. 1 passed; 0 failed; 0 ignored; 0 measured; 0 filtered out; finished in 0.02s

     Running tests/checker_negative.rs (/home/shawn/workspace2/scratchpads/suprnova-target/debug/deps/checker_negative-a31cd03a446b83ac)

running 15 tests
test a_call_to_a_macro_the_catalog_cannot_resolve_stays_unproved ... ok
test iteration_004_progress_rejects_endpoint_values ... ok
test freshness_combinations_are_enforced_across_the_whole_island ... ok
test iteration_003_directive_failures_are_closed_and_source_oriented ... ok
test a_macro_call_is_checked_as_the_markup_it_expands_to ... ok
test every_conflicting_v4_freshness_combination_is_rejected_by_the_real_checker ... ok
test iteration_004_modifier_groups_fail_closed ... ok
test iteration_004_roles_modifiers_and_conflicts_fail_closed ... ok
test morph_controls_require_stable_identity_safe_modes_and_owned_structure ... ok
test iteration_004_upload_model_conflicts_are_island_wide ... ok
test iteration_003_signal_integers_match_the_browser_safe_range ... ok
test iteration_004_stream_event_signal_and_capability_metadata_fail_closed ... ok
test askama_and_html_structure_are_checked_on_every_branch ... ok
test iteration_004_upload_shape_metadata_ownership_and_accessibility_fail_closed ... ok
test directive_metadata_and_nested_ownership_fail_closed ... ok

test result: ok. 15 passed; 0 failed; 0 ignored; 0 measured; 0 filtered out; finished in 0.01s

     Running tests/checker_positive.rs (/home/shawn/workspace2/scratchpads/suprnova-target/debug/deps/checker_positive-682750b89b638d44)

running 15 tests
test iteration_four_directives_have_closed_capability_contracts ... ok
test iteration_004_directives_are_generated_from_the_reviewed_fixture ... ok
test iteration_003_signal_safe_integer_boundary_is_statically_proved ... ok
test freshness_combinations_are_isolated_per_nested_island_instance ... ok
test iteration_four_directive_roles_and_modifiers_are_statically_proved ... ok
test includes_and_inheritance_are_resolved_through_the_bounded_catalog ... ok
test checked_upload_and_stream_markup_is_proved_on_every_static_askama_branch ... ok
test iteration_004_upload_model_exclusivity_respects_fields_islands_and_static_branches ... ok
test every_iteration_003_directive_is_statically_proved ... ok
test registered_directives_nested_ownership_and_compatible_branches_are_proved ... ok
test signal_names_use_the_canonical_byte_grammar_without_narrowing_class_keys ... ok
test conditions_decided_by_literal_macro_arguments_are_not_branches ... ok
test macro_calls_are_expanded_with_their_literal_arguments ... ok
test every_legal_v4_freshness_combination_is_proved_by_the_real_checker ... ok
test every_iteration_four_modifier_and_role_has_a_static_positive_case ... ok

test result: ok. 15 passed; 0 failed; 0 ignored; 0 measured; 0 filtered out; finished in 0.01s

     Running tests/checker_regressions.rs (/home/shawn/workspace2/scratchpads/suprnova-target/debug/deps/checker_regressions-2ba4a06e1292f83a)

running 18 tests
test diagnostics_have_stable_machine_codes_and_source_locations_without_raw_values ... ok
test dynamic_upload_attribute_structure_is_explicitly_unproved_never_statically_proved ... ok
test expanded_includes_and_inherited_blocks_remain_bounded_and_structural ... ok
test a_feedback_directive_targets_a_model_field_or_an_action ... ok
test checker_proof_checks_caller_content ... ok
test live_033_a_digest_key_is_measured_at_its_rendered_length ... ok
test checker_proof_covers_the_view_after_an_empty_call_block ... ok
test dynamic_iteration_004_directive_values_are_explicitly_unproved ... ok
test live_033_a_literal_key_outside_the_runtime_alphabet_is_refused ... ok
test live_key_alone_names_a_keyed_scope_and_a_duplicate_is_refused ... ok
test missing_view_include_and_parent_have_distinct_stable_diagnostics ... ok
test live_error_target_is_a_declared_field_or_action ... ok
test live_034_element_ids_follow_the_runtime_rule ... ok
test live_036_a_name_a_loop_binds_shadows_the_macro_argument ... ok
test every_checker_resource_dimension_is_hard_bounded ... ok
test submit_form_proposals_are_bounded_by_one_request ... ok
test form_009_control_state_rendered_from_the_island_does_not_multiply_branch_states ... ok
test arbitrary_bounded_utf8_never_panics_or_exposes_unbounded_diagnostics ... ok

test result: ok. 18 passed; 0 failed; 0 ignored; 0 measured; 0 filtered out; finished in 0.14s

     Running tests/child_parameter_envelope.rs (/home/shawn/workspace2/scratchpads/suprnova-target/debug/deps/child_parameter_envelope-b5de4c7b183adf35)

running 2 tests
test a_rendered_draft_is_not_publishable_for_a_different_accepted_parent ... ok
test accepted_parent_outcome_publishes_one_typed_child_parameter_capability ... ok

test result: ok. 2 passed; 0 failed; 0 ignored; 0 measured; 0 filtered out; finished in 0.00s

     Running tests/child_parameter_properties.rs (/home/shawn/workspace2/scratchpads/suprnova-target/debug/deps/child_parameter_properties-a36d83614da538c6)

running 2 tests
test arbitrary_bounded_bytes_never_panic_or_expose_parameters ... ok
test canonical_child_capabilities_round_trip_deterministically ... ok

test result: ok. 2 passed; 0 failed; 0 ignored; 0 measured; 0 filtered out; finished in 0.07s

     Running tests/child_parameter_support.rs (/home/shawn/workspace2/scratchpads/suprnova-target/debug/deps/child_parameter_support-13786258b0f8c5c8)

running 0 tests

test result: ok. 0 passed; 0 failed; 0 ignored; 0 measured; 0 filtered out; finished in 0.00s

     Running tests/child_parameter_tampering.rs (/home/shawn/workspace2/scratchpads/suprnova-target/debug/deps/child_parameter_tampering-942c508159dbbdb0)

running 4 tests
test wrong_purpose_key_id_and_root_material_all_fail_before_values_are_exposed ... ok
test issue_expiry_and_canonical_input_are_strictly_bounded ... ok
test parameter_schema_and_value_hashes_are_independently_enforced ... ok
test parent_scope_instance_revision_and_child_bindings_cannot_cross ... ok

test result: ok. 4 passed; 0 failed; 0 ignored; 0 measured; 0 filtered out; finished in 0.00s

     Running tests/child_parameter_v2.rs (/home/shawn/workspace2/scratchpads/suprnova-target/debug/deps/child_parameter_v2-97cc9c604b9046ff)

running 7 tests
test v2_envelope_binds_the_exact_child_instance_without_reinterpreting_v1 ... ok
test eligible_v2_capability_runs_the_registered_child_lifecycle_once ... ok
test accepted_later_parent_revision_invalidates_the_same_signed_v2_envelope ... ok
test missing_or_failing_ledger_authority_fails_closed_with_provider_cause ... ok
test server_eligibility_requires_signed_lineage_and_current_ledger_authority ... ok
test v2_verification_rejects_v1_and_every_foreign_exact_binding ... ok
test eligibility_rejects_foreign_parent_or_signed_child_lineage ... ok

test result: ok. 7 passed; 0 failed; 0 ignored; 0 measured; 0 filtered out; finished in 0.01s

     Running tests/compatibility.rs (/home/shawn/workspace2/scratchpads/suprnova-target/debug/deps/compatibility-921af4e915a69b2c)

running 1 test
test v1_triplet_is_supported_and_breaking_versions_request_one_refresh ... ok

test result: ok. 1 passed; 0 failed; 0 ignored; 0 measured; 0 filtered out; finished in 0.00s

     Running tests/component_harness.rs (/home/shawn/workspace2/scratchpads/suprnova-target/debug/deps/component_harness-6c33e289e9666303)

running 4 tests
test harness_services_control_every_host_dependency_without_raw_authority ... ok
test transaction_commit_failure_consumes_the_claim_and_retry_never_reinvokes ... ok
test registered_events_effects_redirects_and_current_authorization_are_typed ... ok
test harness_mounts_and_advances_a_real_component_snapshot_without_a_framework_adapter ... ok

test result: ok. 4 passed; 0 failed; 0 ignored; 0 measured; 0 filtered out; finished in 0.01s

     Running tests/component_support.rs (/home/shawn/workspace2/scratchpads/suprnova-target/debug/deps/component_support-cf47cbdb5b5eddfd)

running 0 tests

test result: ok. 0 passed; 0 failed; 0 ignored; 0 measured; 0 filtered out; finished in 0.00s

     Running tests/composition.rs (/home/shawn/workspace2/scratchpads/suprnova-target/debug/deps/composition-9a3ae931f901006b)

running 4 tests
test duplicate_capacity_pending_and_circular_composition_are_hard_bounded ... ok
test typed_parameters_and_stable_keys_fail_before_a_child_transition_exists ... ok
test pending_parameter_capacity_and_child_failure_recovery_never_roll_back_the_parent ... ok
test child_reconciliation_preserves_ownership_and_classifies_every_survivor_state ... ok

test result: ok. 4 passed; 0 failed; 0 ignored; 0 measured; 0 filtered out; finished in 0.00s

     Running tests/crypto_contract.rs (/home/shawn/workspace2/scratchpads/suprnova-target/debug/deps/crypto_contract-17d786a63e91e9b0)

running 6 tests
test key_windows_unknown_ids_and_malformed_signatures_are_classified ... ok
test weak_roots_invalid_windows_and_duplicate_ids_are_rejected ... ok
test signs_with_the_active_key_and_verifies_in_constant_time_api ... ok
test seed_and_instance_purposes_cannot_be_substituted ... ok
test tampered_body_and_wrong_root_key_fail_closed ... ok
test rotation_overlap_verifies_old_keys_but_signs_only_with_current_key ... ok

test result: ok. 6 passed; 0 failed; 0 ignored; 0 measured; 0 filtered out; finished in 0.00s

     Running tests/crypto_rfc_vectors.rs (/home/shawn/workspace2/scratchpads/suprnova-target/debug/deps/crypto_rfc_vectors-a44c5140c2fdd8a6)

running 2 tests
test rfc_4231_hmac_sha256_case_one ... ok
test rfc_5869_sha256_case_one ... ok

test result: ok. 2 passed; 0 failed; 0 ignored; 0 measured; 0 filtered out; finished in 0.00s

     Running tests/document_render.rs (/home/shawn/workspace2/scratchpads/suprnova-target/debug/deps/document_render-eba03b939684acad)

running 5 tests
test incomplete_html_never_becomes_a_successful_canonical_document ... ok
test html_inspection_does_not_treat_raw_text_as_mount_markup ... ok
test document_metadata_rejects_cookie_authority_and_unmatched_mounts ... ok
test document_render_owns_typed_status_headers_cache_and_mount_metadata ... ok
test canonical_conformance_exposes_get_suppresses_head_and_honors_validator ... ok

test result: ok. 5 passed; 0 failed; 0 ignored; 0 measured; 0 filtered out; finished in 0.00s

     Running tests/endpoint_contract.rs (/home/shawn/workspace2/scratchpads/suprnova-target/debug/deps/endpoint_contract-365a83861c52bdab)

running 6 tests
test media_type_is_exact_and_versioned ... ok
test normalization_failures_receive_closed_empty_http_responses ... ok
test bounded_engine_inspection_returns_only_catalog_selection_facts ... ok
test nonaccepted_response_is_canonical_complete_and_security_bounded ... ok
test complete_response_bytes_are_bounded_before_http_success_exists ... ok
test unsealed_accepted_kernel_bytes_are_rejected ... ok

test result: ok. 6 passed; 0 failed; 0 ignored; 0 measured; 0 filtered out; finished in 0.00s

     Running tests/endpoint_duplicates.rs (/home/shawn/workspace2/scratchpads/suprnova-target/debug/deps/endpoint_duplicates-3aaf007ca250b8d7)

running 4 tests
test duplicate_without_retained_body_is_refresh_required ... ok
test authorization_concealment_never_returns_kernel_body_or_media_metadata ... ok
test accepted_outcome_requires_engine_sealed_response_capability ... ok
test every_closed_kernel_outcome_has_one_http_mapping ... ok

test result: ok. 4 passed; 0 failed; 0 ignored; 0 measured; 0 filtered out; finished in 0.01s

     Running tests/endpoint_failures.rs (/home/shawn/workspace2/scratchpads/suprnova-target/debug/deps/endpoint_failures-bae7e2c5fc1cd6bc)

running 6 tests
test missing_context_and_cache_attempts_never_become_endpoint_requests ... ok
test transport_and_trusted_context_fail_before_kernel_dispatch ... ok
test context_is_rechecked_after_kernel_completion_before_output_publication ... ok
test expired_media_mismatched_and_catalog_drifted_requests_never_dispatch ... ok
test malformed_batches_and_snapshot_binding_mismatches_are_refresh_safe ... ok
test correctly_signed_route_slot_scope_and_revision_mismatches_fail_closed ... ok

test result: ok. 6 passed; 0 failed; 0 ignored; 0 measured; 0 filtered out; finished in 0.01s

     Running tests/endpoint_navigation_target.rs (/home/shawn/workspace2/scratchpads/suprnova-target/debug/deps/endpoint_navigation_target-af3100d9107bd320)

running 2 tests
test safe_navigation_targets_are_root_relative_and_bounded ... ok
test unsafe_navigation_targets_match_browser_rejection_contract ... ok

test result: ok. 2 passed; 0 failed; 0 ignored; 0 measured; 0 filtered out; finished in 0.00s

     Running tests/error_redaction.rs (/home/shawn/workspace2/scratchpads/suprnova-target/debug/deps/error_redaction-b267da462d0d1920)

running 2 tests
test stable_error_fields_use_snake_case_machine_values ... ok
test production_formatting_exposes_only_closed_safe_fields ... ok

test result: ok. 2 passed; 0 failed; 0 ignored; 0 measured; 0 filtered out; finished in 0.00s

     Running tests/execution_concurrency.rs (/home/shawn/workspace2/scratchpads/suprnova-target/debug/deps/execution_concurrency-1293ea9e14db5f1b)

running 1 test
test concurrent_duplicates_accept_one_outcome_and_never_reinvoke_without_bytes ... ok

test result: ok. 1 passed; 0 failed; 0 ignored; 0 measured; 0 filtered out; finished in 0.00s

     Running tests/execution_fault_matrix.rs (/home/shawn/workspace2/scratchpads/suprnova-target/debug/deps/execution_fault_matrix-708d33572426a31a)

running 9 tests
test foreign_request_sealer_fails_before_host_or_ledger_acceptance ... ok
test child_delivery_response_sealing_failure_rolls_back_before_acceptance ... ok
test cancellation_after_physical_host_commit_before_ack_fences_base_revision ... ok
test semantic_request_sealer_swap_fails_before_host_or_ledger_acceptance ... ok
test cancellation_before_host_commit_attempt_releases_rollbackable_claim_for_retry ... ok
test ledger_failure_after_host_commit_fences_base_revision_from_replay ... ok
test cancellation_after_host_commit_fences_base_revision_from_replay ... ok
test accepted_parent_builds_one_changed_child_delivery_before_commit ... ok
test every_locked_boundary_has_exact_recovery_and_durability_semantics ... ok

test result: ok. 9 passed; 0 failed; 0 ignored; 0 measured; 0 filtered out; finished in 0.03s

     Running tests/execution_order.rs (/home/shawn/workspace2/scratchpads/suprnova-target/debug/deps/execution_order-4967cae0593cb889)

running 2 tests
test required_transaction_begins_after_validation_and_remains_uncommitted ... ok
test action_phases_are_exact_and_no_transaction_policy_never_fabricates_one ... ok

test result: ok. 2 passed; 0 failed; 0 ignored; 0 measured; 0 filtered out; finished in 0.00s

     Running tests/fuzz_regressions.rs (/home/shawn/workspace2/scratchpads/suprnova-target/debug/deps/fuzz_regressions-6b100a5848551957)

running 2 tests
test persisted_malformed_inputs_are_rejected_without_panicking ... ok
test every_single_byte_signed_seed_mutation_is_rejected ... ok

test result: ok. 2 passed; 0 failed; 0 ignored; 0 measured; 0 filtered out; finished in 0.04s

     Running tests/golden_fixtures.rs (/home/shawn/workspace2/scratchpads/suprnova-target/debug/deps/golden_fixtures-fb345e2e9ee7907e)

running 12 tests
test canonical_fixtures_have_no_unconsumed_case_kind ... ok
test version_four_is_an_independent_capability_fixture_set ... ok
test v1_protocol_success_bytes_are_already_canonical_and_stable ... ok
test version_four_idempotent_upload_retries_are_self_contained ... ok
test fixture_manifest_is_complete_and_hashable ... ok
test version_four_encoded_cases_are_canonical_and_within_exact_limits ... ok
test version_four_case_ids_and_hard_bounds_are_closed ... ok
test protocol_fixtures_are_exhaustively_accepted_or_rejected ... ok
test descriptor_fixtures_prove_snake_case_naming_and_the_schema_version_gate ... ok
test version_four_protocols_and_promoted_directives_are_consistent ... ok
test snapshot_fixtures_match_rust_verification_and_failure_classes ... ok
test ordering_and_compatibility_fixtures_enumerate_every_case ... ok

test result: ok. 12 passed; 0 failed; 0 ignored; 0 measured; 0 filtered out; finished in 0.00s

     Running tests/hostile_adapter.rs (/home/shawn/workspace2/scratchpads/suprnova-target/debug/deps/hostile_adapter-acf52d573f3d434e)

running 5 tests
test kernel_failures_and_debug_output_are_redacted ... ok
test committed_snapshot_must_be_the_immediate_successor_revision ... ok
test hostile_kernel_cannot_smuggle_external_redirect_or_partial_protocol_bytes ... ok
test successor_snapshot_must_verify_and_match_the_response_revision ... ok
test response_class_version_and_correlation_cannot_disagree ... ok

test result: ok. 5 passed; 0 failed; 0 ignored; 0 measured; 0 filtered out; finished in 0.01s

     Running tests/idempotency_digest.rs (/home/shawn/workspace2/scratchpads/suprnova-target/debug/deps/idempotency_digest-8fa70dd5411faa40)

running 4 tests
test correlation_whitespace_and_object_key_presentation_do_not_change_meaning ... ok
test ordered_operations_are_digest_significant ... ok
test every_semantic_authority_proposal_operation_argument_and_extension_changes_the_digest ... ok
test v2_child_carrier_is_idempotency_significant_and_exact_replay_remains_accepted ... ok

test result: ok. 4 passed; 0 failed; 0 ignored; 0 measured; 0 filtered out; finished in 0.00s

     Running tests/initial_mount.rs (/home/shawn/workspace2/scratchpads/suprnova-target/debug/deps/initial_mount-5344338d780190f6)

running 3 tests
test private_mount_signs_complete_state_then_creates_authority_and_publishes_one_wrapper ... ok
test no_publishable_output_exists_while_ledger_authority_is_blocked ... ok
test instance_collision_repeats_effect_free_mount_under_a_fresh_identity ... ok

test result: ok. 3 passed; 0 failed; 0 ignored; 0 measured; 0 filtered out; finished in 0.00s

     Running tests/initial_mount_failures.rs (/home/shawn/workspace2/scratchpads/suprnova-target/debug/deps/initial_mount_failures-5c97983524a0a064)

running 9 tests
test inert_flag_collection_is_hard_bounded_before_service_allocation ... ok
test snapshot_and_clock_failures_never_reach_instance_authority ... ok
test expired_context_and_executable_mount_metadata_fail_before_publication ... ok
test duplicate_document_identity_is_rejected_before_second_component_construction ... ok
test oversized_inert_metadata_and_ledger_capacity_fail_without_output ... ok
test host_authority_expiring_during_render_is_rechecked_before_ledger_creation ... ok
test document_mount_capacity_is_enforced_before_component_construction ... ok
test mount_flag_values_are_escaped_and_never_become_executable_attributes ... ok
test collision_retry_is_hard_bounded_and_never_reuses_prepared_output ... ok

test result: ok. 9 passed; 0 failed; 0 ignored; 0 measured; 0 filtered out; finished in 0.00s

     Running tests/integrated_workspace.rs (/home/shawn/workspace2/scratchpads/suprnova-target/debug/deps/integrated_workspace-a2c572b27049989c)

running 1 test
test live_packages_share_the_suprnova_workspace_without_a_framework_cycle ... ok

test result: ok. 1 passed; 0 failed; 0 ignored; 0 measured; 0 filtered out; finished in 0.02s

     Running tests/island_render.rs (/home/shawn/workspace2/scratchpads/suprnova-target/debug/deps/island_render-bc0a44284af4ac78)

running 6 tests
test raw_component_fragments_are_bounded_before_engine_wrapper_allocation ... ok
test component_templates_render_checked_fragments_before_engine_root_assembly ... ok
test executable_elements_cannot_be_used_as_mount_boundaries ... ok
test island_result_has_markup_assets_and_children_but_no_response_authority ... ok
test declarative_live_and_stimulus_attributes_pass_through_as_html ... ok
test multiple_island_roots_fail_deterministically ... ok

test result: ok. 6 passed; 0 failed; 0 ignored; 0 measured; 0 filtered out; finished in 0.00s

     Running tests/iteration_004_adversarial.rs (/home/shawn/workspace2/scratchpads/suprnova-target/debug/deps/iteration_004_adversarial-5115f1f0b95aad16)

running 6 tests
test malformed_media_headers_have_one_bounded_fail_closed_disposition ... ok
test duplicate_completion_cancel_finalize_and_expire_finalize_are_monotonic ... ok
test websocket_origin_matrix_rejects_before_authority_and_cross_site_cookie_use ... ok
test cancel_and_expire_race_finalize_under_deterministic_barriers ... ok
test forged_and_cross_scope_upload_authority_is_typed_bounded_and_redacted ... ok
test oversized_truncated_and_fragmented_messages_are_typed_and_bounded ... ok

test result: ok. 6 passed; 0 failed; 0 ignored; 0 measured; 0 filtered out; finished in 0.00s

     Running tests/iteration_004_conformance.rs (/home/shawn/workspace2/scratchpads/suprnova-target/debug/deps/iteration_004_conformance-b9dbe1b2a74f633e)

running 3 tests
test wrong_fixture_expected_fails_even_when_rust_and_typescript_agree ... ok
test every_v4_case_has_identical_rust_and_typescript_canonical_outcomes ... ok
test typescript_conformance_runner_is_a_plain_supported_node_bundle ... ok

test result: ok. 3 passed; 0 failed; 0 ignored; 0 measured; 0 filtered out; finished in 0.04s

     Running tests/iteration_004_exhaustion.rs (/home/shawn/workspace2/scratchpads/suprnova-target/debug/deps/iteration_004_exhaustion-e1e348dc77acd6be)

running 2 tests
test queue_and_permit_exhaustion_preserve_exact_bounds_and_sibling_liveness ... ok
test upload_exhaustion_is_exactly_scoped_and_leaves_other_live_work_usable ... ok

test result: ok. 2 passed; 0 failed; 0 ignored; 0 measured; 0 filtered out; finished in 0.00s

     Running tests/lazy_components.rs (/home/shawn/workspace2/scratchpads/suprnova-target/debug/deps/lazy_components-f1f5a817a15ecd69)

running 2 tests
test deferred_lazy_mounts_expose_semantic_ssr_state_and_only_typed_completion_intent ... ok
test params_changed_and_lazy_complete_are_registered_child_local_lifecycle_operations ... ok

test result: ok. 2 passed; 0 failed; 0 ignored; 0 measured; 0 filtered out; finished in 0.00s

     Running tests/ledger_claims.rs (/home/shawn/workspace2/scratchpads/suprnova-target/debug/deps/ledger_claims-b6264ad045ff3e8e)

running 8 tests
test ledger_limits_reject_zero_and_unbounded_configurations ... ok
test exact_promotion_retry_recovers_authority_but_changed_input_conflicts ... ok
test opaque_claim_tokens_are_bound_to_the_provider_that_issued_them ... ok
test accepted_revision_changes_only_when_a_pending_claim_commits ... ok
test accepted_revision_read_is_exact_and_terminal_or_expired_authority_is_absent ... ok
test stale_bases_and_mismatched_idempotency_never_join_pending_or_accepted_work ... ok
test claim_advances_monotonically_and_exact_duplicates_observe_one_outcome ... ok
test accepted_history_and_provider_inspection_are_bounded_metadata_only ... ok

test result: ok. 8 passed; 0 failed; 0 ignored; 0 measured; 0 filtered out; finished in 0.00s

     Running tests/ledger_concurrency.rs (/home/shawn/workspace2/scratchpads/suprnova-target/debug/deps/ledger_concurrency-70ca9cc9d0c6543c)

running 2 tests
test simultaneous_claims_for_one_base_revision_grant_exactly_one_token ... ok
test repeated_claim_races_preserve_the_single_grant_invariant ... ok

test result: ok. 2 passed; 0 failed; 0 ignored; 0 measured; 0 filtered out; finished in 0.02s

     Running tests/ledger_distributed.rs (/home/shawn/workspace2/scratchpads/suprnova-target/debug/deps/ledger_distributed-cabbf7583d4828a5)

running 14 tests
test a_record_evicted_from_the_store_is_no_authority_on_either_node ... ok
test a_promotion_conflicts_when_nothing_explains_the_held_identity ... ok
test a_claim_token_from_one_node_is_never_accepted_by_the_other ... ok
test a_second_node_claiming_one_base_revision_joins_rather_than_grants ... ok
test a_commit_on_one_node_is_the_accepted_revision_on_the_other ... ok
test a_released_claim_crosses_nodes_once_the_queue_drains ... ok
test an_instance_one_node_mounts_is_current_authority_on_the_other ... ok
test a_fenced_claim_never_restores_base_revision_authority_on_either_node ... ok
test an_elapsed_instance_is_distinguishable_from_one_that_never_existed ... ok
test one_retry_identity_yields_one_authority_across_nodes ... ok
test flush_cleanup_applies_a_queued_release_without_another_operation ... ok
test the_two_node_conformance_suite_passes_over_one_store ... ok
test the_conformance_suite_passes_over_the_tier_zero_ledger ... ok
test the_conformance_suite_passes_over_the_distributed_kernel ... ok

test result: ok. 14 passed; 0 failed; 0 ignored; 0 measured; 0 filtered out; finished in 0.01s

     Running tests/ledger_expiry.rs (/home/shawn/workspace2/scratchpads/suprnova-target/debug/deps/ledger_expiry-176a61eb9312f5a5)

running 5 tests
test missing_and_expired_instances_require_fresh_rendering ... ok
test expired_claim_lease_becomes_terminal_and_cannot_be_reclaimed ... ok
test abandoned_claim_consumes_authority_without_rolling_revision_back ... ok
test dropped_execution_claim_releases_authority_for_an_exact_retry ... ok
test requested_retry_key_expires_even_behind_the_global_cleanup_budget ... ok

test result: ok. 5 passed; 0 failed; 0 ignored; 0 measured; 0 filtered out; finished in 0.00s

     Running tests/ledger_mounts.rs (/home/shawn/workspace2/scratchpads/suprnova-target/debug/deps/ledger_mounts-2fd9b0a2ebfce03d)

running 3 tests
test private_mount_creates_revision_authority_without_a_promotion_reservation ... ok
test private_mount_is_create_only_and_never_recovers_an_exact_retry ... ok
test private_mount_rejects_elapsed_expiry_and_capacity_without_partial_authority ... ok

test result: ok. 3 passed; 0 failed; 0 ignored; 0 measured; 0 filtered out; finished in 0.00s

     Running tests/ledger_record.rs (/home/shawn/workspace2/scratchpads/suprnova-target/debug/deps/ledger_record-b1a916f195d0955f)

running 1 test
test the_record_frame_is_versioned_and_bounded ... ok

test result: ok. 1 passed; 0 failed; 0 ignored; 0 measured; 0 filtered out; finished in 0.00s

     Running tests/ledger_support.rs (/home/shawn/workspace2/scratchpads/suprnova-target/debug/deps/ledger_support-7d01900d3c76483a)

running 0 tests

test result: ok. 0 passed; 0 failed; 0 ignored; 0 measured; 0 filtered out; finished in 0.00s

     Running tests/lifecycle_failures.rs (/home/shawn/workspace2/scratchpads/suprnova-target/debug/deps/lifecycle_failures-ceaefbb1cb17e26a)

running 7 tests
test failed_mount_has_no_instance_to_teardown ... ok
test hook_failure_suppresses_downstream_phases_but_tears_down_once ... ok
test dehydration_failure_suppresses_publication_and_still_tears_down_once ... ok
test teardown_failure_is_reported_after_success_and_not_retried ... ok
test panic_is_classified_and_never_skips_owned_teardown ... ok
test component_drop_panic_is_contained_after_exactly_one_teardown ... ok
test every_synchronous_and_future_drop_panic_stays_inside_the_lifecycle_boundary ... ok

test result: ok. 7 passed; 0 failed; 0 ignored; 0 measured; 0 filtered out; finished in 0.00s

     Running tests/lifecycle_order.rs (/home/shawn/workspace2/scratchpads/suprnova-target/debug/deps/lifecycle_order-d2e001ea1375cd2d)

running 2 tests
test action_reconstruction_uses_fresh_owned_instances_for_every_request ... ok
test initial_mount_has_one_mutation_aware_order_and_tears_down_once ... ok

test result: ok. 2 passed; 0 failed; 0 ignored; 0 measured; 0 filtered out; finished in 0.00s

     Running tests/metadata_contract.rs (/home/shawn/workspace2/scratchpads/suprnova-target/debug/deps/metadata_contract-5775d9f46518bd8d)

running 9 tests
test contract_versions_are_independent_and_nonzero ... ok
test refresh_on_promote_cannot_bypass_the_protocol_v2_contract ... ok
test view_names_are_bounded_relative_template_identities ... ok
test duplicate_field_and_action_identities_are_rejected ... ok
test complete_action_dispatch_contract_is_digest_significant ... ok
test selected_action_validation_paths_are_canonical_and_unique ... ok
test browser_payload_contracts_are_typed_bounded_and_digest_significant ... ok
test upload_field_policy_and_finalize_action_are_part_of_the_component_contract ... ok
test contract_digest_is_stable_across_metadata_input_order ... ok

test result: ok. 9 passed; 0 failed; 0 ignored; 0 measured; 0 filtered out; finished in 0.00s

     Running tests/model_binding.rs (/home/shawn/workspace2/scratchpads/suprnova-target/debug/deps/model_binding-9d2d72e082aeb508)

running 7 tests
test failed_or_absent_proposals_never_call_a_setter ... ok
test manually_constructed_invalid_codec_metadata_is_rejected_before_requests ... ok
test proposal_count_path_shape_and_value_size_are_bounded ... ok
test authorization_rejects_paths_before_generated_setters_can_run ... ok
test integer_number_inputs_outside_the_lossless_browser_range_are_invalid ... ok
test proposals_preserve_missing_null_invalid_and_valid_values ... ok
test registered_codecs_cover_nested_collections_enums_dates_uuid_and_controls ... ok

test result: ok. 7 passed; 0 failed; 0 ignored; 0 measured; 0 filtered out; finished in 0.00s

     Running tests/model_binding_properties.rs (/home/shawn/workspace2/scratchpads/suprnova-target/debug/deps/model_binding_properties-4f654b15c39003e7)

running 3 tests
test signed_integer_codec_round_trips_losslessly ... ok
test every_failed_integer_proposal_leaves_state_unchanged ... ok
test unsigned_string_and_list_codecs_round_trip_losslessly ... ok

test result: ok. 3 passed; 0 failed; 0 ignored; 0 measured; 0 filtered out; finished in 0.03s

     Running tests/mounted_document_path.rs (/home/shawn/workspace2/scratchpads/suprnova-target/debug/deps/mounted_document_path-d2b6351f9f2e2086)

running 2 tests
test mounted_document_path_rejects_browser_normalization_boundaries ... ok
test mounted_document_path_keeps_valid_parameterized_paths ... ok

test result: ok. 2 passed; 0 failed; 0 ignored; 0 measured; 0 filtered out; finished in 0.00s

     Running tests/parser_properties.rs (/home/shawn/workspace2/scratchpads/suprnova-target/debug/deps/parser_properties-a8bc4b0aa31299d8)

running 6 tests
test schema_evolution_extensions_preserve_names_and_values ... ok
test malformed_snapshot_envelopes_are_always_classified ... ok
test explicit_extension_objects_recanonicalize_stably ... ok
test valid_canonical_trees_round_trip_stably ... ok
test arbitrary_external_bytes_never_panic_any_iteration_001_parser ... ok
test every_random_signed_seed_mutation_is_rejected ... ok

test result: ok. 6 passed; 0 failed; 0 ignored; 0 measured; 0 filtered out; finished in 0.08s

     Running tests/promotion_support.rs (/home/shawn/workspace2/scratchpads/suprnova-target/debug/deps/promotion_support-1c571bc40f697b75)

running 0 tests

test result: ok. 0 passed; 0 failed; 0 ignored; 0 measured; 0 filtered out; finished in 0.00s

     Running tests/protocol_support.rs (/home/shawn/workspace2/scratchpads/suprnova-target/debug/deps/protocol_support-31e196d24c80762c)

running 0 tests

test result: ok. 0 passed; 0 failed; 0 ignored; 0 measured; 0 filtered out; finished in 0.00s

     Running tests/protocol_v2.rs (/home/shawn/workspace2/scratchpads/suprnova-target/debug/deps/protocol_v2-4249831030c8f364)

running 5 tests
test v2_window_supports_whole_prior_or_current_triplets_but_rejects_mixed_nodes ... ok
test params_changed_requires_signed_child_authority_and_fresh_render_never_replays ... ok
test lifecycle_operations_resolve_only_inside_the_v2_model ... ok
test params_changed_parses_the_exact_child_admission_carrier ... ok
test v2_responses_carry_typed_children_and_url_intent_and_round_trip ... ok

test result: ok. 5 passed; 0 failed; 0 ignored; 0 measured; 0 filtered out; finished in 0.00s

     Running tests/public_seed_mount.rs (/home/shawn/workspace2/scratchpads/suprnova-target/debug/deps/public_seed_mount-a7f766a0a5b5c5de)

running 4 tests
test a_public_seed_output_reports_its_non_authoritative_expiry ... ok
test public_seed_mount_runs_the_registered_component_lifecycle_without_instance_authority ... ok
test a_public_seed_mount_reads_the_clock_once_and_its_expiry_matches_the_seed ... ok
test public_seed_mount_uses_the_shared_root_without_instance_or_promotion_authority ... ok

test result: ok. 4 passed; 0 failed; 0 ignored; 0 measured; 0 filtered out; finished in 0.00s

     Running tests/registry_contract.rs (/home/shawn/workspace2/scratchpads/suprnova-target/debug/deps/registry_contract-4c99f0d11b1a6dcb)

running 4 tests
test contract_mismatch_fails_without_exposing_browser_identity ... ok
test immutable_registry_resolves_only_explicit_component_contracts ... ok
test descriptor_derives_exact_snapshot_schemas_from_generated_contract_metadata ... ok
test explicit_registry_rejects_duplicate_component_and_view_ownership ... ok

test result: ok. 4 passed; 0 failed; 0 ignored; 0 measured; 0 filtered out; finished in 0.00s

     Running tests/render_cache_coherence.rs (/home/shawn/workspace2/scratchpads/suprnova-target/debug/deps/render_cache_coherence-0c808232f0058614)

running 7 tests
test cache_control_and_vary_agree_with_class_variance_and_seed_deadline ... ok
test dead_after_ms_is_class_aware_private_dies_at_fresh_ms_alone ... ok
test conditional_requests_match_only_the_exact_strong_validator ... ok
test freshness_intervals_are_explicit_and_private_output_never_serves_stale ... ok
test leases_bound_monotonic_age_and_hints_only_shorten ... ok
test dead_after_ms_is_the_widest_stale_band_not_the_stale_on_error_band_alone ... ok
test evaluate_freshness_matches_the_original_three_branch_logic_for_every_class ... ok

test result: ok. 7 passed; 0 failed; 0 ignored; 0 measured; 0 filtered out; finished in 0.00s

     Running tests/render_cache_entry.rs (/home/shawn/workspace2/scratchpads/suprnova-target/debug/deps/render_cache_entry-294b8dd8ab4d9b7f)

running 23 tests
test a_complete_entry_round_trips_with_a_strong_validator_over_exact_bytes ... ok
test a_generation_key_longer_than_64_characters_fails_to_deserialize ... ok
test a_complete_entry_inspects_with_zero_slots ... ok
test a_mixed_case_spelling_of_a_generation_key_fails_to_deserialize ... ok
test a_non_hex_character_in_a_generation_key_fails_to_deserialize ... ok
test a_generation_key_shorter_than_64_characters_fails_to_deserialize ... ok
test a_declared_application_dimension_round_trips_through_encode_and_decode ... ok
test a_forbidden_response_header_with_a_valid_integrity_tag_still_fails_to_decode ... ok
test a_populated_observed_generation_set_round_trips_through_encode_and_decode ... ok
test an_uppercase_spelling_of_a_generation_key_fails_to_deserialize ... ok
test a_composite_entry_signed_by_another_ring_is_rejected ... ok
test inspection_reads_metadata_without_the_body ... ok
test inspection_refuses_a_body_length_above_the_ceiling_it_was_given ... ok
test bounds_and_unsafe_headers_fail_closed ... ok
test a_composite_entry_round_trips_and_inspects_without_its_shell ... ok
test a_composite_header_whose_graph_disagrees_with_its_shell_is_rejected ... ok
test a_decoded_entry_reports_its_kind_and_shared_header_for_both_arms ... ok
test a_composite_header_whose_class_is_not_stitched_is_rejected ... ok
test the_stored_header_uses_snake_case_enum_tags ... ok
test variance_beyond_the_declared_dimension_bound_with_a_valid_integrity_tag_still_fails_to_decode ... ok
test inspection_refuses_a_composite_graph_with_more_slots_than_the_stitch_bound ... ok
test every_corruption_is_a_miss_and_never_a_partial_entry ... ok
test every_single_bit_flip_of_a_composite_entry_fails_to_decode ... ok

test result: ok. 23 passed; 0 failed; 0 ignored; 0 measured; 0 filtered out; finished in 0.30s

     Running tests/render_cache_generation.rs (/home/shawn/workspace2/scratchpads/suprnova-target/debug/deps/render_cache_generation-f233a2ddd28b3b52)

running 8 tests
test a_stamp_above_the_authority_is_rewound_and_one_below_it_is_moved ... ok
test an_epoch_change_reports_the_broad_authority_moved_with_no_generation_change ... ok
test an_unkeyed_write_identity_is_bounded_and_distinct_from_its_table ... ok
test lifting_raises_a_lower_epoch_above_the_stamp_and_leaves_a_higher_one_alone ... ok
test a_memory_ledger_advances_only_committed_identities_and_the_broad_authority ... ok
test identities_are_typed_versioned_and_digest_stably ... ok
test an_observation_window_detects_any_moved_generation ... ok
test a_full_observation_window_closes_to_exactly_the_bound ... ok

test result: ok. 8 passed; 0 failed; 0 ignored; 0 measured; 0 filtered out; finished in 0.01s

     Running tests/render_cache_hot.rs (/home/shawn/workspace2/scratchpads/suprnova-target/debug/deps/render_cache_hot-0c296946d548e75d)

running 12 tests
test a_hot_get_returns_the_same_arc_that_was_published ... ok
test a_cache_control_override_replaces_the_computed_value ... ok
test conditional_matches_is_the_rule_evaluate_conditional_applies ... ok
test current_with_epoch_defaults_to_the_two_reads ... ok
test byte_pressure_evicts_the_oldest_entry_and_its_hot_slot ... ok
test a_trait_publish_has_no_hot_entry_and_a_hot_publish_replaces_it_under_a_newer_fence ... ok
test prepare_fails_closed_on_an_unrepresentable_header ... ok
test evict_and_clear_both_drop_the_hot_entry ... ok
test hot_and_plain_entries_share_one_byte_budget_and_one_lru_order ... ok
test serve_hot_matches_respond_for_every_request_shape ... ok
test a_trait_publish_under_a_newer_fence_clears_the_hot_slot ... ok
test serve_hot_shares_the_stored_body_and_forms_the_documented_headers ... ok

test result: ok. 12 passed; 0 failed; 0 ignored; 0 measured; 0 filtered out; finished in 0.00s

     Running tests/render_cache_key.rs (/home/shawn/workspace2/scratchpads/suprnova-target/debug/deps/render_cache_key-8c1bc908d67c5b71)

running 9 tests
test route_pattern_bounds_fail_closed ... ok
test a_key_parsed_from_its_encoded_text_equals_the_key_it_was_derived_from ... ok
test dimensions_describe_the_input_without_being_part_of_the_key ... ok
test bounds_fail_closed ... ok
test the_encoded_key_is_versioned_bounded_and_free_of_request_material ... ok
test the_three_fixture_inputs_derive_their_recorded_digests ... ok
test equivalent_inputs_derive_the_same_key_and_a_changed_dimension_does_not ... ok
test for_test_is_deterministic_per_pattern_and_differs_across_patterns ... ok
test equivalent_inputs_derive_the_same_key_and_different_ones_differ ... ok

test result: ok. 9 passed; 0 failed; 0 ignored; 0 measured; 0 filtered out; finished in 0.00s

     Running tests/render_cache_lease.rs (/home/shawn/workspace2/scratchpads/suprnova-target/debug/deps/render_cache_lease-9050bc4ba7cc5f54)

running 6 tests
test two_coordinators_over_one_store_admit_one_leader_and_one_bypass ... ok
test the_lease_store_holds_a_key_until_release_and_then_stops_minting ... ok
test release_frees_the_store_lease_for_the_next_node ... ok
test a_dead_leaders_lease_expires_by_store_time_and_the_takeover_is_fenced ... ok
test node_clock_skew_does_not_extend_a_lease ... ok
test in_process_waiters_still_wait_on_the_local_leader ... ok

test result: ok. 6 passed; 0 failed; 0 ignored; 0 measured; 0 filtered out; finished in 0.00s

     Running tests/render_cache_policy.rs (/home/shawn/workspace2/scratchpads/suprnova-target/debug/deps/render_cache_policy-af6456b3e0868eda)

running 16 tests
test a_public_get_document_is_eligible_for_its_declared_class ... ok
test a_no_store_directive_declines_storage_and_other_directives_do_not ... ok
test a_vary_patch_dropping_media_also_drops_its_stale_declared_set ... ok
test a_stitched_class_refuses_a_shared_max_age ... ok
test apply_rejects_a_lease_patch_beyond_the_bound ... ok
test an_observed_private_read_downgrades_a_shared_policy_and_never_upgrades ... ok
test apply_rejects_a_query_patch_beyond_the_declared_bound ... ok
test freshness_bounds_are_explicit_and_bounded ... ok
test declared_rejects_an_empty_or_oversized_set_and_a_default_outside_it ... ok
test negotiate_falls_back_to_the_default_and_never_widens_the_set ... ok
test negotiate_is_q_weighted_and_ties_keep_header_order ... ok
test negotiate_never_panics_on_hostile_or_malformed_input ... ok
test patches_apply_deterministically_and_can_only_narrow_the_class ... ok
test private_cached_with_no_identity_bearing_dimension_is_rejected ... ok
test state_changing_streaming_cookie_setting_and_error_responses_decline ... ok
test vary_media_and_vary_encoding_require_pairing_with_a_declared_set ... ok

test result: ok. 16 passed; 0 failed; 0 ignored; 0 measured; 0 filtered out; finished in 0.00s

     Running tests/render_cache_singleflight.rs (/home/shawn/workspace2/scratchpads/suprnova-target/debug/deps/render_cache_singleflight-ea4e8c0440bf9f98)

running 5 tests
test a_new_epoch_supersedes_an_older_leader ... ok
test an_expired_or_cancelled_lease_cannot_publish_and_a_newer_leader_wins ... ok
test a_dropped_waiter_does_not_block_completion_or_panic ... ok
test one_leader_per_key_and_fence_with_bounded_waiters ... ok
test a_waiter_resolves_only_after_the_leader_releases ... ok

test result: ok. 5 passed; 0 failed; 0 ignored; 0 measured; 0 filtered out; finished in 0.00s

     Running tests/render_cache_store.rs (/home/shawn/workspace2/scratchpads/suprnova-target/debug/deps/render_cache_store-ebf2f1fd48095953)

running 7 tests
test an_entry_exactly_at_the_byte_bound_is_stored ... ok
test publication_is_fenced_and_a_stale_fence_is_rejected ... ok
test a_store_bounded_to_zero_bytes_admits_nothing ... ok
test a_hit_shares_the_stored_bytes_without_copying ... ok
test a_store_bounded_to_zero_entries_admits_nothing ... ok
test clear_empties_the_store_and_a_publish_after_clear_starts_fresh ... ok
test bounds_evict_the_least_recently_used_entry_and_reject_oversized_entries ... ok

test result: ok. 7 passed; 0 failed; 0 ignored; 0 measured; 0 filtered out; finished in 0.00s

     Running tests/render_cache_store_conformance.rs (/home/shawn/workspace2/scratchpads/suprnova-target/debug/deps/render_cache_store_conformance-53b75383da7cdc28)

running 1 test
test the_in_process_store_conforms_and_fences_and_evicts_its_hot_slot_with_the_bytes ... ok

test result: ok. 1 passed; 0 failed; 0 ignored; 0 measured; 0 filtered out; finished in 0.01s

     Running tests/render_cache_variance.rs (/home/shawn/workspace2/scratchpads/suprnova-target/debug/deps/render_cache_variance-3367d3edc0417367)

running 12 tests
test a_private_dimension_writes_its_marker_byte_and_the_material_digest ... ok
test a_rejected_duplicate_declaration_leaves_the_descriptor_unchanged ... ok
test a_descriptor_orders_dimensions_and_bounds_values ... ok
test an_application_dimension_writes_its_prefixed_canonical_name_exactly_once ... ok
test anonymous_and_authenticated_variants_cannot_collide ... ok
test classification_only_preserves_or_reduces_sharing ... ok
test a_tenant_only_consult_narrows_to_private_cached_with_its_own_reason ... ok
test every_variance_dimension_round_trips_through_its_canonical_name_and_rejects_unknown_text ... ok
test joining_consults_is_commutative_and_principal_absorbing ... ok
test tenant_and_authorization_observations_both_accumulate ... ok
test private_material_is_an_opaque_digest_that_changes_with_permission_version ... ok
test the_streamed_canonical_form_matches_its_declared_length_and_the_expected_bytes ... ok

test result: ok. 12 passed; 0 failed; 0 ignored; 0 measured; 0 filtered out; finished in 0.00s

     Running tests/request_protocol.rs (/home/shawn/workspace2/scratchpads/suprnova-target/debug/deps/request_protocol-8df187c2b67f1043)

running 6 tests
test extensions_are_namespaced_and_bounded ... ok
test parses_versioned_instanced_request_without_dispatching_names ... ok
test duplicate_unknown_and_unsupported_versions_fail_closed ... ok
test seed_promotion_is_a_distinct_snapshot_form_with_128_bit_nonce ... ok
test model_operation_and_snapshot_limits_are_enforced ... ok
test ambiguous_and_semantically_incompatible_batches_are_rejected ... ok

test result: ok. 6 passed; 0 failed; 0 ignored; 0 measured; 0 filtered out; finished in 0.00s

     Running tests/resource_foundation.rs (/home/shawn/workspace2/scratchpads/suprnova-target/debug/deps/resource_foundation-49485396847832a2)

running 19 tests
test batch_admission_checks_count_bytes_overflow_empty_zero_and_retirement_atomically ... ok
test bounded_queue_debug_is_metadata_only ... ok
test cancellation_is_idempotent_and_visible_to_clones ... ok
test configured_bounds_are_nonzero_and_cannot_exceed_engine_ceilings ... ok
test dropping_an_owner_retires_every_cloned_lifecycle_handle ... ok
test cloned_resource_handles_admit_a_batch_wholly_or_not_at_all ... ok
test owner_pop_and_retirement_release_every_byte_once ... ok
test panicking_payload_drop_does_not_poison_retired_queue_handles ... ok
test queue_is_fifo_and_releases_each_reservation_on_pop ... ok
test permit_exhaustion_release_and_reuse_are_exact ... ok
test queue_can_replace_only_its_newest_item_with_exact_byte_accounting ... ok
test queue_rejects_an_item_beyond_the_item_cap_without_changing_accounting ... ok
test reentrant_payload_drop_can_query_the_retired_queue_without_deadlock ... ok
test queue_rejects_byte_cap_and_overflow_without_reserving_bytes ... ok
test retiring_an_owner_cancels_and_drains_exactly_once ... ok
test shared_primitives_are_send_and_sync_for_executor_neutral_ownership ... ok
test resource_diagnostics_are_closed_and_low_cardinality ... ok
test concurrent_admission_and_retirement_have_only_linearizable_outcomes ... ok
test concurrent_permit_saturation_never_exceeds_the_cap_and_releases_every_permit ... ok

test result: ok. 19 passed; 0 failed; 0 ignored; 0 measured; 0 filtered out; finished in 0.00s

     Running tests/response_ordering.rs (/home/shawn/workspace2/scratchpads/suprnova-target/debug/deps/response_ordering-639b7e77a14b5f5b)

running 5 tests
test redirect_is_the_only_application_step ... ok
test refresh_and_fatal_recovery_have_explicit_nonreplay_plans ... ok
test html_commits_browser_state_only_after_successful_morph ... ok
test no_render_validation_precedes_commit_and_rejection_retains_dom ... ok
test v3_fixture_covers_the_complete_v1_and_v2_application_order ... ok

test result: ok. 5 passed; 0 failed; 0 ignored; 0 measured; 0 filtered out; finished in 0.00s

     Running tests/response_protocol.rs (/home/shawn/workspace2/scratchpads/suprnova-target/debug/deps/response_protocol-fdad09b863b456d4)

running 6 tests
test nonaccepted_responses_cannot_smuggle_events_or_effects ... ok
test a8_16_control_and_snapshot_framework_overheads_fit_the_hard_caps ... ok
test terminal_redirect_is_structurally_exclusive ... ok
test rejected_refresh_and_fatal_outcomes_require_agreeing_safe_errors ... ok
test unsafe_redirects_unknown_fields_and_oversized_html_are_rejected ... ok
test accepted_html_and_explicit_no_render_responses_require_committed_state ... ok

test result: ok. 6 passed; 0 failed; 0 ignored; 0 measured; 0 filtered out; finished in 0.00s

     Running tests/runtime_artifacts.rs (/home/shawn/workspace2/scratchpads/suprnova-target/debug/deps/runtime_artifacts-3090daca9f4e6c79)

running 4 tests
test roles_are_a_closed_typed_set ... ok
test the_asset_identity_is_stable_bounded_and_manifest_derived ... ok
test embedded_artifacts_match_the_tracked_manifest_byte_for_byte ... ok
test a_manifest_that_disagrees_with_the_bytes_is_rejected ... ok

test result: ok. 4 passed; 0 failed; 0 ignored; 0 measured; 0 filtered out; finished in 0.03s

     Running tests/security_boundaries.rs (/home/shawn/workspace2/scratchpads/suprnova-target/debug/deps/security_boundaries-f01910ed038365cd)

running 5 tests
test host_check_and_conformance_trace_cardinality_remain_closed_and_redacted ... ok
test telemetry_labels_are_closed_and_never_accept_raw_payload_or_identity_strings ... ok
test telemetry_event_and_outcome_cardinality_is_statically_bounded ... ok
test unattended_commands_do_not_blanket_deny_warnings ... ok
test browser_production_boundaries_forbid_dynamic_execution_and_client_authority ... ok

test result: ok. 5 passed; 0 failed; 0 ignored; 0 measured; 0 filtered out; finished in 0.01s

     Running tests/security_hostile_context.rs (/home/shawn/workspace2/scratchpads/suprnova-target/debug/deps/security_hostile_context-2eba17f743f9226f)

running 3 tests
test route_slot_catalog_and_all_capability_bindings_cannot_cross ... ok
test every_authenticity_check_fails_closed_when_absent_inconsistent_or_expired ... ok
test replay_secrets_transients_and_unregistered_browser_output_never_cross_authority ... ok

test result: ok. 3 passed; 0 failed; 0 ignored; 0 measured; 0 filtered out; finished in 0.00s

     Running tests/seed_promotion.rs (/home/shawn/workspace2/scratchpads/suprnova-target/debug/deps/seed_promotion-22daa4e2a3491620)

running 13 tests
test browser_nonce_type_rejects_less_than_128_bits ... ok
test production_instance_generator_returns_128_bits_of_server_identity ... ok
test valid_signature_with_the_wrong_current_route_fails_before_identity_generation ... ok
test refresh_on_promote_is_a_typed_component_choice_not_a_coherence_gate ... ok
test request_authority_expiring_after_validation_blocks_promotion ... ok
test integrity_and_trusted_bindings_are_checked_before_identity_or_ledger_creation ... ok
test verified_seed_promotes_to_a_server_identified_scoped_instance ... ok
test promotion_completion_after_the_policy_lease_fails_closed ... ok
test exact_retry_recovers_one_instance_while_new_nonce_and_scope_are_independent ... ok
test nonce_reuse_with_changed_signed_input_is_rejected ... ok
test promotion_mount_failure_consumes_authority_without_action_or_partial_snapshot ... ok
test refresh_on_promote_publishes_fresh_mount_and_discards_original_operation ... ok
test first_promoted_action_mounts_overlays_then_binds_before_observation ... ok

test result: ok. 13 passed; 0 failed; 0 ignored; 0 measured; 0 filtered out; finished in 0.00s

     Running tests/seed_promotion_concurrency.rs (/home/shawn/workspace2/scratchpads/suprnova-target/debug/deps/seed_promotion_concurrency-a19c29902f713eba)

running 1 test
test concurrent_exact_nonce_replay_never_creates_two_instances ... ok

test result: ok. 1 passed; 0 failed; 0 ignored; 0 measured; 0 filtered out; finished in 0.00s

     Running tests/seed_promotion_limits.rs (/home/shawn/workspace2/scratchpads/suprnova-target/debug/deps/seed_promotion_limits-677172f2be883b65)

running 5 tests
test promotion_limits_reject_zero_and_unbounded_values ... ok
test ledger_failure_retains_a_bounded_abandoned_nonce_without_partial_instance ... ok
test per_window_rate_is_bounded_without_touching_the_ledger_for_rejection ... ok
test outstanding_and_route_component_limits_are_distinct ... ok
test seed_bytes_reservations_and_rate_bucket_cardinality_are_bounded ... ok

test result: ok. 5 passed; 0 failed; 0 ignored; 0 measured; 0 filtered out; finished in 0.00s

     Running tests/snapshot_composition.rs (/home/shawn/workspace2/scratchpads/suprnova-target/debug/deps/snapshot_composition-ea68672b3f4cdd54)

running 9 tests
test maximum_depth_child_without_descendants_remains_valid ... ok
test typed_child_and_owner_lineage_reject_exact_self_binding ... ok
test public_seed_rejects_instance_only_composition_lineage ... ok
test typed_lineage_install_rejects_without_replacing_existing_raw_extension ... ok
test duplicate_ambiguous_and_excessive_lineage_fails_before_snapshot_signing ... ok
test signed_lineage_rejects_tampering_and_cross_parent_or_child_substitution ... ok
test verification_rejects_re_signed_raw_self_directed_lineage ... ok
test composition_lineage_round_trips_deterministically_inside_the_signed_body ... ok
test composition_byte_budget_and_unknown_extension_compatibility_are_explicit ... ok

test result: ok. 9 passed; 0 failed; 0 ignored; 0 measured; 0 filtered out; finished in 0.01s

     Running tests/snapshot_schema.rs (/home/shawn/workspace2/scratchpads/suprnova-target/debug/deps/snapshot_schema-229e215dbc1bc5fc)

running 6 tests
test public_seed_construction_rejects_instance_and_private_shaped_state ... ok
test support_helpers_produce_strong_binary_bindings ... ok
test unsafe_manual_extension_names_are_rejected ... ok
test instanced_schema_round_trips_scope_instance_revision_and_expiry ... ok
test seed_schema_round_trips_every_public_binding_without_instance_authority ... ok
test schemas_are_deterministic_for_identical_inputs ... ok

test result: ok. 6 passed; 0 failed; 0 ignored; 0 measured; 0 filtered out; finished in 0.00s

     Running tests/snapshot_state.rs (/home/shawn/workspace2/scratchpads/suprnova-target/debug/deps/snapshot_state-64e89ce98cb2dd6f)

running 7 tests
test dehydration_stops_at_the_encoded_byte_limit ... ok
test state_schema_rejects_unknown_missing_and_wrong_codec_values ... ok
test tagged_integer_and_byte_codecs_round_trip_losslessly ... ok
test secret_transient_computed_session_and_server_only_fields_never_dehydrate ... ok
test large_finite_json_numbers_remain_ieee754_values_during_verified_hydration ... ok
test explicit_schema_dehydrates_and_verified_capability_hydrates ... ok
test tagged_state_codecs_round_trip_supported_rust_values ... ok

test result: ok. 7 passed; 0 failed; 0 ignored; 0 measured; 0 filtered out; finished in 0.01s

     Running tests/snapshot_support.rs (/home/shawn/workspace2/scratchpads/suprnova-target/debug/deps/snapshot_support-2e398477ba08b7e5)

running 0 tests

test result: ok. 0 passed; 0 failed; 0 ignored; 0 measured; 0 filtered out; finished in 0.00s

     Running tests/snapshot_tampering.rs (/home/shawn/workspace2/scratchpads/suprnova-target/debug/deps/snapshot_tampering-c60dabb9d95d6d68)

running 6 tests
test duplicate_unknown_oversized_and_deep_envelopes_are_rejected_safely ... ok
test changing_any_signed_field_invalidates_integrity_before_hydration ... ok
test snapshot_debug_output_redacts_signed_state_and_verified_capabilities ... ok
test instanced_snapshots_cannot_cross_trusted_scope_and_expire_without_recreation ... ok
test valid_snapshots_cannot_cross_component_route_slot_or_build_expectations ... ok
test expired_future_and_overlong_seed_windows_fail_closed ... ok

test result: ok. 6 passed; 0 failed; 0 ignored; 0 measured; 0 filtered out; finished in 0.00s

     Running tests/state_categories.rs (/home/shawn/workspace2/scratchpads/suprnova-target/debug/deps/state_categories-e7d2a7fc0244017a)

running 3 tests
test required_checks_are_specific_to_the_selected_exposure ... ok
test instanced_state_requires_only_dehydratable_fields ... ok
test public_seed_requires_only_public_fields_and_rejects_every_other_category ... ok

test result: ok. 3 passed; 0 failed; 0 ignored; 0 measured; 0 filtered out; finished in 0.00s

     Running tests/successor_island_render.rs (/home/shawn/workspace2/scratchpads/suprnova-target/debug/deps/successor_island_render-468d82312708cff7)

running 1 test
test accepted_html_contains_the_signed_successor_and_authoritative_root_identity ... ok

test result: ok. 1 passed; 0 failed; 0 ignored; 0 measured; 0 filtered out; finished in 0.00s

     Running tests/trusted_context.rs (/home/shawn/workspace2/scratchpads/suprnova-target/debug/deps/trusted_context-f98067c443cec9bb)

running 10 tests
test catalog_rejects_a_seed_contract_that_drifted_from_the_registry ... ok
test browser_mount_selection_must_match_independent_current_route_and_slot_facts ... ok
test dev_only_synthetic_builder_still_runs_the_complete_production_validator ... ok
test catalog_resolution_binds_route_slot_component_contract_and_protocol ... ok
test capabilities_cannot_cross_scope_principal_tenant_or_session ... ok
test complete_current_host_facts_create_a_redacted_request_capability ... ok
test policy_declared_anonymous_tenantless_mounts_remain_explicit_and_complete ... ok
test every_required_check_must_be_present_current_and_policy_coherent ... ok
test required_identity_dimensions_cannot_be_omitted_under_not_required_dispositions ... ok
test trusted_lifetime_is_bounded_and_never_outlives_its_earliest_check ... ok

test result: ok. 10 passed; 0 failed; 0 ignored; 0 measured; 0 filtered out; finished in 0.00s

     Running tests/trusted_markup.rs (/home/shawn/workspace2/scratchpads/suprnova-target/debug/deps/trusted_markup-7fc96ec73e17d9cd)

running 2 tests
test framework_generated_markup_keeps_its_bytes_and_reason ... ok
test framework_generated_markup_is_bounded ... ok

test result: ok. 2 passed; 0 failed; 0 ignored; 0 measured; 0 filtered out; finished in 0.00s

     Running tests/upload_budget_contract.rs (/home/shawn/workspace2/scratchpads/suprnova-target/debug/deps/upload_budget_contract-c77d28cac192d9ad)

running 2 tests
test upload_budget_is_an_on_demand_tool_with_a_release_safe_runner ... ok
test checked_upload_budget_locks_workload_bounds_and_exclusions ... ok

test result: ok. 2 passed; 0 failed; 0 ignored; 0 measured; 0 filtered out; finished in 0.00s

     Running tests/upload_cleanup.rs (/home/shawn/workspace2/scratchpads/suprnova-target/debug/deps/upload_cleanup-a7f527f21ffe4640)

running 14 tests
test cleanup_never_claims_finalizing_or_finalized_records ... ok
test cleanup_cancellation_is_advisory_and_never_claims_new_work ... ok
test cleanup_batches_are_bounded_by_items_and_retained_bytes ... ok
test cleanup_cannot_delete_a_committed_finalize ... ok
test cleanup_races_with_transfer_verification_scan_cancel_and_remove ... ok
test cleanup_telemetry_is_closed_redacted_and_observational ... ok
test concurrent_cleanup_runs_use_the_shared_permit_pool ... ok
test expired_active_states_are_claimed_atomically_and_reclaimed_without_browser ... ok
test expired_cleanup_leases_are_fenced_then_reconciled_idempotently ... ok
test failed_cleanup_retries_with_bounded_backoff_and_marks_orphans ... ok
test replayed_chunks_do_not_double_cleanup_volume_or_break_idempotency ... ok
test one_scope_failure_does_not_block_unrelated_scope_cleanup ... ok
test telemetry_panics_cannot_rewrite_a_committed_cleanup ... ok
test cleanup_selection_never_scans_or_allocates_the_entire_ledger ... ok

test result: ok. 14 passed; 0 failed; 0 ignored; 0 measured; 0 filtered out; finished in 0.00s

     Running tests/upload_direct_provider.rs (/home/shawn/workspace2/scratchpads/suprnova-target/debug/deps/upload_direct_provider-0a6d0be3fe20f5ca)

running 4 tests
test direct_instruction_diagnostics_redact_provider_credentials ... ok
test direct_instruction_types_reject_unbounded_or_cross_origin_authority ... ok
test direct_adapter_rejects_excess_parts_and_renews_expired_instructions ... ok
test file_and_direct_providers_share_one_conformance_contract ... ok

test result: ok. 4 passed; 0 failed; 0 ignored; 0 measured; 0 filtered out; finished in 0.02s

     Running tests/upload_file_provider.rs (/home/shawn/workspace2/scratchpads/suprnova-target/debug/deps/upload_file_provider-2b45e0db0035e40f)

running 24 tests
test canceled_store_create_is_reclaimed_before_exact_prepare_retry ... ok
test client_names_never_influence_quarantine_paths ... ok
test descriptor_and_chunk_concurrency_are_hard_bounded ... ok
test cancellation_cleanup_and_shutdown_are_idempotent_and_fail_closed ... ok
test quarantine_object_keys_are_fixed_canonical_path_segments ... ok
test cancellation_cannot_free_an_object_between_final_check_and_store_admission ... ok
test provider_retirement_reclaims_an_aborted_unpublished_creation ... ok
test chunk_streaming_rejects_overrun_before_accepting_retry_state ... ok
test retirement_during_streaming_cancels_without_committing_partial_work ... ok
test retained_chunk_metadata_has_a_hard_per_file_bound ... ok
test retirement_cancels_a_previously_admitted_prepare_before_its_final_sweep ... ok
test retirement_fences_a_detached_late_create_until_physical_completion ... ok
test retirement_wakes_and_cancels_a_store_create_wait ... ok
test retirement_wakes_and_cancels_a_store_write_wait ... ok
test canceled_verification_and_removal_awaits_remain_exactly_retryable ... ok
test provider_failures_do_not_commit_chunks_and_retries_remain_available ... ok
test interrupted_and_checksum_failed_chunks_are_retryable_without_accepting_state ... ok
test checkpoints_restore_partial_transfer_without_reusing_client_paths ... ok
test chunks_stream_with_exact_duplicate_replay_and_whole_integrity ... ok
test short_store_reads_and_writes_are_completed_without_whole_file_buffering ... ok
test canceled_store_write_clears_pending_and_exact_retry_commits_once ... ok
test exact_retry_cannot_overtake_a_detached_late_write ... ok
test retirement_has_a_terminal_budget_for_non_polled_create_write_read_and_sync ... ok
test retirement_wakes_and_cancels_store_sync_and_read_waits ... ok

test result: ok. 24 passed; 0 failed; 0 ignored; 0 measured; 0 filtered out; finished in 0.03s

     Running tests/upload_finalization.rs (/home/shawn/workspace2/scratchpads/suprnova-target/debug/deps/upload_finalization-0f27b0d2625f6edd)

running 8 tests
test ready_proposal_authority_requires_current_scope_evidence_and_finalize_action ... ok
test changed_policy_cannot_reuse_ready_validation_evidence ... ok
test failed_commit_is_compensated_and_same_logical_request_can_retry ... ok
test successful_finalize_and_exact_retry_produce_one_durable_outcome ... ok
test ready_content_is_not_durable_until_authorized_finalize ... ok
test failed_prepare_leaves_reconcilable_claim_and_retry_finishes_once ... ok
test failed_compensation_is_a_distinct_reconciliation_signal ... ok
test durable_commit_with_ledger_failure_requires_and_completes_reconciliation ... ok

test result: ok. 8 passed; 0 failed; 0 ignored; 0 measured; 0 filtered out; finished in 0.00s

     Running tests/upload_framework_budget_integrity.rs (/home/shawn/workspace2/scratchpads/suprnova-target/debug/deps/upload_framework_budget_integrity-9bca47b8947feb29)

running 8 tests
test upload_framework_budget::integrity_tests::selected_control_operation_keeps_all_external_ports_at_zero ... ok
test upload_framework_budget::integrity_tests::wrong_operations_reach_every_injected_external_port ... ok
test upload_framework_budget::integrity_tests::server_evidence_write_is_atomic_and_never_aliases_the_checked_baseline ... ok
test upload_framework_budget::integrity_tests::accepted_chunk_cardinality_is_actual_provider_metadata_and_can_trip_the_cap ... ok
test upload_framework_budget::integrity_tests::pre_body_failure_is_bounded_and_reclaims_every_owned_resource ... ok
test upload_framework_budget::integrity_tests::resource_measurement_comes_from_live_production_owners ... ok
test upload_framework_budget::integrity_tests::one_skewed_transfer_fails_even_when_the_document_average_is_two ... ok
test upload_framework_budget::integrity_tests::one_added_real_transfer_increases_every_manager_owner_count ... ok

test result: ok. 8 passed; 0 failed; 0 ignored; 0 measured; 0 filtered out; finished in 1.55s

     Running tests/upload_identity.rs (/home/shawn/workspace2/scratchpads/suprnova-target/debug/deps/upload_identity-7b589b8a354d52d8)

running 2 tests
test upload_handle_accepts_canonical_non_nil_v4_and_v7_uuid ... ok
test upload_handle_debug_is_opaque ... ok

test result: ok. 2 passed; 0 failed; 0 ignored; 0 measured; 0 filtered out; finished in 0.00s

     Running tests/upload_protocol.rs (/home/shawn/workspace2/scratchpads/suprnova-target/debug/deps/upload_protocol-806c611813c918e0)

running 4 tests
test upload_limits_cover_every_amplification_dimension_and_reject_unbounded_profiles ... ok
test decoded_operations_are_typed_and_keep_wire_and_live_versions_independent ... ok
test codec_rejects_oversize_and_malformed_typed_fields_before_commands_exist ... ok
test locked_v4_codec_cases_decode_with_exact_dispositions ... ok

test result: ok. 4 passed; 0 failed; 0 ignored; 0 measured; 0 filtered out; finished in 0.00s

     Running tests/upload_security.rs (/home/shawn/workspace2/scratchpads/suprnova-target/debug/deps/upload_security-0c5550237d26dab5)

running 5 tests
test transfer_grant_is_bounded_and_implicitly_redacted ... ok
test transfer_grant_round_trip_binds_every_authority_fact ... ok
test transfer_grant_expiry_protocol_and_tampering_fail_closed ... ok
test transfer_grant_rejects_cross_upload_component_field_and_host_scope_reuse ... ok
test every_canonical_signature_bit_mutation_reaches_exact_mac_rejection ... ok

test result: ok. 5 passed; 0 failed; 0 ignored; 0 measured; 0 filtered out; finished in 0.01s

     Running tests/upload_service.rs (/home/shawn/workspace2/scratchpads/suprnova-target/debug/deps/upload_service-f9a682fd42244e92)

running 11 tests
test reacquisition_rejects_non_resumable_state_and_expiry_beyond_upload_authority ... ok
test expired_request_authority_precedes_grant_and_policy_failures ... ok
test grant_scope_failure_precedes_current_authorization_and_ledger_access ... ok
test missing_current_authorization_capability_fails_closed ... ok
test service_lifecycle_and_transfer_concurrency_use_shared_resource_primitives ... ok
test concurrent_completion_accepts_one_committed_revision ... ok
test failed_ledger_transition_does_not_consume_revision_authority ... ok
test reacquisition_reauthorizes_resumable_state_and_issues_a_fresh_bounded_grant ... ok
test creation_rate_is_bounded_and_exact_retries_do_not_consume_capacity ... ok
test exact_duplicate_replays_the_committed_outcome ... ok
test current_authorization_is_rechecked_at_every_control_boundary ... ok

test result: ok. 11 passed; 0 failed; 0 ignored; 0 measured; 0 filtered out; finished in 0.00s

     Running tests/upload_state.rs (/home/shawn/workspace2/scratchpads/suprnova-target/debug/deps/upload_state-502fc952d40ca6f6)

running 6 tests
test accepted_chunk_constructor_rejects_zero_bytes ... ok
test cross_handle_stale_alternative_and_terminal_retry_rules_fail_closed ... ok
test retained_idempotency_outcomes_have_a_configurable_hard_bound ... ok
test locked_v4_transition_cases_cover_every_production_transition_variant ... ok
test locked_v4_transition_cases_have_exact_typed_outcomes ... ok
test accepted_transitions_never_regress ... ok

test result: ok. 6 passed; 0 failed; 0 ignored; 0 measured; 0 filtered out; finished in 0.01s

     Running tests/upload_validation.rs (/home/shawn/workspace2/scratchpads/suprnova-target/debug/deps/upload_validation-587a696ea39db0e7)

running 10 tests
test client_names_and_mime_claims_are_display_metadata_not_paths ... ok
test media_probe_classifies_magic_and_reads_only_bounded_headers ... ok
test truncated_and_hostile_media_headers_fail_closed_without_overflow ... ok
test upload_field_policy_is_bounded_and_digest_significant ... ok
test application_content_reads_cannot_exceed_the_shared_chunk_bound ... ok
test authoritative_acceptance_persists_exact_evidence_before_ready ... ok
test mime_extension_and_dimension_disagreement_rejects_authoritative_content ... ok
test scan_timeout_and_unavailable_policy_never_silently_accepts ... ok
test scanner_and_application_rejections_remain_typed ... ok
test custom_types_require_authoritative_application_classification ... ok

test result: ok. 10 passed; 0 failed; 0 ignored; 0 measured; 0 filtered out; finished in 0.00s

     Running tests/validation.rs (/home/shawn/workspace2/scratchpads/suprnova-target/debug/deps/validation-6eb486db27f9ec2c)

running 4 tests
test binding_and_validation_failures_have_separate_types_and_redacted_diagnostics ... ok
test selected_whole_action_and_cross_field_validation_are_explicit ... ok
test error_bag_clear_retain_and_replace_are_deterministic ... ok
test provider_panics_are_redacted_and_replace_updates_remain_atomic ... ok

test result: ok. 4 passed; 0 failed; 0 ignored; 0 measured; 0 filtered out; finished in 0.00s

     Running tests/view_charts.rs (/home/shawn/workspace2/scratchpads/suprnova-target/debug/deps/view_charts-6df042a8081bb722)

running 6 tests
test data_006_a_value_beyond_the_renderer_range_is_an_input_error ... ok
test a_series_whose_length_differs_from_the_labels_is_a_shape_error ... ok
test too_many_points_or_series_are_rejected_before_rendering ... ok
test markup_in_a_label_or_a_name_and_a_non_finite_value_are_input_errors ... ok
test a_bar_chart_and_a_line_chart_render_as_svg_with_the_labels_and_the_series_name ... ok
test data_006_every_finite_series_renders_or_is_refused_without_panicking ... ok

test result: ok. 6 passed; 0 failed; 0 ignored; 0 measured; 0 filtered out; finished in 0.20s

     Running tests/view_contract.rs (/home/shawn/workspace2/scratchpads/suprnova-target/debug/deps/view_contract-78419d1d01c65168)

running 3 tests
test missing_runtime_view_data_has_a_distinct_source_oriented_failure ... ok
test failed_render_discards_every_partial_byte ... ok
test bounded_writer_aborts_before_oversized_html_can_be_published ... ok

test result: ok. 3 passed; 0 failed; 0 ignored; 0 measured; 0 filtered out; finished in 0.00s

     Running tests/view_escaping.rs (/home/shawn/workspace2/scratchpads/suprnova-target/debug/deps/view_escaping-409b8abccd60fbdc)

running 4 tests
test registered_sanitizer_writes_through_the_framework_byte_ceiling ... ok
test only_explicit_trusted_html_filter_emits_unescaped_markup ... ok
test registered_sanitizer_output_can_cross_the_same_audited_boundary ... ok
test askama_html_interpolation_is_escaped_by_default ... ok

test result: ok. 4 passed; 0 failed; 0 ignored; 0 measured; 0 filtered out; finished in 0.00s

     Running tests/view_live_key.rs (/home/shawn/workspace2/scratchpads/suprnova-target/debug/deps/view_live_key-ad60fea8a3fb936d)

running 6 tests
test an_empty_key_fails_the_render ... ok
test the_rule_matches_the_checker_bounds ... ok
test live_033_a_key_starts_with_a_letter_or_a_digit_as_the_runtime_requires ... ok
test a_key_with_a_forbidden_byte_fails_the_render ... ok
test well_formed_keys_render_unchanged ... ok
test live_035_the_digest_filter_keys_any_value_with_a_stable_accepted_key ... ok

test result: ok. 6 passed; 0 failed; 0 ignored; 0 measured; 0 filtered out; finished in 0.00s

     Running tests/workspace_contract.rs (/home/shawn/workspace2/scratchpads/suprnova-target/debug/deps/workspace_contract-95e9962d531b4a8c)

running 3 tests
test exposes_the_kernel_version_contract ... ok
test helper_packages_are_non_publishable_and_featureless ... ok
test workspace_declares_the_internal_kernel_packages ... ok

test result: ok. 3 passed; 0 failed; 0 ignored; 0 measured; 0 filtered out; finished in 0.02s

     Running benches/action_framework_budget.rs (/home/shawn/workspace2/scratchpads/suprnova-target/debug/deps/action_framework_budget-9e1304f5c041b8ce)
action framework budget debug contract check only; release timing skipped
     Running benches/async_framework_budget.rs (/home/shawn/workspace2/scratchpads/suprnova-target/debug/deps/async_framework_budget-52a8073077564894)
E100/1K server owner debug contract check transports=1 memberships=100 dispatches=1100 queue=32/32768 fairness=1 mismatches=0; evidence write skipped
     Running benches/render_cache_budget.rs (/home/shawn/workspace2/scratchpads/suprnova-target/debug/deps/render_cache_budget-abccc1f2b8b0b17b)
C64 Complete hot hit: allocations max=3 (3=100) bytes=1313 p50=0.000us p95=0.000us body_shared=true
C64 conditional 304: allocations max=3 (3=100) bytes=1313 p50=0.000us p95=0.000us
C64 seed-deadline hit: allocations max=4 (4=100) bytes=1332 body_shared=true
C64+4 Composite assembly: allocated bytes max=85051 over 81920 source bytes, copy ratio 1.0382 p50=0.000us p95=0.000us
render cache budget debug contract and allocation checks only; release timing skipped
     Running benches/snapshot_budget.rs (/home/shawn/workspace2/scratchpads/suprnova-target/debug/deps/snapshot_budget-40a5f5c02f159ffd)
snapshot budget debug contract check only; release timing skipped
     Running benches/upload_framework_budget.rs (/home/shawn/workspace2/scratchpads/suprnova-target/debug/deps/upload_framework_budget-f95fa1727f849550)
upload framework budget debug contract check only; release timing skipped
     Running unittests src/lib.rs (/home/shawn/workspace2/scratchpads/suprnova-target/debug/deps/suprnova_live_macro_fixture-b76e15a799873031)

running 1 test
test tests::generated_descriptor_uses_stable_default_metadata ... ok

test result: ok. 1 passed; 0 failed; 0 ignored; 0 measured; 0 filtered out; finished in 0.00s

     Running unittests src/lib.rs (/home/shawn/workspace2/scratchpads/suprnova-target/debug/deps/suprnova_live_test_support-4c185e77ce9339d1)

running 24 tests
test bench_environment::tests::a_processor_list_expands_ranges_and_ignores_unparsable_parts ... ok
test reference_host::artifacts::tests::manifest_file_names_are_single_closed_segments ... ok
test bench_environment::tests::a_qualified_record_has_nothing_unmet_and_each_defect_names_itself ... ok
test bench_environment::tests::the_percentile_rule_is_nearest_rank_and_one_based ... ok
test async_reference_host::tests::poll_validates_current_authority_and_returns_authoritative_continuity ... ok
test async_reference_host::tests::authority_rejects_browser_proposed_scope_and_future_position ... ok
test async_reference_host::tests::gap_is_n_plus_two_and_complete_replay_remains_rust_owned ... ok
test async_reference_host::tests::membership_binds_current_authority_transport_and_one_use_control ... ok
test async_reference_host::tests::delivery_requires_current_authenticated_membership_on_the_exact_transport ... ok
test reference_host::uploads::tests::the_interrupt_fault_drains_the_rest_of_the_body_before_it_is_reported ... ok
test reference_host::uploads::tests::the_post_interrupt_drain_stops_at_the_declared_part_size ... ok
test reference_host::uploads::tests::the_post_interrupt_drain_stops_when_the_host_shuts_down ... ok
test async_reference_host::tests::successor_authority_may_reuse_browser_generation_without_stale_close_aliasing ... ok
test reference_host::uploads::tests::upload_pause_is_exact_generation_bounded_and_auto_retires ... ok
test ledger_conformance::tests::the_suite_passes_over_the_embedded_provider ... ok
test reference_host::uploads::tests::retirement_waits_for_a_busy_upload_slot_before_cancelling_its_transfer ... ok
test reference_host::async_updates::tests::transport_generation_is_server_bound_and_stale_controls_are_rejected ... ok
test reference_host::async_updates::tests::websocket_initial_and_ongoing_frames_share_one_sequence_authority ... ok
test reference_host::async_updates::tests::physical_emission_requires_an_explicit_current_generation_step ... ok
test reference_host::async_updates::tests::stalled_membership_phase_does_not_block_a_sibling_and_cancellation_is_retryable ... ok
test render_store_conformance::tests::the_suite_passes_over_the_embedded_provider ... ok
test reference_host::uploads::tests::one_axum_frame_is_split_at_the_provider_pull_boundary_without_retained_excess ... ok
test bench_environment::tests::a_collected_record_agrees_with_its_own_classification_and_unmet_list ... ok
test reference_host::uploads::tests::every_detached_upload_operation_restores_state_when_its_future_is_aborted ... ok

test result: ok. 24 passed; 0 failed; 0 ignored; 0 measured; 0 filtered out; finished in 0.03s

     Running unittests src/bin/async-reference-host.rs (/home/shawn/workspace2/scratchpads/suprnova-target/debug/deps/async_reference_host-69dc542fbc653299)

running 1 test
test tests::broadcast_never_reaches_a_transport_before_authenticated_membership ... ok

test result: ok. 1 passed; 0 failed; 0 ignored; 0 measured; 0 filtered out; finished in 0.00s

     Running unittests src/bin/correctness-delay-rust-parser.rs (/home/shawn/workspace2/scratchpads/suprnova-target/debug/deps/correctness_delay_rust_parser-cae08ba13e9253df)

running 0 tests

test result: ok. 0 passed; 0 failed; 0 ignored; 0 measured; 0 filtered out; finished in 0.00s

     Running unittests src/bin/suprnova-live-reference-host.rs (/home/shawn/workspace2/scratchpads/suprnova-target/debug/deps/suprnova_live_reference_host-7650fcf71d50b18e)

running 1 test
test tests::launcher_accepts_only_closed_compiled_fault_names ... ok

test result: ok. 1 passed; 0 failed; 0 ignored; 0 measured; 0 filtered out; finished in 0.00s

     Running tests/reference_host.rs (/home/shawn/workspace2/scratchpads/suprnova-target/debug/deps/reference_host-5c1b67fa59854298)

running 28 tests
test invalid_production_manifest_fails_before_the_port_is_bound ... ok
test forged_manifest_relationships_fail_before_the_port_is_bound ... ok
test canceled_fresh_render_without_host_commit_releases_rollbackable_claim ... ok
test aborted_chunk_restores_coherent_upload_state_and_shutdown_removes_quarantine_bytes ... ok
test direct_transfer_stores_reports_verifies_completes_and_finalizes ... ok
test async_emission_control_is_generation_bound_and_explicit ... ok
test poll_rejects_a_fresh_render_for_the_wrong_island ... ok
test multipart_completion_verifies_the_truthful_whole_quarantine_digest ... ok
test ordinary_application_action_uses_registered_component_and_advances_domain_revision ... ok
test document_transports_are_deduplicated_bounded_and_allow_one_physical_reader ... ok
test trusted_compiled_upload_interrupt_is_consumed_once_by_the_physical_body ... ok
test provider_partial_failure_compensates_then_retries_through_the_real_finalizer ... ok
test serves_only_validated_manifest_owned_production_assets ... ok
test shutdown_closes_owned_sockets_files_and_timers ... ok
test upload_handles_are_not_authority_and_reacquire_uses_application_session_ownership ... ok
test scan_timeout_control_drives_the_real_validation_service_and_preserves_live_work ... ok
test upload_reacquire_returns_the_authoritative_partial_multipart_cursor ... ok
test upload_creation_window_reset_requires_a_quiescent_test_host ... ok
test upload_routes_use_real_chunked_bodies_and_constrained_direct_instructions ... ok
test websocket_upgrade_rejects_every_hostile_origin_shape_before_transport_lookup ... ok
test finalizer_fault_controls_are_exactly_handle_revision_scoped_and_one_shot ... ok
test async_routes_authorize_poll_sse_and_one_bounded_websocket ... ok
test upload_race_control_runs_both_real_winner_orderings_without_leaks ... ok
test rejected_reauthorization_cannot_restore_revoked_membership_authority ... ok
test async_adversarial_controls_execute_the_real_delivery_owners ... ok
test websocket_multiplexes_two_memberships_streams_and_shuts_down_an_open_socket ... ok
test websocket_policy_close_completes_the_closing_handshake_before_dropping_the_socket ... ok
test websocket_policy_close_ends_the_socket_after_the_handshake_deadline_without_a_reply ... ok

test result: ok. 28 passed; 0 failed; 0 ignored; 0 measured; 0 filtered out; finished in 1.09s

     Running unittests src/lib.rs (/home/shawn/workspace2/scratchpads/suprnova-target/debug/deps/suprnova_macros-5921c2880cc6e39f)

running 103 tests
test factory::tests::factory_valid_camelcase_name_accepted ... ok
test domain_error::tests::unknown_key_now_rejected ... ok
test describe::tests::test_to_snake_case ... ok
test factory::tests::factory_name_with_dash_rejected ... ok
test domain_error::tests::overflow_status_now_rejected ... ok
test domain_error::tests::happy_path_status_and_message ... ok
test domain_error::tests::wrong_literal_type_now_rejected ... ok
test handler::tests::accepts_primitive_plus_form_request_mix ... ok
test handler::tests::accepts_primitive_plus_request_mix ... ok
test factory::tests::factory_name_with_space_rejected ... ok
test handler::tests::accepts_model_plus_form_request_mix ... ok
test factory::tests::factory_no_attribute_uses_default ... ok
test handler::tests::accepts_zero_params ... ok
test handler::tests::accepts_single_form_request ... ok
test handler::tests::accepts_single_request ... ok
test handler::tests::rejects_request_plus_form_request ... ok
test live::expand::tests::path_guard_rejects_development_runtime_names ... ok
test inertia::tests::json_props_branch_does_not_wrap_in_framework_error ... ok
test main_macro::tests::an_unknown_key_is_rejected ... ok
test handler::tests::rejects_three_form_request_params ... ok
test inertia::tests::typed_props_branch_uses_question_mark_not_expect ... ok
test main_macro::tests::an_unknown_flavor_is_rejected ... ok
test main_macro::tests::current_thread_flavor_parses ... ok
test handler::tests::rejects_two_form_request_params ... ok
test inertia::tests::non_object_branch_returns_err_not_panic ... ok
test main_macro::tests::no_arguments_defaults_to_multi_thread ... ok
test main_macro::tests::worker_threads_parses_with_the_default_flavor ... ok
test main_macro::tests::worker_threads_conflicts_with_current_thread ... ok
test main_macro::tests::the_expansion_records_the_application_build_id_after_loading_the_environment ... ok
test model::casts::tests::from_storage_arm_panic_includes_field_name ... ok
test model::casts::tests::try_to_storage_arm_propagates_and_names_field ... ok
test model::casts::tests::to_storage_arm_panic_includes_field_name ... ok
test model::casts::tests::try_arms_for_non_cast_fields_are_trivial_moves ... ok
test model::parse::tests::collection_of_datetime_left_alone ... ok
test model::casts::tests::non_cast_field_arms_are_trivial_assignments ... ok
test model::parse::tests::invalid_created_at_rejected_at_parse_time ... ok
test model::parse::tests::invalid_mutator_entry_rejected_at_parse_time ... ok
test model::casts::tests::try_from_storage_arm_propagates_and_names_field ... ok
test model::parse::tests::invalid_relation_fk_rejected_at_parse_time ... ok
test model::parse::tests::fillable_and_guarded_conflict_errors ... ok
test model::parse::tests::non_utc_datetime_left_alone ... ok
test model::parse::tests::invalid_updated_at_rejected_at_parse_time ... ok
test model::parse::tests::parse_defaults_minimal ... ok
test model::parse::tests::invalid_relation_morph_name_rejected_at_parse_time ... ok
test model::parse::tests::parse_casts_attribute ... ok
test model::parse::tests::parse_relations_belongs_to_many_requires_pivot ... ok
test model::parse::tests::invalid_soft_deletes_column_rejected_at_parse_time ... ok
test model::parse::tests::parse_explicit_table ... ok
test model::parse::tests::parse_relations_belongs_to_many_with_custom_pivot_columns ... ok
test model::parse::tests::parse_relations_empty_body_is_allowed ... ok
test model::parse::tests::invalid_append_ident_rejected_at_parse_time ... ok
test model::parse::tests::hidden_and_visible_conflict_errors ... ok
test live::expand::tests::component_and_impl_expansions_use_only_the_public_live_facade ... ok
test model::parse::tests::parse_relations_has_many_rejects_pivot ... ok
test model::parse::tests::parse_relations_belongs_to_many_with_pivot ... ok
test model::parse::tests::parse_relations_morph_to_requires_targets ... ok
test model::parse::tests::parse_relations_morph_to_with_empty_options_block_still_requires_targets ... ok
test model::parse::tests::parse_relations_minimal ... ok
test model::parse::tests::parse_relations_morph_to_rejects_empty_targets ... ok
test model::parse::tests::parse_relations_multiple_entries ... ok
test model::parse::tests::parse_relations_morph_to_rejects_generics ... ok
test model::parse::tests::parse_relations_rejects_unknown_kind ... ok
test model::parse::tests::parse_relations_morph_to_with_targets ... ok
test model::parse::tests::parse_relations_morph_to_rejects_overlapping_dispatch_keys ... ok
test model::parse::tests::parse_relations_rejects_unknown_option ... ok
test model::parse::tests::parse_relations_targets_only_on_morph_to ... ok
test model::parse::tests::pluralize_handles_common_cases ... ok
test model::parse::tests::parse_relations_with_options ... ok
test model::parse::tests::parse_relations_through_keys ... ok
test model::parse::tests::primary_key_with_datetime_type_skipped ... ok
test model::parse::tests::qualified_chrono_paths_match ... ok
test model::parse::tests::timestamps_auto_detect_neither_column_disabled ... ok
test model::parse::tests::timestamps_auto_detect_both_columns_enabled ... ok
test model::parse::tests::timestamps_false_disables_auto_management_but_keeps_type_bridge ... ok
test model::parse::tests::timestamps_custom_column_names ... ok
test model::parse::tests::timestamps_auto_detect_partial_errors ... ok
test model::parse::tests::touches_attribute_parses ... ok
test model::parse::tests::timestamps_user_cast_override_preserved ... ok
test model::parse::tests::user_cast_override_on_arbitrary_datetime_field_preserved ... ok
test model::parse::tests::valid_mutator_entries_accepted ... ok
test model::relations::tests::format_target_type_option_target_round_trips_without_spaces ... ok
test model::parse::tests::user_datetime_field_gets_auto_as_date_time ... ok
test model::relations::tests::format_target_type_qualified_path_round_trips_without_spaces ... ok
test model::parse::tests::valid_append_ident_accepted ... ok
test model::relations::tests::format_target_type_nested_generics_round_trip_without_spaces ... ok
test model::parse::tests::user_optional_datetime_field_gets_auto_as_optional_date_time ... ok
test model::relations::tests::format_target_type_strips_spaces_around_generics ... ok
test model::relations::tests::format_target_type_vec_target_round_trips_without_spaces ... ok
test model_attribute::tests::accessor_passes_function_through_unchanged ... ok
test multipart::tests::missing_field_attr_emits_compile_error ... ok
test model_attribute::tests::mutator_passes_function_through_unchanged ... ok
test multipart::tests::unknown_multipart_option_emits_compile_error ... ok
test multipart::tests::tuple_struct_emits_compile_error ... ok
test observer::tests::camelcase_with_multiple_words_snake_cased ... ok
test observer::tests::leading_colon_absolute_path_preserved ... ok
test observer::tests::non_path_input_rejected_by_parse_path ... ok
test observer::tests::multi_segment_only_last_is_snake_cased ... ok
test observer::tests::single_segment_camelcase_snake_cases ... ok
test observer::tests::super_relative_path_handled ... ok
test suprnova_test::tests::empty_attribute_parses_cleanly ... ok
test suprnova_test::tests::known_key_parses_cleanly ... ok
test suprnova_test::tests::unknown_key_is_rejected ... ok
test multipart::tests::known_multipart_options_compile_through ... ok

test result: ok. 103 passed; 0 failed; 0 ignored; 0 measured; 0 filtered out; finished in 0.01s

     Running tests/data_derive.rs (/home/shawn/workspace2/scratchpads/suprnova-target/debug/deps/data_derive-c2264d95cbcaf82d)

running 10 tests
test allow_include_fields_register_via_inventory ... ok
test auto_lazy_marks_all_prop_typed_fields ... ok
test deserialize_option_null_yields_none ... ok
test deserialize_accepts_input_payload ... ok
test deserialize_option_passes_through_value ... ok
test deserialize_treats_option_as_absent_default_none ... ok
test into_inertia_props_emits_owner_tagged_lazy ... ok
test deserialize_rejects_output_only_in_payload ... ok
test lazy_field_registers_in_allowlist ... ok
test serialize_skips_input_only_fields ... ok

test result: ok. 10 passed; 0 failed; 0 ignored; 0 measured; 0 filtered out; finished in 0.00s

     Running tests/live_ui.rs (/home/shawn/workspace2/scratchpads/suprnova-target/debug/deps/live_ui-0839ce93725bc0e6)

running 1 test
   Compiling suprnova-live v2.0.2 (/home/shawn/workspace2/suprnova/crates/suprnova-live)
   Compiling suprnova v2.0.2 (/home/shawn/workspace2/suprnova/framework)
   Compiling suprnova-macros-tests v0.0.0 (/home/shawn/workspace2/scratchpads/suprnova-target/tests/trybuild/suprnova-macros)
    Finished `dev` profile [unoptimized + debuginfo] target(s) in 3.80s


test [0m[1mtests/ui/live/pass/all_metadata.rs[0m [should pass] ... [0m[32mok
[0mtest [0m[1mtests/ui/live/pass/minimal.rs[0m [should pass] ... [0m[32mok
[0mtest [0m[1mtests/ui/live/pass/streams.rs[0m [should pass] ... [0m[32mok
[0mtest [0m[1mtests/ui/live/pass/upload_policy.rs[0m [should pass] ... [0m[32mok
[0mtest [0m[1mtests/ui/live/fail/conflicting_model_timing.rs[0m [should fail to compile] ... [0m[32mok
[0mtest [0m[1mtests/ui/live/fail/duplicate_action_name.rs[0m [should fail to compile] ... [0m[32mok
[0mtest [0m[1mtests/ui/live/fail/duplicate_struct_helper.rs[0m [should fail to compile] ... [0m[32mok
[0mtest [0m[1mtests/ui/live/fail/duplicate_url_query.rs[0m [should fail to compile] ... [0m[32mok
[0mtest [0m[1mtests/ui/live/fail/event_payload_contract.rs[0m [should fail to compile] ... [0m[32mok
[0mtest [0m[1mtests/ui/live/fail/generic_component.rs[0m [should fail to compile] ... [0m[32mok
[0mtest [0m[1mtests/ui/live/fail/invalid_action_signature.rs[0m [should fail to compile] ... [0m[32mok
[0mtest [0m[1mtests/ui/live/fail/invalid_debounce.rs[0m [should fail to compile] ... [0m[32mok
[0mtest [0m[1mtests/ui/live/fail/invalid_name.rs[0m [should fail to compile] ... [0m[32mok
[0mtest [0m[1mtests/ui/live/fail/invalid_version.rs[0m [should fail to compile] ... [0m[32mok
[0mtest [0m[1mtests/ui/live/fail/misplaced_helper.rs[0m [should fail to compile] ... [0m[32mok
[0mtest [0m[1mtests/ui/live/fail/model_locked.rs[0m [should fail to compile] ... [0m[32mok
[0mtest [0m[1mtests/ui/live/fail/mount_destructured_parameter.rs[0m [should fail to compile] ... [0m[32mok
[0mtest [0m[1mtests/ui/live/fail/mount_reference_parameter.rs[0m [should fail to compile] ... [0m[32mok
[0mtest [0m[1mtests/ui/live/fail/no_zero_input_verified_context.rs[0m [should fail to compile] ... [0m[32mok
[0mtest [0m[1mtests/ui/live/fail/private_action.rs[0m [should fail to compile] ... [0m[32mok
[0mtest [0m[1mtests/ui/live/fail/private_component.rs[0m [should fail to compile] ... [0m[32mok
[0mtest [0m[1mtests/ui/live/fail/reference_state.rs[0m [should fail to compile] ... [0m[32mok
[0mtest [0m[1mtests/ui/live/fail/refresh_requires_v2.rs[0m [should fail to compile] ... [0m[32mok
[0mtest [0m[1mtests/ui/live/fail/secret_url.rs[0m [should fail to compile] ... [0m[32mok
[0mtest [0m[1mtests/ui/live/fail/server_only_url.rs[0m [should fail to compile] ... [0m[32mok
[0mtest [0m[1mtests/ui/live/fail/session_dehydrated.rs[0m [should fail to compile] ... [0m[32mok
[0mtest [0m[1mtests/ui/live/fail/stream_duplicate_event.rs[0m [should fail to compile] ... [0m[32mok
[0mtest [0m[1mtests/ui/live/fail/stream_invalid_mode.rs[0m [should fail to compile] ... [0m[32mok
[0mtest [0m[1mtests/ui/live/fail/stream_requires_v2.rs[0m [should fail to compile] ... [0m[32mok
[0mtest [0m[1mtests/ui/live/fail/stream_unknown_helper.rs[0m [should fail to compile] ... [0m[32mok
[0mtest [0m[1mtests/ui/live/fail/transient_url.rs[0m [should fail to compile] ... [0m[32mok
[0mtest [0m[1mtests/ui/live/fail/transient_without_model.rs[0m [should fail to compile] ... [0m[32mok
[0mtest [0m[1mtests/ui/live/fail/unknown_method_helper.rs[0m [should fail to compile] ... [0m[32mok
[0mtest [0m[1mtests/ui/live/fail/unknown_struct_helper.rs[0m [should fail to compile] ... [0m[32mok
[0mtest [0m[1mtests/ui/live/fail/unlisted_model_debounce.rs[0m [should fail to compile] ... [0m[32mok
[0mtest [0m[1mtests/ui/live/fail/unsupported_protocol.rs[0m [should fail to compile] ... [0m[32mok
[0mtest [0m[1mtests/ui/live/fail/unsupported_url_codec.rs[0m [should fail to compile] ... [0m[32mok
[0mtest [0m[1mtests/ui/live/fail/upload_duplicate_helper.rs[0m [should fail to compile] ... [0m[32mok
[0mtest [0m[1mtests/ui/live/fail/upload_misplaced_helper.rs[0m [should fail to compile] ... [0m[32mok
[0mtest [0m[1mtests/ui/live/fail/upload_non_model.rs[0m [should fail to compile] ... [0m[32mok
[0mtest [0m[1mtests/ui/live/fail/upload_policy_return.rs[0m [should fail to compile] ... [0m[32mok
[0mtest [0m[1mtests/ui/live/fail/upload_policy_signature.rs[0m [should fail to compile] ... [0m[32mok
[0mtest [0m[1mtests/ui/live/fail/upload_unknown_helper.rs[0m [should fail to compile] ... [0m[32mok
[0mtest [0m[1mtests/ui/live/fail/validation_selection_without_hook.rs[0m [should fail to compile] ... [0m[32mok
[0m

test live_component_authoring_contract ... ok

test result: ok. 1 passed; 0 failed; 0 ignored; 0 measured; 0 filtered out; finished in 41.13s

   Compiling writeable v0.6.3
   Compiling litemap v0.8.2
   Compiling utf8_iter v1.0.4
   Compiling zerofrom v0.1.8
   Compiling icu_properties_data v2.2.0
   Compiling icu_normalizer_data v2.2.0
   Compiling futures-executor v0.3.32
   Compiling num-integer v0.1.46
   Compiling rustls-pki-types v1.14.1
   Compiling ring v0.17.14
   Compiling aho-corasick v1.1.4
   Compiling aws-lc-sys v0.45.0
   Compiling yoke v0.8.2
   Compiling hex v0.4.3
   Compiling untrusted v0.9.0
   Compiling num-bigint v0.4.6
   Compiling futures v0.3.32
   Compiling sha1 v0.11.0
   Compiling anyhow v1.0.103
   Compiling crossbeam-utils v0.8.21
   Compiling zerovec v0.11.6
   Compiling zerotrie v0.2.4
   Compiling webpki-roots v1.0.7
   Compiling md-5 v0.11.0
   Compiling lazy_static v1.5.0
   Compiling iana-time-zone v0.1.65
   Compiling regex-automata v0.4.14
   Compiling darling_core v0.20.11
   Compiling sha2 v0.10.9
   Compiling spin v0.9.9
   Compiling parking v2.2.1
   Compiling chrono v0.4.44
   Compiling base64ct v1.8.3
   Compiling jiff v0.2.32
   Compiling tinystr v0.8.3
   Compiling potential_utf v0.1.5
   Compiling rust_decimal v1.42.0
   Compiling event-listener v5.4.2
   Compiling bigdecimal v0.4.10
   Compiling tokio-stream v0.1.18
   Compiling simd-adler32 v0.3.9
   Compiling tinyvec_macros v0.1.1
   Compiling icu_locale_core v2.2.0
   Compiling icu_collections v2.2.0
   Compiling darling_macro v0.20.11
   Compiling darling v0.20.11
   Compiling minimal-lexical v0.2.1
   Compiling arrayvec v0.7.6
   Compiling foldhash v0.2.0
   Compiling crc32fast v1.5.0
   Compiling tinyvec v1.11.0
   Compiling pem-rfc7468 v0.7.0
   Compiling openssl-sys v0.9.116
   Compiling nom v7.1.3
   Compiling quick-xml v0.41.0
   Compiling hashbrown v0.16.1
   Compiling adler2 v2.0.1
   Compiling icu_provider v2.2.0
   Compiling crc-catalog v2.5.0
   Compiling miniz_oxide v0.8.9
   Compiling hashlink v0.11.1
   Compiling regex v1.12.3
   Compiling crc v3.4.0
   Compiling icu_properties v2.2.0
   Compiling icu_normalizer v2.2.0
   Compiling unicode-normalization v0.1.25
   Compiling der v0.7.10
   Compiling reqsign-core v3.1.0 (https://github.com/apache/opendal-reqsign.git?rev=b49cd2996b9d2d9944e84481f8835ff55b188b97#b49cd299)
   Compiling crossbeam-queue v0.3.12
   Compiling futures-intrusive v0.5.0
   Compiling mea v0.6.3
   Compiling icu_locale_data v2.2.0
   Compiling askama_derive v0.16.0
   Compiling flate2 v1.1.9
   Compiling dotenvy v0.15.7
   Compiling libsqlite3-sys v0.30.1
   Compiling spki v0.7.3
   Compiling idna_adapter v1.2.2
   Compiling oxideav-core v0.1.34
   Compiling atoi v2.0.0
   Compiling ff v0.13.1
   Compiling base16ct v0.2.0
   Compiling unicode-bidi v0.3.18
   Compiling pkcs8 v0.10.2
   Compiling idna v1.1.0
   Compiling unicode-properties v0.1.4
   Compiling foreign-types-shared v0.1.1
   Compiling base64 v0.21.7
   Compiling group v0.13.0
   Compiling openssl v0.10.80
   Compiling icu_locale v2.2.0
   Compiling sec1 v0.7.3
   Compiling foreign-types v0.3.2
   Compiling rusticata-macros v4.1.0
   Compiling stringprep v0.1.5
   Compiling askama_macros v0.16.0
   Compiling url v2.5.8
   Compiling askama v0.16.0
   Compiling unic-langid-impl v0.9.6
   Compiling flume v0.12.0
   Compiling crypto-bigint v0.5.5
   Compiling inout v0.1.4
   Compiling whoami v2.1.3
   Compiling memoffset v0.9.1
   Compiling asn1-rs v0.6.2
   Compiling unic-langid-macros-impl v0.9.6
   Compiling opendal-core v0.58.0 (https://github.com/eas4ai/opendal.git?rev=88717391eb72c9839d3f8e79fccad9f22fc3a1b4#88717391)
   Compiling tower-http v0.6.11
   Compiling cipher v0.4.4
   Compiling const-random v0.1.18
   Compiling sea-query-derive v1.0.0
   Compiling ordered-float v4.6.0
   Compiling http v0.2.12
   Compiling vsimd v0.8.0
   Compiling elliptic-curve v0.13.8
   Compiling utf8parse v0.2.2
   Compiling hashbrown v0.14.5
   Compiling openssl-probe v0.2.1
   Compiling same-file v1.0.6
   Compiling outref v0.5.2
   Compiling dtoa v1.0.11
   Compiling anstyle-parse v1.0.0
   Compiling rustls-native-certs v0.8.3
   Compiling sea-query v1.0.2
   Compiling walkdir v2.5.0
   Compiling http-body v0.4.6
   Compiling base64-simd v0.8.0
   Compiling oid-registry v0.7.1
   Compiling icu_plurals_data v2.2.0
   Compiling base64urlsafedata v0.5.5
   Compiling dlv-list v0.5.2
   Compiling crossbeam-epoch v0.9.20
   Compiling async-stream v0.3.6
   Compiling unic-langid-macros v0.9.6
   Compiling nix v0.29.0
   Compiling phf v0.11.3
   Compiling rfc6979 v0.4.0
   Compiling parse-zoneinfo v0.3.1
   Compiling fdeflate v0.3.7
   Compiling combine v4.6.7
   Compiling signature v2.2.0
   Compiling bytes-utils v0.1.4
   Compiling colorchoice v1.0.5
   Compiling anstyle-query v1.1.5
   Compiling anstyle v1.0.14
   Compiling is_terminal_polyfill v1.70.2
   Compiling pxfm v0.1.29
   Compiling pin-utils v0.1.0
   Compiling icu_calendar_data v2.2.0
   Compiling ecdsa v0.16.9
   Compiling png v0.18.1
   Compiling icu_decimal_data v2.2.0
   Compiling chrono-tz-build v0.3.0
   Compiling pest v2.8.6
   Compiling webauthn-attestation-ca v0.5.5
   Compiling indexmap v1.9.3
   Compiling aws-smithy-types v1.4.8
   Compiling anstream v1.0.0
   Compiling onig_sys v69.9.3
   Compiling unic-langid v0.9.6
   Compiling ordered-multimap v0.7.3
   Compiling primeorder v0.13.6
   Compiling der-parser v9.0.0
   Compiling sea-streamer-types v0.5.2
   Compiling prost-derive v0.13.5
   Compiling pluralizer v0.5.0
   Compiling flume v0.11.1
   Compiling sea-streamer-runtime v0.5.0
   Compiling darling_core v0.23.0
   Compiling moxcms v0.8.1
   Compiling fixed_decimal v0.7.2
   Compiling half v2.7.1
   Compiling universal-hash v0.5.1
   Compiling aws-smithy-async v1.2.14
   Compiling thread_local v1.1.9
   Compiling bstr v1.12.1
   Compiling static_assertions v1.1.0
   Compiling opaque-debug v0.3.1
   Compiling byteorder-lite v0.1.0
   Compiling aliasable v0.1.3
   Compiling hashbrown v0.12.3
   Compiling clap_lex v1.1.0
   Compiling icu_list_data v2.2.0
   Compiling icu_casemap_data v2.2.0
   Compiling aws-smithy-runtime-api v1.12.1
   Compiling polyval v0.6.2
   Compiling ouroboros v0.18.5
   Compiling globset v0.4.18
   Compiling icu_time_data v2.2.1
   Compiling webauthn-rs-core v0.5.5
   Compiling serde_cbor_2 v0.13.0
   Compiling darling_macro v0.23.0
   Compiling icu_plurals v2.2.0
   Compiling prometheus-client v0.25.0
   Compiling pin-project v1.1.13
   Compiling clap_builder v4.6.0
   Compiling sea-orm-macros v2.0.2
   Compiling x509-parser v0.16.0
   Compiling image v0.25.10
   Compiling prost v0.13.5
   Compiling mac_address v1.1.8
   Compiling p256 v0.13.2
   Compiling suprnova-live v2.0.2 (/home/shawn/workspace2/suprnova/crates/suprnova-live)
   Compiling redis v0.25.5
   Compiling crossbeam-deque v0.8.6
   Compiling rust-ini v0.21.3
   Compiling pest_meta v2.8.6
   Compiling chrono-tz v0.9.0
   Compiling derive_more v2.1.1
   Compiling mime_guess v2.0.5
   Compiling webauthn-rs-proto v0.5.5
   Compiling matchers v0.2.0
   Compiling derive_builder_core v0.20.2
   Compiling icu_pattern v0.4.2
   Compiling simple_asn1 v0.6.4
   Compiling calendrical_calculations v0.2.4
   Compiling sharded-slab v0.1.7
   Compiling backon v1.6.0
   Compiling inout v0.2.2
   Compiling tracing-serde v0.2.0
   Compiling tracing-log v0.2.0
   Compiling pem v3.0.6
   Compiling deunicode v1.6.2
   Compiling spin v0.10.1
   Compiling ixdtf v0.6.5
   Compiling qrcodegen v1.8.0
   Compiling nu-ansi-term v0.50.3
   Compiling strum v0.28.0
   Compiling icu_experimental_data v0.5.0
   Compiling jetscii v0.5.3
   Compiling icu_datetime_data v2.2.0
   Compiling cipher v0.5.2
   Compiling sea-streamer-redis v0.5.2
   Compiling crc-fast v1.10.0
   Compiling derive_builder_macro v0.20.2
   Compiling tracing-subscriber v0.3.23
   Compiling icu_calendar v2.2.1
   Compiling qrcodegen-image v1.5.1
   Compiling icu_decimal v2.2.0
   Compiling jsonwebtoken v9.3.1
   Compiling pest_generator v2.8.6
   Compiling clap v4.6.1
   Compiling reqsign-aws-v4 v3.0.2 (https://github.com/apache/opendal-reqsign.git?rev=b49cd2996b9d2d9944e84481f8835ff55b188b97#b49cd299)
   Compiling ignore v0.4.25
   Compiling tower v0.4.13
   Compiling ghash v0.5.1
   Compiling darling v0.23.0
   Compiling sea-streamer-stdio v0.5.0
   Compiling opendal-layer-observe-metrics-common v0.58.0 (https://github.com/eas4ai/opendal.git?rev=88717391eb72c9839d3f8e79fccad9f22fc3a1b4#88717391)
   Compiling dtoa-short v0.3.5
   Compiling aes v0.8.4
   Compiling ctr v0.9.2
   Compiling blowfish v0.9.1
   Compiling xattr v1.6.1
   Compiling reqsign-file-read-tokio v3.0.2 (https://github.com/apache/opendal-reqsign.git?rev=b49cd2996b9d2d9944e84481f8835ff55b188b97#b49cd299)
   Compiling hkdf v0.12.4
   Compiling suprnova-macros v2.0.2 (/home/shawn/workspace2/suprnova/suprnova-macros)
   Compiling tungstenite v0.29.0
   Compiling event-listener-strategy v0.5.4
   Compiling password-hash v0.5.0
   Compiling hyper-timeout v0.5.2
   Compiling type-map v0.5.1
   Compiling rustls-pemfile v2.2.0
   Compiling blake2 v0.10.6
   Compiling aead v0.5.2
   Compiling bincode v1.3.3
   Compiling tinystr v0.7.6
   Compiling socket2 v0.5.10
   Compiling writeable v0.5.5
   Compiling base32 v0.5.1
   Compiling urlencoding v2.1.3
   Compiling litemap v0.7.5
   Compiling constant_time_eq v0.3.1
   Compiling argon2 v0.5.3
   Compiling async-lock v3.4.2
   Compiling sea-orm-cli v2.0.2
   Compiling target-triple v1.0.1
   Compiling tokio-tungstenite v0.29.0
   Compiling multer v3.1.0
   Compiling iso_currency v0.5.3
   Compiling aes-gcm v0.10.3
   Compiling intl-memoizer v0.5.3
   Compiling icu_locid v1.5.0
   Compiling ece v2.3.1
   Compiling totp-rs v5.7.1
   Compiling bcrypt v0.17.1
   Compiling opendal-service-s3 v0.58.0 (https://github.com/eas4ai/opendal.git?rev=88717391eb72c9839d3f8e79fccad9f22fc3a1b4#88717391)
   Compiling opendal-service-fs v0.58.0 (https://github.com/eas4ai/opendal.git?rev=88717391eb72c9839d3f8e79fccad9f22fc3a1b4#88717391)
   Compiling sea-streamer-socket v0.5.2
   Compiling icu_list v2.2.0
   Compiling opendal-layer-prometheus-client v0.58.0 (https://github.com/eas4ai/opendal.git?rev=88717391eb72c9839d3f8e79fccad9f22fc3a1b4#88717391)
   Compiling cssparser v0.37.0
   Compiling icu_casemap v2.2.0
   Compiling globwalk v0.9.1
   Compiling icu_time v2.2.0
   Compiling webauthn-rs v0.5.5
   Compiling validator_derive v0.20.1
   Compiling pest_derive v2.8.6
   Compiling blowfish v0.10.0
   Compiling derive_builder v0.20.2
   Compiling slug v0.1.6
   Compiling comrak v0.52.0
   Compiling opendal-layer-retry v0.58.0 (https://github.com/eas4ai/opendal.git?rev=88717391eb72c9839d3f8e79fccad9f22fc3a1b4#88717391)
   Compiling prost-types v0.13.5
   Compiling aws-credential-types v1.2.14
   Compiling aws-smithy-http v0.63.6
   Compiling fluent-langneg v0.13.1
   Compiling intl_pluralrules v7.0.2
   Compiling opendal-layer-tracing v0.58.0 (https://github.com/eas4ai/opendal.git?rev=88717391eb72c9839d3f8e79fccad9f22fc3a1b4#88717391)
   Compiling opendal-layer-logging v0.58.0 (https://github.com/eas4ai/opendal.git?rev=88717391eb72c9839d3f8e79fccad9f22fc3a1b4#88717391)
   Compiling opendal-layer-timeout v0.58.0 (https://github.com/eas4ai/opendal.git?rev=88717391eb72c9839d3f8e79fccad9f22fc3a1b4#88717391)
   Compiling oxideav-vp8 v0.2.6
   Compiling caseless v0.2.2
   Compiling dummy v0.12.0
   Compiling num-rational v0.4.2
   Compiling toml_parser v1.1.2+spec-1.1.0
   Compiling iso_country v0.1.4
   Compiling cfb v0.7.3
   Compiling humansize v2.1.3
   Compiling fluent-syntax v0.12.0
   Compiling email-encoding v0.4.1
   Compiling secrecy v0.10.3
   Compiling serde_spanned v1.1.1
   Compiling toml_datetime v1.1.1+spec-1.1.0
   Compiling hostname v0.4.2
   Compiling nom v8.0.0
   Compiling encoding_rs v0.8.35
   Compiling maplit v1.0.2
   Compiling quoted_printable v0.5.2
   Compiling finl_unicode v1.4.0
   Compiling unicode-segmentation v1.13.2
   Compiling semver v1.0.28
   Compiling typed-arena v2.0.2
   Compiling arcstr v1.2.0
   Compiling self_cell v1.3.0
   Compiling toml_writer v1.1.1+spec-1.1.0
   Compiling compcol v0.6.10
   Compiling xxhash-rust v0.8.15
   Compiling inventory v0.3.24
   Compiling email_address v0.2.9
   Compiling tera v1.20.1
   Compiling fluent-bundle v0.16.0
   Compiling toml v1.1.2+spec-1.1.0
   Compiling ammonia v4.1.4
   Compiling featureflag v0.0.3
   Compiling redis v1.2.1
   Compiling oxideav-png v0.1.8
   Compiling oxideav-webp v0.2.3
   Compiling infer v0.19.0
   Compiling suprnova-live-test-support v2.0.2 (/home/shawn/workspace2/suprnova/crates/suprnova-live/crates/suprnova-live-test-support)
   Compiling icu_datetime v2.2.0
   Compiling opendal v0.58.0 (https://github.com/eas4ai/opendal.git?rev=88717391eb72c9839d3f8e79fccad9f22fc3a1b4#88717391)
   Compiling fake v5.1.0
   Compiling aws-sigv4 v1.4.4
   Compiling bcrypt v0.19.2
   Compiling validator v0.20.0
   Compiling sea-streamer v0.5.0
   Compiling fluent-langneg v0.14.2
   Compiling hyper-tungstenite v0.20.0
   Compiling dashmap v6.2.1
   Compiling oxideav-gif v0.0.11
   Compiling oxideav-image-filter v0.1.2
   Compiling oxideav-mjpeg v0.1.8
   Compiling icu_experimental v0.5.0
   Compiling oxideav-pixfmt v0.1.7
   Compiling oxideav-bmp v0.1.6
   Compiling envy v0.4.2
   Compiling matchit v0.9.2
   Compiling termcolor v1.4.1
   Compiling suprnova-live-macro-fixture v2.0.2 (/home/shawn/workspace2/suprnova/crates/suprnova-live/crates/suprnova-live-macro-fixture)
   Compiling trybuild v1.0.120
   Compiling onig v6.5.3
   Compiling syntect v5.3.0
   Compiling aws-lc-rs v1.18.1
   Compiling rustls v0.23.45
   Compiling rustls-webpki v0.103.15
   Compiling tokio-rustls v0.26.4
   Compiling sqlx-core v0.9.0
   Compiling rustls-platform-verifier v0.7.0
   Compiling hyper-rustls v0.27.9
   Compiling tonic v0.12.3
   Compiling lettre v0.11.22
   Compiling reqwest v0.12.28
   Compiling reqwest v0.13.4
   Compiling sqlx-sqlite v0.9.0
   Compiling sqlx-postgres v0.9.0
   Compiling sqlx-mysql v0.9.0
   Compiling suprnova-web-push v2.0.2 (/home/shawn/workspace2/suprnova/crates/suprnova-web-push)
   Compiling apple v0.3.1 (https://github.com/eas4ai/suprnova-apple-rs.git?tag=v0.3.1#bc969e97)
   Compiling qdrant-client v1.18.0
   Compiling sqlx v0.9.0
   Compiling sea-query-sqlx v0.9.1
   Compiling sea-schema v0.18.1
   Compiling sea-orm v2.0.2
   Compiling suprnova-magnetar v2.0.2 (/home/shawn/workspace2/suprnova/crates/suprnova-magnetar)
   Compiling sea-orm-migration v2.0.2
   Compiling suprnova v2.0.2 (/home/shawn/workspace2/suprnova/framework)
    Finished `test` profile [unoptimized + debuginfo] target(s) in 2m 44s
   Doc-tests suprnova_live

running 15 tests
test crates/suprnova-live/src/async_updates/transport.rs - async_updates::transport::BoundedDocumentTransportSession (line 1849) - compile fail ... ok
test crates/suprnova-live/src/async_updates/envelope.rs - async_updates::envelope::ActiveAsyncMembershipGuard (line 1083) - compile fail ... ok
test crates/suprnova-live/src/async_updates/websocket.rs - async_updates::websocket::WebSocketMembershipCommitReceipt (line 237) - compile fail ... ok
test crates/suprnova-live/src/async_updates/transport.rs - async_updates::transport::BoundedDocumentTransportSession (line 1859) - compile fail ... ok
test crates/suprnova-live/src/async_updates/transport.rs - async_updates::transport::BoundedDocumentTransportSession (line 1818) - compile fail ... ok
test crates/suprnova-live/src/resource/owner.rs - resource::owner::ResourceQueue (line 123) - compile fail ... ok
test crates/suprnova-live/src/component/lazy.rs - component::lazy::LazyServerCompletion (line 137) - compile fail ... ok
test crates/suprnova-live/src/async_updates/websocket.rs - async_updates::websocket::WebSocketMembershipCommitReceipt (line 229) - compile fail ... ok
test crates/suprnova-live/src/component/executor.rs - component::executor::ComponentExecutor::params_changed (line 519) - compile fail ... ok
test crates/suprnova-live/src/async_updates/transport.rs - async_updates::transport::BoundedDocumentTransportSession (line 1873) - compile fail ... ok
test crates/suprnova-live/src/async_updates/transport.rs - async_updates::transport::BoundedDocumentTransportSession (line 1832) - compile fail ... ok
test crates/suprnova-live/src/async_updates/transport.rs - async_updates::transport::BoundedDocumentTransportSession (line 1822) - compile fail ... ok
test crates/suprnova-live/src/view/contract.rs - view::contract::ViewTemplate (line 113) - compile fail ... ok
test crates/suprnova-live/src/view/trusted_html.rs - view::trusted_html::TrustedHtml (line 169) - compile fail ... ok
test crates/suprnova-live/src/view/island.rs - view::island::IslandRender (line 23) - compile fail ... ok

test result: ok. 15 passed; 0 failed; 0 ignored; 0 measured; 0 filtered out; finished in 0.13s

   Doc-tests suprnova_live_macro_fixture

running 0 tests

test result: ok. 0 passed; 0 failed; 0 ignored; 0 measured; 0 filtered out; finished in 0.00s

   Doc-tests suprnova_live_test_support

running 0 tests

test result: ok. 0 passed; 0 failed; 0 ignored; 0 measured; 0 filtered out; finished in 0.00s

   Doc-tests suprnova_macros

running 57 tests
test suprnova-macros/src/console_derive.rs - console_derive (line 11) ... ignored
test suprnova-macros/src/data.rs - data (line 22) ... ignored
test suprnova-macros/src/data.rs - data (line 35) ... ignored
test suprnova-macros/src/data.rs - data (line 74) ... ignored
test suprnova-macros/src/domain_error.rs - domain_error::domain_error_impl (line 128) ... ignored
test suprnova-macros/src/handler.rs - handler::handler_impl (line 54) ... ignored
test suprnova-macros/src/inertia.rs - inertia::InertiaResponseInput (line 27) ... ignored
test suprnova-macros/src/lib.rs - accessor (line 865) ... ignored
test suprnova-macros/src/lib.rs - command (line 554) ... ignored
test suprnova-macros/src/lib.rs - derive_command (line 512) ... ignored
test suprnova-macros/src/lib.rs - derive_data (line 99) ... ignored
test suprnova-macros/src/lib.rs - derive_factory (line 1127) ... ignored
test suprnova-macros/src/lib.rs - derive_factory (line 1145) ... ignored
test suprnova-macros/src/lib.rs - derive_form_request (line 401) ... ignored
test suprnova-macros/src/lib.rs - derive_inertia_props (line 122) ... ignored
test suprnova-macros/src/lib.rs - derive_notification_mailable (line 772) ... ignored
test suprnova-macros/src/lib.rs - derive_notification_mailable (line 795) ... ignored
test suprnova-macros/src/lib.rs - describe (line 586) ... ignored
test suprnova-macros/src/lib.rs - domain_error (line 327) ... ignored
test suprnova-macros/src/lib.rs - handler (line 353) ... ignored
test suprnova-macros/src/lib.rs - handler (line 363) ... ignored
test suprnova-macros/src/lib.rs - handler (line 380) ... ignored
test suprnova-macros/src/lib.rs - inertia_response (line 138) ... ignored
test suprnova-macros/src/lib.rs - inertia_response (line 149) ... ignored
test suprnova-macros/src/lib.rs - inertia_response (line 162) ... ignored
test suprnova-macros/src/lib.rs - injectable (line 296) ... ignored
test suprnova-macros/src/lib.rs - main (line 261) ... ignored
test suprnova-macros/src/lib.rs - main (line 277) ... ignored
test suprnova-macros/src/lib.rs - model (line 834) ... ignored
test suprnova-macros/src/lib.rs - multipart_request (line 708) ... ignored
test suprnova-macros/src/lib.rs - mutator (line 905) ... ignored
test suprnova-macros/src/lib.rs - observer (line 1024) ... ignored
test suprnova-macros/src/lib.rs - observer (line 990) ... ignored
test suprnova-macros/src/injectable.rs - injectable::injectable_impl (line 46) - compile ... ok
test suprnova-macros/src/lib.rs - policy (line 668) ... ignored
test suprnova-macros/src/lib.rs - prunable (line 949) ... ignored
test suprnova-macros/src/lib.rs - request (line 429) ... ignored
test suprnova-macros/src/lib.rs - scopes (line 1084) ... ignored
test suprnova-macros/src/injectable.rs - injectable::injectable_impl (line 29) - compile ... ok
test suprnova-macros/src/lib.rs - service (line 222) ... ignored
test suprnova-macros/src/lib.rs - service (line 238) ... ignored
test suprnova-macros/src/lib.rs - suprnova_test (line 464) ... ignored
test suprnova-macros/src/lib.rs - suprnova_test (line 479) ... ignored
test suprnova-macros/src/lib.rs - suprnova_test (line 490) ... ignored
test suprnova-macros/src/lib.rs - test (line 618) ... ignored
test suprnova-macros/src/lib.rs - test (line 626) ... ignored
test suprnova-macros/src/lib.rs - test (line 634) ... ignored
test suprnova-macros/src/model_attribute.rs - model_attribute (line 15) ... ignored
test suprnova-macros/src/model_attribute.rs - model_attribute (line 28) ... ignored
test suprnova-macros/src/request.rs - request::derive_request_impl (line 106) ... ignored
test suprnova-macros/src/request.rs - request::derive_request_impl (line 89) ... ignored
test suprnova-macros/src/request.rs - request::derive_request_impl (line 78) - compile ... ok
test suprnova-macros/src/request.rs - request::request_attr_impl (line 147) - compile ... ok
test suprnova-macros/src/service.rs - service::service_impl (line 80) ... ignored
test suprnova-macros/src/request.rs - request::request_attr_impl (line 162) - compile ... ok
test suprnova-macros/src/service.rs - service::service_impl (line 89) ... ignored
test suprnova-macros/src/service.rs - service::service_impl (line 98) ... ignored

test result: ok. 5 passed; 0 failed; 52 ignored; 0 measured; 0 filtered out; finished in 0.00s


running 1 test
test suprnova-macros/src/lib.rs - redirect (line 184) ... ignored

test result: ok. 0 passed; 0 failed; 1 ignored; 0 measured; 0 filtered out; finished in 0.00s

all doctests ran in 3.87s; merged doctests compilation took 3.86s

[correctness-delay scanner]
    Finished `dev` profile [unoptimized + debuginfo] target(s) in 0.22s
correctness-delay scanner fixtures ok
node:internal/modules/run_main:105
    triggerUncaughtException(
    ^

AssertionError [ERR_ASSERTION]: the complete owned verification surface is free of correctness delays
+ actual - expected

+ [
+   {
+     filePath: 'browser/e2e/components/reconnection.spec.ts',
+     kind: 'inline-script-assembly',
+     line: 41
+   },
+   {
+     filePath: 'browser/e2e/components/support.ts',
+     kind: 'delay-primitive-reference',
+     line: 92
+   },
+   {
+     filePath: 'browser/e2e/components/support.ts',
+     kind: 'delay-primitive-reference',
+     line: 94
+   }
+ ]
- []

    at file:///home/shawn/workspace2/suprnova/crates/suprnova-live/tests/correctness_delay_scanner.mjs:553:8
    at ModuleJob.run (node:internal/modules/esm/module_job:327:25)
    at async onImport.tracePromise.__proto__ (node:internal/modules/esm/loader:663:26)
    at async asyncRunEntryPointWithESMLoader (node:internal/modules/run_main:99:5) {
  generatedMessage: false,
  code: 'ERR_ASSERTION',
  actual: [
    {
      kind: 'inline-script-assembly',
      line: 41,
      filePath: 'browser/e2e/components/reconnection.spec.ts'
    },
    {
      kind: 'delay-primitive-reference',
      line: 92,
      filePath: 'browser/e2e/components/support.ts'
    },
    {
      kind: 'delay-primitive-reference',
      line: 94,
      filePath: 'browser/e2e/components/support.ts'
    }
  ],
  expected: [],
  operator: 'deepStrictEqual'
}

Node.js v24.1.0
