
[gate contract]
gate contract ok

[implementation documentation contract]
implementation-doc semantic mutation self-test ok cases=13
implementation-doc-semantics ok files=7
documentation contract ok
implementation-doc semantic mutation self-test ok cases=13
implementation-doc-check ok files=28

[specification structure and archive parity]
spec-check ok files=36 domains=25 iterations=7 capabilities=160 acceptance_blocks=160 ux_flows=160 glossary_terms=107 archive_files=absent


[generated license inventory]
license inventory graph contract ok

[Rust formatting and lint review]
    Checking suprnova-live v2.0.2 (/home/shawn/workspace2/suprnova/crates/suprnova-live)
   Compiling suprnova-macros v2.0.2 (/home/shawn/workspace2/suprnova/suprnova-macros)
    Checking suprnova-magnetar v2.0.2 (/home/shawn/workspace2/suprnova/crates/suprnova-magnetar)
    Checking suprnova-web-push v2.0.2 (/home/shawn/workspace2/suprnova/crates/suprnova-web-push)
    Checking suprnova-live-test-support v2.0.2 (/home/shawn/workspace2/suprnova/crates/suprnova-live/crates/suprnova-live-test-support)
    Checking suprnova-live-macro-fixture v2.0.2 (/home/shawn/workspace2/suprnova/crates/suprnova-live/crates/suprnova-live-macro-fixture)
    Checking suprnova v2.0.2 (/home/shawn/workspace2/suprnova/framework)
    Finished `dev` profile [unoptimized + debuginfo] target(s) in 39.06s
correctness-delay Clippy self-test ok
    Checking suprnova-live v2.0.2 (/home/shawn/workspace2/suprnova/crates/suprnova-live)
   Compiling suprnova-macros v2.0.2 (/home/shawn/workspace2/suprnova/suprnova-macros)
    Checking suprnova-magnetar v2.0.2 (/home/shawn/workspace2/suprnova/crates/suprnova-magnetar)
    Checking suprnova-web-push v2.0.2 (/home/shawn/workspace2/suprnova/crates/suprnova-web-push)
    Checking suprnova-live-test-support v2.0.2 (/home/shawn/workspace2/suprnova/crates/suprnova-live/crates/suprnova-live-test-support)
    Checking suprnova-live-macro-fixture v2.0.2 (/home/shawn/workspace2/suprnova/crates/suprnova-live/crates/suprnova-live-macro-fixture)
    Checking suprnova v2.0.2 (/home/shawn/workspace2/suprnova/framework)
    Finished `dev` profile [unoptimized + debuginfo] target(s) in 38.06s
    Checking suprnova-live v2.0.2 (/home/shawn/workspace2/suprnova/crates/suprnova-live)
    Checking suprnova-live-fuzz v0.0.0 (/home/shawn/workspace2/suprnova/crates/suprnova-live/fuzz)
warning: manual implementation of a no-op waker
   --> fuzz_targets/support.rs:267:6
    |
267 | impl Wake for NoopWake {
    |      ^^^^
    |
    = help: use `std::task::Waker::noop()` instead
    = help: for further information visit https://rust-lang.github.io/rust-clippy/rust-1.98.0/index.html#manual_noop_waker
    = note: `#[warn(clippy::manual_noop_waker)]` on by default

warning: `suprnova-live-fuzz` (bin "async_envelope") generated 1 warning (1 duplicate)
warning: `suprnova-live-fuzz` (bin "protocol_v2_response") generated 1 warning
warning: `suprnova-live-fuzz` (bin "update_response") generated 1 warning (1 duplicate)
warning: `suprnova-live-fuzz` (bin "update_request") generated 1 warning (1 duplicate)
warning: using `chunks_exact` with a constant chunk size
  --> fuzz_targets/upload_media_header.rs:28:10
   |
28 |         .chunks_exact(2)
   |          ^^^^^^^^^^^^^^^ help: consider using `as_chunks` instead: `as_chunks::<2>().0.iter()`
   |
   = help: for further information visit https://rust-lang.github.io/rust-clippy/rust-1.98.0/index.html#chunks_exact_to_as_chunks
   = note: `#[warn(clippy::chunks_exact_to_as_chunks)]` on by default

warning: `suprnova-live-fuzz` (bin "protocol_v2_request") generated 1 warning (1 duplicate)
warning: `suprnova-live-fuzz` (bin "upload_media_header") generated 1 warning (run `cargo clippy --fix --bin "upload_media_header" -p suprnova-live-fuzz -- -D clippy::disallowed_methods` to apply 1 suggestion)
warning: `suprnova-live-fuzz` (bin "directive_contract") generated 1 warning (1 duplicate)
warning: `suprnova-live-fuzz` (bin "async_sequence") generated 1 warning (1 duplicate)
warning: `suprnova-live-fuzz` (bin "signed_snapshot") generated 1 warning (1 duplicate)
warning: `suprnova-live-fuzz` (bin "child_parameters") generated 1 warning (1 duplicate)
    Finished `dev` profile [unoptimized + debuginfo] target(s) in 0.98s

[Rust fixture, checker, protocol, and security boundaries]
   Compiling suprnova-live v2.0.2 (/home/shawn/workspace2/suprnova/crates/suprnova-live)
    Finished `test` profile [unoptimized + debuginfo] target(s) in 0.63s
     Running tests/browser_contract_properties.rs (/home/shawn/workspace2/suprnova/target/debug/deps/browser_contract_properties-84424bd83af1a03d)

running 3 tests
test shared_directive_lookup_accepts_only_an_exact_reviewed_name ... ok
test arbitrary_directive_fragments_have_bounded_redacted_checker_results ... ok
test browser_metadata_inputs_are_bounded_and_snapshot_debug_is_redacted ... ok

test result: ok. 3 passed; 0 failed; 0 ignored; 0 measured; 0 filtered out; finished in 3.09s

     Running tests/golden_fixtures.rs (/home/shawn/workspace2/suprnova/target/debug/deps/golden_fixtures-36ca75a569c10bf7)

running 12 tests
test canonical_fixtures_have_no_unconsumed_case_kind ... ok
test version_four_is_an_independent_capability_fixture_set ... ok
test v1_protocol_success_bytes_are_already_canonical_and_stable ... ok
test version_four_idempotent_upload_retries_are_self_contained ... ok
test protocol_fixtures_are_exhaustively_accepted_or_rejected ... ok
test fixture_manifest_is_complete_and_hashable ... ok
test snapshot_fixtures_match_rust_verification_and_failure_classes ... ok
test version_four_encoded_cases_are_canonical_and_within_exact_limits ... ok
test version_four_protocols_and_promoted_directives_are_consistent ... ok
test version_four_case_ids_and_hard_bounds_are_closed ... ok
test ordering_and_compatibility_fixtures_enumerate_every_case ... ok
test descriptor_fixtures_prove_snake_case_naming_and_the_schema_version_gate ... ok

test result: ok. 12 passed; 0 failed; 0 ignored; 0 measured; 0 filtered out; finished in 0.00s

   Compiling suprnova-live v2.0.2 (/home/shawn/workspace2/suprnova/crates/suprnova-live)
    Finished `test` profile [unoptimized + debuginfo] target(s) in 0.51s
     Running tests/checker_negative.rs (/home/shawn/workspace2/suprnova/target/debug/deps/checker_negative-830d26dbcca5bf86)

running 15 tests
test a_call_to_a_macro_the_catalog_cannot_resolve_stays_unproved ... ok
test freshness_combinations_are_enforced_across_the_whole_island ... ok
test iteration_004_progress_rejects_endpoint_values ... ok
test a_macro_call_is_checked_as_the_markup_it_expands_to ... ok
test every_conflicting_v4_freshness_combination_is_rejected_by_the_real_checker ... ok
test iteration_003_directive_failures_are_closed_and_source_oriented ... ok
test iteration_004_modifier_groups_fail_closed ... ok
test iteration_003_signal_integers_match_the_browser_safe_range ... ok
test iteration_004_roles_modifiers_and_conflicts_fail_closed ... ok
test morph_controls_require_stable_identity_safe_modes_and_owned_structure ... ok
test iteration_004_upload_model_conflicts_are_island_wide ... ok
test askama_and_html_structure_are_checked_on_every_branch ... ok
test iteration_004_upload_shape_metadata_ownership_and_accessibility_fail_closed ... ok
test directive_metadata_and_nested_ownership_fail_closed ... ok
test iteration_004_stream_event_signal_and_capability_metadata_fail_closed ... ok

test result: ok. 15 passed; 0 failed; 0 ignored; 0 measured; 0 filtered out; finished in 0.01s

     Running tests/checker_positive.rs (/home/shawn/workspace2/suprnova/target/debug/deps/checker_positive-d9109dc9fae924d8)

running 14 tests
test iteration_four_directives_have_closed_capability_contracts ... ok
test iteration_004_directives_are_generated_from_the_reviewed_fixture ... ok
test includes_and_inheritance_are_resolved_through_the_bounded_catalog ... ok
test iteration_003_signal_safe_integer_boundary_is_statically_proved ... ok
test checked_upload_and_stream_markup_is_proved_on_every_static_askama_branch ... ok
test iteration_four_directive_roles_and_modifiers_are_statically_proved ... ok
test iteration_004_upload_model_exclusivity_respects_fields_islands_and_static_branches ... ok
test freshness_combinations_are_isolated_per_nested_island_instance ... ok
test every_iteration_003_directive_is_statically_proved ... ok
test registered_directives_nested_ownership_and_compatible_branches_are_proved ... ok
test macro_calls_are_expanded_with_their_literal_arguments ... ok
test signal_names_use_the_canonical_byte_grammar_without_narrowing_class_keys ... ok
test every_legal_v4_freshness_combination_is_proved_by_the_real_checker ... ok
test every_iteration_four_modifier_and_role_has_a_static_positive_case ... ok

test result: ok. 14 passed; 0 failed; 0 ignored; 0 measured; 0 filtered out; finished in 0.00s

     Running tests/checker_regressions.rs (/home/shawn/workspace2/suprnova/target/debug/deps/checker_regressions-e66da63681e2c02f)

running 7 tests
test dynamic_upload_attribute_structure_is_explicitly_unproved_never_statically_proved ... ok
test diagnostics_have_stable_machine_codes_and_source_locations_without_raw_values ... ok
test expanded_includes_and_inherited_blocks_remain_bounded_and_structural ... ok
test missing_view_include_and_parent_have_distinct_stable_diagnostics ... ok
test dynamic_iteration_004_directive_values_are_explicitly_unproved ... ok
test every_checker_resource_dimension_is_hard_bounded ... ok
test arbitrary_bounded_utf8_never_panics_or_exposes_unbounded_diagnostics ... ok

test result: ok. 7 passed; 0 failed; 0 ignored; 0 measured; 0 filtered out; finished in 0.12s

   Compiling suprnova-live v2.0.2 (/home/shawn/workspace2/suprnova/crates/suprnova-live)
    Finished `test` profile [unoptimized + debuginfo] target(s) in 0.41s
     Running tests/compatibility.rs (/home/shawn/workspace2/suprnova/target/debug/deps/compatibility-5f634d6cb5b48ad1)

running 1 test
test v1_triplet_is_supported_and_breaking_versions_request_one_refresh ... ok

test result: ok. 1 passed; 0 failed; 0 ignored; 0 measured; 0 filtered out; finished in 0.00s

     Running tests/protocol_v2.rs (/home/shawn/workspace2/suprnova/target/debug/deps/protocol_v2-34fb1b600465dce3)

running 5 tests
test params_changed_requires_signed_child_authority_and_fresh_render_never_replays ... ok
test v2_window_supports_whole_prior_or_current_triplets_but_rejects_mixed_nodes ... ok
test lifecycle_operations_resolve_only_inside_the_v2_model ... ok
test params_changed_parses_the_exact_child_admission_carrier ... ok
test v2_responses_carry_typed_children_and_url_intent_and_round_trip ... ok

test result: ok. 5 passed; 0 failed; 0 ignored; 0 measured; 0 filtered out; finished in 0.00s

   Compiling suprnova-live v2.0.2 (/home/shawn/workspace2/suprnova/crates/suprnova-live)
    Finished `test` profile [unoptimized + debuginfo] target(s) in 0.40s
     Running tests/security_boundaries.rs (/home/shawn/workspace2/suprnova/target/debug/deps/security_boundaries-531041c4fc916037)

running 5 tests
test host_check_and_conformance_trace_cardinality_remain_closed_and_redacted ... ok
test telemetry_labels_are_closed_and_never_accept_raw_payload_or_identity_strings ... ok
test telemetry_event_and_outcome_cardinality_is_statically_bounded ... ok
test unattended_commands_do_not_blanket_deny_warnings ... ok
test browser_production_boundaries_forbid_dynamic_execution_and_client_authority ... ok

test result: ok. 5 passed; 0 failed; 0 ignored; 0 measured; 0 filtered out; finished in 0.00s

   Compiling suprnova-live v2.0.2 (/home/shawn/workspace2/suprnova/crates/suprnova-live)
    Finished `test` profile [unoptimized + debuginfo] target(s) in 0.53s
     Running tests/security_hostile_context.rs (/home/shawn/workspace2/suprnova/target/debug/deps/security_hostile_context-2418e098ba4044d4)

running 3 tests
test route_slot_catalog_and_all_capability_bindings_cannot_cross ... ok
test every_authenticity_check_fails_closed_when_absent_inconsistent_or_expired ... ok
test replay_secrets_transients_and_unregistered_browser_output_never_cross_authority ... ok

test result: ok. 3 passed; 0 failed; 0 ignored; 0 measured; 0 filtered out; finished in 0.00s

   Compiling suprnova-live v2.0.2 (/home/shawn/workspace2/suprnova/crates/suprnova-live)
   Compiling suprnova v2.0.2 (/home/shawn/workspace2/suprnova/framework)
   Compiling suprnova-macros v2.0.2 (/home/shawn/workspace2/suprnova/suprnova-macros)
    Finished `test` profile [unoptimized + debuginfo] target(s) in 4.18s
     Running tests/live_ui.rs (/home/shawn/workspace2/suprnova/target/debug/deps/live_ui-5ca3fd44fc9d28ce)

running 1 test
   Compiling suprnova-live v2.0.2 (/home/shawn/workspace2/suprnova/crates/suprnova-live)
   Compiling suprnova v2.0.2 (/home/shawn/workspace2/suprnova/framework)
   Compiling suprnova-macros-tests v0.0.0 (/home/shawn/workspace2/suprnova/target/tests/trybuild/suprnova-macros)
    Finished `dev` profile [unoptimized + debuginfo] target(s) in 3.88s


test [0m[1mtests/ui/live/pass/all_metadata.rs[0m [should pass] ... [0m[32mok
[0mtest [0m[1mtests/ui/live/pass/minimal.rs[0m [should pass] ... [0m[32mok
[0mtest [0m[1mtests/ui/live/pass/streams.rs[0m [should pass] ... [0m[32mok
[0mtest [0m[1mtests/ui/live/pass/upload_policy.rs[0m [should pass] ... [0m[32mok
[0mtest [0m[1mtests/ui/live/fail/conflicting_model_timing.rs[0m [should fail to compile] ... [0m[32mok
[0mtest [0m[1mtests/ui/live/fail/duplicate_action_name.rs[0m [should fail to compile] ... [0m[32mok
[0mtest [0m[1mtests/ui/live/fail/duplicate_struct_helper.rs[0m [should fail to compile] ... [0m[32mok
[0mtest [0m[1mtests/ui/live/fail/duplicate_url_query.rs[0m [should fail to compile] ... [0m[32mok
[0mtest [0m[1mtests/ui/live/fail/event_payload_contract.rs[0m [should fail to compile] ... [0m[32mok
[0mtest [0m[1mtests/ui/live/fail/generic_component.rs[0m [should fail to compile] ... [0m[32mok
[0mtest [0m[1mtests/ui/live/fail/invalid_action_signature.rs[0m [should fail to compile] ... [0m[32mok
[0mtest [0m[1mtests/ui/live/fail/invalid_debounce.rs[0m [should fail to compile] ... [0m[32mok
[0mtest [0m[1mtests/ui/live/fail/invalid_name.rs[0m [should fail to compile] ... [0m[32mok
[0mtest [0m[1mtests/ui/live/fail/invalid_version.rs[0m [should fail to compile] ... [0m[32mok
[0mtest [0m[1mtests/ui/live/fail/misplaced_helper.rs[0m [should fail to compile] ... [0m[32mok
[0mtest [0m[1mtests/ui/live/fail/model_locked.rs[0m [should fail to compile] ... [0m[32mok
[0mtest [0m[1mtests/ui/live/fail/mount_destructured_parameter.rs[0m [should fail to compile] ... [0m[32mok
[0mtest [0m[1mtests/ui/live/fail/mount_reference_parameter.rs[0m [should fail to compile] ... [0m[32mok
[0mtest [0m[1mtests/ui/live/fail/no_zero_input_verified_context.rs[0m [should fail to compile] ... [0m[32mok
[0mtest [0m[1mtests/ui/live/fail/private_action.rs[0m [should fail to compile] ... [0m[32mok
[0mtest [0m[1mtests/ui/live/fail/private_component.rs[0m [should fail to compile] ... [0m[32mok
[0mtest [0m[1mtests/ui/live/fail/reference_state.rs[0m [should fail to compile] ... [0m[32mok
[0mtest [0m[1mtests/ui/live/fail/refresh_requires_v2.rs[0m [should fail to compile] ... [0m[32mok
[0mtest [0m[1mtests/ui/live/fail/secret_url.rs[0m [should fail to compile] ... [0m[32mok
[0mtest [0m[1mtests/ui/live/fail/server_only_url.rs[0m [should fail to compile] ... [0m[32mok
[0mtest [0m[1mtests/ui/live/fail/session_dehydrated.rs[0m [should fail to compile] ... [0m[32mok
[0mtest [0m[1mtests/ui/live/fail/stream_duplicate_event.rs[0m [should fail to compile] ... [0m[32mok
[0mtest [0m[1mtests/ui/live/fail/stream_invalid_mode.rs[0m [should fail to compile] ... [0m[32mok
[0mtest [0m[1mtests/ui/live/fail/stream_requires_v2.rs[0m [should fail to compile] ... [0m[32mok
[0mtest [0m[1mtests/ui/live/fail/stream_unknown_helper.rs[0m [should fail to compile] ... [0m[32mok
[0mtest [0m[1mtests/ui/live/fail/transient_url.rs[0m [should fail to compile] ... [0m[32mok
[0mtest [0m[1mtests/ui/live/fail/transient_without_model.rs[0m [should fail to compile] ... [0m[32mok
[0mtest [0m[1mtests/ui/live/fail/unknown_method_helper.rs[0m [should fail to compile] ... [0m[32mok
[0mtest [0m[1mtests/ui/live/fail/unknown_struct_helper.rs[0m [should fail to compile] ... [0m[32mok
[0mtest [0m[1mtests/ui/live/fail/unsupported_protocol.rs[0m [should fail to compile] ... [0m[32mok
[0mtest [0m[1mtests/ui/live/fail/unsupported_url_codec.rs[0m [should fail to compile] ... [0m[32mok
[0mtest [0m[1mtests/ui/live/fail/upload_duplicate_helper.rs[0m [should fail to compile] ... [0m[32mok
[0mtest [0m[1mtests/ui/live/fail/upload_misplaced_helper.rs[0m [should fail to compile] ... [0m[32mok
[0mtest [0m[1mtests/ui/live/fail/upload_non_model.rs[0m [should fail to compile] ... [0m[32mok
[0mtest [0m[1mtests/ui/live/fail/upload_policy_return.rs[0m [should fail to compile] ... [0m[32mok
[0mtest [0m[1mtests/ui/live/fail/upload_policy_signature.rs[0m [should fail to compile] ... [0m[32mok
[0mtest [0m[1mtests/ui/live/fail/upload_unknown_helper.rs[0m [should fail to compile] ... [0m[32mok
[0mtest [0m[1mtests/ui/live/fail/validation_selection_without_hook.rs[0m [should fail to compile] ... [0m[32mok
[0m

test live_component_authoring_contract ... ok

test result: ok. 1 passed; 0 failed; 0 ignored; 0 measured; 0 filtered out; finished in 40.14s


[iteration 004 Rust boundaries]
   Compiling suprnova-live v2.0.2 (/home/shawn/workspace2/suprnova/crates/suprnova-live)
    Finished `test` profile [unoptimized + debuginfo] target(s) in 0.97s
     Running tests/iteration_004_adversarial.rs (/home/shawn/workspace2/suprnova/target/debug/deps/iteration_004_adversarial-a1e5911d8428d08b)

running 6 tests
test duplicate_completion_cancel_finalize_and_expire_finalize_are_monotonic ... ok
test websocket_origin_matrix_rejects_before_authority_and_cross_site_cookie_use ... ok
test malformed_media_headers_have_one_bounded_fail_closed_disposition ... ok
test forged_and_cross_scope_upload_authority_is_typed_bounded_and_redacted ... ok
test cancel_and_expire_race_finalize_under_deterministic_barriers ... ok
test oversized_truncated_and_fragmented_messages_are_typed_and_bounded ... ok

test result: ok. 6 passed; 0 failed; 0 ignored; 0 measured; 0 filtered out; finished in 0.00s

     Running tests/iteration_004_conformance.rs (/home/shawn/workspace2/suprnova/target/debug/deps/iteration_004_conformance-8232205847264c68)

running 3 tests
test wrong_fixture_expected_fails_even_when_rust_and_typescript_agree ... ok
test every_v4_case_has_identical_rust_and_typescript_canonical_outcomes ... ok
test typescript_conformance_runner_is_a_plain_supported_node_bundle ... ok

test result: ok. 3 passed; 0 failed; 0 ignored; 0 measured; 0 filtered out; finished in 0.03s

     Running tests/iteration_004_exhaustion.rs (/home/shawn/workspace2/suprnova/target/debug/deps/iteration_004_exhaustion-1665f111a2eb133b)

running 2 tests
test queue_and_permit_exhaustion_preserve_exact_bounds_and_sibling_liveness ... ok
test upload_exhaustion_is_exactly_scoped_and_leaves_other_live_work_usable ... ok

test result: ok. 2 passed; 0 failed; 0 ignored; 0 measured; 0 filtered out; finished in 0.00s


[Rust MSRV]
    Checking suprnova-live v2.0.2 (/home/shawn/workspace2/suprnova/crates/suprnova-live)
    Checking suprnova-live-test-support v2.0.2 (/home/shawn/workspace2/suprnova/crates/suprnova-live/crates/suprnova-live-test-support)
    Checking suprnova v2.0.2 (/home/shawn/workspace2/suprnova/framework)
    Checking suprnova-live-macro-fixture v2.0.2 (/home/shawn/workspace2/suprnova/crates/suprnova-live/crates/suprnova-live-macro-fixture)
    Checking suprnova-macros v2.0.2 (/home/shawn/workspace2/suprnova/suprnova-macros)
    Finished `dev` profile [unoptimized + debuginfo] target(s) in 10.19s
    Checking suprnova-live v2.0.2 (/home/shawn/workspace2/suprnova/crates/suprnova-live)
    Checking suprnova-live-macro-fixture v2.0.2 (/home/shawn/workspace2/suprnova/crates/suprnova-live/crates/suprnova-live-macro-fixture)
    Checking suprnova-live-compile-100 v0.0.0 (/home/shawn/workspace2/suprnova/crates/suprnova-live/tests/fixtures/compile/100-component)
    Checking suprnova-live-compile-10 v0.0.0 (/home/shawn/workspace2/suprnova/crates/suprnova-live/tests/fixtures/compile/10-component)
    Checking suprnova-live-compile-1 v0.0.0 (/home/shawn/workspace2/suprnova/crates/suprnova-live/tests/fixtures/compile/1-component)
    Finished `dev` profile [unoptimized + debuginfo] target(s) in 2.32s

[nightly fuzz build]
   Compiling suprnova-live v2.0.2 (/home/shawn/workspace2/suprnova/crates/suprnova-live)
   Compiling suprnova-live-fuzz v0.0.0 (/home/shawn/workspace2/suprnova/crates/suprnova-live/fuzz)
    Finished `release` profile [optimized + debuginfo] target(s) in 3.13s

[browser dependency and conformance gates]
added 202 packages, and audited 203 packages in 914ms
59 packages are looking for funding
  run `npm fund` for details
found 0 vulnerabilities
> node ../scripts/generate-browser-contracts.mjs --check && node scripts/generate-iteration-004-conformance.mjs --check
> node scripts/build.mjs
artifact role=core-classic file=suprnova-live.classic.js bytes=213295 brotli=50657
artifact role=core-esm file=suprnova-live.esm.js bytes=213105 brotli=50634
artifact role=stimulus-classic file=suprnova-live.stimulus.classic.js bytes=10472 brotli=3048
artifact role=stimulus-esm file=suprnova-live.stimulus.esm.js bytes=10602 brotli=3100
artifact role=uploads-classic file=suprnova-live.uploads.classic.js bytes=55138 brotli=14966
artifact role=uploads-esm file=suprnova-live.uploads.esm.js bytes=56139 brotli=15146
artifact role=async-classic file=suprnova-live.async.classic.js bytes=98540 brotli=23258
artifact role=async-esm file=suprnova-live.async.esm.js bytes=98837 brotli=23351
artifact role=ui-styles file=suprnova-ui.css bytes=16642 brotli=3050
> node scripts/check-build.mjs
reproducible build: index.d.ts, suprnova-live.assets.json, suprnova-live.async.classic.js, suprnova-live.async.esm.js, suprnova-live.classic.js, suprnova-live.esm.js, suprnova-live.stimulus.classic.js, suprnova-live.stimulus.esm.js, suprnova-live.uploads.classic.js, suprnova-live.uploads.esm.js, suprnova-ui.css

[tracked artifact parity]


[iteration 004 reference host]
   Compiling suprnova-live v2.0.2 (/home/shawn/workspace2/suprnova/crates/suprnova-live)
   Compiling suprnova-live-test-support v2.0.2 (/home/shawn/workspace2/suprnova/crates/suprnova-live/crates/suprnova-live-test-support)
    Finished `test` profile [unoptimized + debuginfo] target(s) in 3.13s
     Running tests/reference_host.rs (/home/shawn/workspace2/suprnova/target/debug/deps/reference_host-ac154f89b5b69e83)

running 28 tests
test aborted_chunk_restores_coherent_upload_state_and_shutdown_removes_quarantine_bytes ... ok
test async_adversarial_controls_execute_the_real_delivery_owners ... ok
test async_emission_control_is_generation_bound_and_explicit ... ok
test async_routes_authorize_poll_sse_and_one_bounded_websocket ... ok
test canceled_fresh_render_without_host_commit_releases_rollbackable_claim ... ok
test direct_transfer_stores_reports_verifies_completes_and_finalizes ... ok
test document_transports_are_deduplicated_bounded_and_allow_one_physical_reader ... ok
test finalizer_fault_controls_are_exactly_handle_revision_scoped_and_one_shot ... ok
test forged_manifest_relationships_fail_before_the_port_is_bound ... ok
test invalid_production_manifest_fails_before_the_port_is_bound ... ok
test multipart_completion_verifies_the_truthful_whole_quarantine_digest ... ok
test ordinary_application_action_uses_registered_component_and_advances_domain_revision ... ok
test poll_rejects_a_fresh_render_for_the_wrong_island ... ok
test provider_partial_failure_compensates_then_retries_through_the_real_finalizer ... ok
test rejected_reauthorization_cannot_restore_revoked_membership_authority ... ok
test scan_timeout_control_drives_the_real_validation_service_and_preserves_live_work ... ok
test serves_only_validated_manifest_owned_production_assets ... ok
test shutdown_closes_owned_sockets_files_and_timers ... ok
test trusted_compiled_upload_interrupt_is_consumed_once_by_the_physical_body ... ok
test upload_creation_window_reset_requires_a_quiescent_test_host ... ok
test upload_handles_are_not_authority_and_reacquire_uses_application_session_ownership ... ok
test upload_race_control_runs_both_real_winner_orderings_without_leaks ... ok
test upload_reacquire_returns_the_authoritative_partial_multipart_cursor ... ok
test upload_routes_use_real_chunked_bodies_and_constrained_direct_instructions ... ok
test websocket_multiplexes_two_memberships_streams_and_shuts_down_an_open_socket ... ok
test websocket_policy_close_completes_the_closing_handshake_before_dropping_the_socket ... ok
test websocket_policy_close_ends_the_socket_after_the_handshake_deadline_without_a_reply ... ok
test websocket_upgrade_rejects_every_hostile_origin_shape_before_transport_lookup ... ok

test result: ok. 28 passed; 0 failed; 0 ignored; 0 measured; 0 filtered out; finished in 2.30s


[Rust all-target and documentation tests]
   Compiling suprnova-live v2.0.2 (/home/shawn/workspace2/suprnova/crates/suprnova-live)
   Compiling suprnova-live-test-support v2.0.2 (/home/shawn/workspace2/suprnova/crates/suprnova-live/crates/suprnova-live-test-support)
   Compiling suprnova v2.0.2 (/home/shawn/workspace2/suprnova/framework)
   Compiling suprnova-live-macro-fixture v2.0.2 (/home/shawn/workspace2/suprnova/crates/suprnova-live/crates/suprnova-live-macro-fixture)
   Compiling suprnova-macros v2.0.2 (/home/shawn/workspace2/suprnova/suprnova-macros)
    Finished `test` profile [unoptimized + debuginfo] target(s) in 12.52s
     Running unittests src/lib.rs (/home/shawn/workspace2/suprnova/target/debug/deps/suprnova_live-b050d56539461a31)

running 152 tests
test async_updates::sequence_tests::async_protocol_is_independent_from_live_action_and_morph_versions ... ok
test artifacts::tests::artifact_file_names_are_single_closed_segments ... ok
test async_updates::sequence_tests::event_fanout_remains_nonzero_and_bounded_in_the_registered_contract ... ok
test async_updates::sequence_tests::byte_depth_entry_string_and_payload_limits_are_enforced ... ok
test async_updates::sequence_tests::envelope_debug_output_never_exposes_raw_payload_values ... ok
test async_updates::sequence_tests::fresh_membership_and_successful_dispatch_are_required_before_sequence_commit ... ok
test async_updates::sequence_tests::cross_scope_envelopes_and_replay_cannot_change_sequence_authority ... ok
test async_updates::sequence_tests::decoded_payloads_are_closed_registered_values ... ok
test async_updates::sequence_tests::membership_and_stream_binding_are_validated_before_sequence_observation ... ok
test async_updates::sequence_tests::event_and_signal_payloads_require_current_registered_contracts ... ok
test async_updates::sequence_tests::nested_duplicate_fields_and_semantic_key_misordering_fail_closed ... ok
test async_updates::sequence_tests::every_closed_payload_kind_decodes_and_round_trips_canonically ... ok
test async_updates::sequence_tests::only_host_continuity_authority_can_establish_a_covering_new_baseline ... ok
test async_updates::sequence_tests::pressure_only_replay_retirement_keeps_effective_high_water_and_truthful_kind ... ok
test async_updates::sequence_tests::sequence_machine_starts_only_from_the_signed_authorized_baseline ... ok
test async_updates::sequence_tests::unknown_major_duplicate_unknown_and_noncanonical_fields_fail_closed ... ok
test async_updates::sequence_tests::server_authored_envelopes_require_the_current_registered_context ... ok
test async_updates::sequence_tests::sequence_machine_applies_only_next_and_degrades_on_gaps_or_new_epochs ... ok
test checker::directive::tests::promoted_scalar_values_share_one_bounded_lexical_grammar ... ok
test async_updates::sequence_tests::unsupported_or_malformed_operations_cannot_become_dispatch_authority ... ok
test async_updates::sequence_tests::subscription_id_rejects_encoded_length_and_shape_before_decode ... ok
test async_updates::sequence_tests::server_authored_payloads_share_the_lossless_canonical_codec_contract ... ok
test async_updates::sequence_tests::sequence_overflow_never_wraps_or_applies ... ok
test async_updates::sequence_tests::replay_dispatch_failure_reports_truth_and_resumes_only_the_remaining_suffix ... ok
test endpoint::response::tests::accepted_dispatch_never_releases_another_verified_requests_sealed_body ... ok
test endpoint::response::tests::sealing_rejects_invalid_snapshot_json_before_acceptance ... ok
test endpoint::response::tests::sealing_rejects_invalid_render_utf8_before_acceptance ... ok
test async_updates::sequence_tests::replay_recovery_requires_a_complete_contiguous_same_scope_transcript ... ok
test endpoint::service::tests::malformed_child_admission_carrier_fails_before_kernel_dispatch ... ok
test host::checks::tests::complete_unexpired_facts_are_required_without_a_mount ... ok
test identity::signal_scope_tests::signal_name_grammar_is_lowercase_first_and_byte_bounded ... ok
test identity::signal_scope_tests::signal_scope_grammar_matches_the_browser_contract ... ok
test endpoint::service::tests::accepted_response_from_another_verified_request_is_never_exposed ... ok
test ledger::distributed::tests::a_failed_retirement_gets_one_more_attempt_and_is_then_dropped ... ok
test endpoint::service::tests::accepted_response_from_another_semantic_request_is_never_exposed ... ok
test ledger::distributed::tests::a_full_retirement_queue_drops_its_oldest_entry ... ok
test ledger::distributed::tests::a_held_identity_with_nothing_behind_it_is_still_a_conflict ... ok
test ledger::distributed::tests::a_held_identity_yields_to_the_reservation_that_explains_it ... ok
test ledger::distributed::tests::a_record_is_created_once_and_then_belongs_to_its_holder ... ok
test ledger::distributed::tests::a_fence_retires_a_claim_even_when_the_clock_cannot_be_read ... ok
test ledger::distributed::tests::a_record_past_its_store_expiry_is_gone_and_its_key_is_free ... ok
test ledger::distributed::tests::a_retirement_that_fails_twice_is_dropped_and_left_to_the_lease ... ok
test ledger::distributed::tests::a_store_clock_that_cannot_be_read_decides_nothing ... ok
test ledger::distributed::tests::a_stored_record_never_prints_the_bytes_it_carries ... ok
test ledger::distributed::tests::a_stale_read_is_read_again_and_reclassified_rather_than_forced ... ok
test ledger::distributed::tests::compare_and_store_replaces_one_version_and_conflicts_on_any_other ... ok
test ledger::distributed::tests::compare_and_store_on_a_key_no_record_holds_is_missing ... ok
test ledger::distributed::tests::a_write_that_never_lands_is_a_classified_rejection_after_one_retry ... ok
test ledger::distributed::tests::promotion_records_follow_the_same_rules_in_their_own_key_space ... ok
test ledger::distributed::tests::removing_a_record_frees_its_key_and_missing_records_remove_cleanly ... ok
test ledger::distributed::tests::count_instances_counts_only_the_records_that_are_still_alive ... ok
test ledger::distributed::tests::the_loser_of_a_promotion_race_leaves_no_instance_behind ... ok
test ledger::record::tests::a_frame_longer_than_the_byte_bound_is_rejected_before_it_is_parsed ... ok
test ledger::record::tests::a_frame_with_another_version_byte_is_not_decoded ... ok
test ledger::record::tests::a_field_the_phase_grammar_does_not_name_is_rejected_too ... ok
test ledger::distributed::tests::one_operation_reclaims_a_bounded_number_of_elapsed_records ... ok
test ledger::record::tests::a_record_whose_shape_or_identities_are_wrong_is_rejected ... ok
test ledger::record::tests::a_record_with_no_component_contract_and_no_outcomes_round_trips ... ok
test async_updates::sequence_tests::version_four_async_fixture_is_executable_not_documentary ... ok
test ledger::record::tests::a_successor_revision_that_does_not_advance_its_base_is_refused ... ok
test ledger::record::tests::a_reservation_round_trips_and_rejects_what_it_did_not_write ... ok
test ledger::record::tests::more_accepted_outcomes_than_the_ledger_retains_is_a_capacity_failure ... ok
test ledger::state::tests::a_classified_rejection_asks_for_no_write ... ok
test ledger::state::tests::a_pending_claim_that_does_not_advance_its_base_is_refused_at_transition_time ... ok
test ledger::record::tests::every_refresh_reason_and_outcome_kind_survives_the_frame ... ok
test ledger::state::tests::a_transition_reads_its_input_and_returns_a_new_record ... ok
test ledger::record::tests::the_frame_is_the_version_byte_and_then_canonical_json ... ok
test metadata::browser::tests::payload_contract_identity_defaults_to_the_registered_event_identity ... ok
test metadata::browser::tests::payload_contract_identity_is_validated_and_bounded ... ok
test metadata::browser::tests::stable_payload_label_cannot_spoof_the_runtime_payload_type ... ok
test metadata::browser::tests::payload_contract_debug_output_does_not_reveal_the_stable_identity ... ok
test ledger::record::tests::a_record_in_every_phase_round_trips_byte_exactly ... ok
test promotion::policy::tests::accept_cannot_resurrect_a_reservation_after_its_lease ... ok
test metadata::digest::tests::payload_contract_identity_is_independently_digest_significant ... ok
test mount::output::tests::reserve_existing_claims_a_key_and_refuses_a_duplicate ... ok
test promotion::policy::tests::accept_rejects_completion_after_lease_without_needing_another_admission ... ok
test promotion::policy::tests::outstanding_indexes_follow_accept_abandon_and_expiry ... ok
test metadata::digest::tests::every_event_field_is_independently_digest_significant ... ok
test promotion::policy::tests::one_admission_performs_only_bounded_expiry_cleanup ... ok
test promotion::policy::tests::requested_nonce_is_pruned_even_behind_the_cleanup_backlog ... ok
test render_cache::composite::tests::a_composite_naming_itself_directly_is_refused_at_construction ... ok
test protocol::idempotency::tests::child_envelope_and_lifecycle_operation_are_semantic_request_significant ... ok
test render_cache::composite::tests::a_cycle_is_reported_even_when_it_would_also_exceed_the_depth_bound ... ok
test promotion::policy::tests::requested_rate_scope_is_refreshed_even_behind_the_cleanup_backlog ... ok
test render_cache::composite::tests::a_depth_three_nested_chain_assembles_and_its_length_is_the_named_sum ... ok
test render_cache::composite::tests::a_graph_without_holes_or_templates_needs_no_nonce ... ok
test ledger::record::tests::the_byte_bound_holds_the_retained_outcome_ceiling_with_headroom ... ok
test render_cache::composite::tests::a_drifted_surrounding_digest_is_rejected ... ok
test render_cache::composite::tests::a_graph_with_no_slots_and_no_nonce_assembles_to_exactly_the_shell ... ok
test render_cache::composite::tests::a_slot_failure_policy_never_prints_the_fallback_it_carries ... ok
test render_cache::composite::tests::a_well_formed_graph_validates_and_needs_a_nonce ... ok
test render_cache::composite::tests::a_nonce_header_template_without_a_nonce_segment_still_requires_and_expands_a_nonce ... ok
test render_cache::composite::tests::a_slot_at_the_first_and_last_segment_places_island_bytes_at_the_edges ... ok
test render_cache::composite::tests::a_composite_entry_binds_header_graph_and_shell_into_a_structural_digest ... ok
test render_cache::composite::tests::a_two_level_cycle_and_a_self_reference_both_fail_as_cycle_not_depth ... ok
test render_cache::composite::tests::assembled_len_uses_the_named_nested_length_not_the_resolved_bodys_actual_length ... ok
test render_cache::composite::tests::assemble_nested_rejects_an_over_bound_total_length_but_accepts_it_exactly_at_the_bound ... ok
test render_cache::composite::tests::assemble_nested_fails_closed_on_a_version_or_a_length_mismatch ... ok
test render_cache::composite::tests::assembling_a_two_level_cycle_fails_closed ... ok
test render_cache::composite::tests::descend_nested_permits_exactly_three_levels_and_rejects_a_fourth ... ok
test render_cache::composite::tests::every_bound_is_enforced ... ok
test render_cache::composite::tests::assembling_past_the_depth_bound_fails_closed ... ok
test render_cache::composite::tests::fallback_inserts_the_declared_fragment ... ok
test render_cache::composite::tests::fresh_nonces_match_the_grammar_and_differ ... ok
test render_cache::composite::tests::island_identities_are_unique_across_slots_and_shell_islands ... ok
test render_cache::composite::tests::literal_lengths_must_partition_the_shell_exactly ... ok
test render_cache::composite::tests::parsed_slots_expose_typed_identities ... ok
test render_cache::composite::tests::surrounding_digest_at_the_first_segment_has_an_empty_before_window ... ok
test render_cache::composite::tests::surrounding_digest_at_the_last_segment_has_an_empty_after_window ... ok
test render_cache::composite::tests::surrounding_digest_of_adjacent_slots_never_reads_past_its_own_literal ... ok
test render_cache::composite::tests::assembly_is_deterministic_and_fills_every_hole ... ok
test render_cache::composite::tests::outcome_count_and_kinds_must_match_the_declared_slots ... ok
test render_cache::composite::tests::slot_indexes_must_each_appear_once_in_order_and_in_range ... ok
test async_updates::sequence_tests::canonical_round_trip_is_stable ... ok
test render_cache::composite::tests::the_assembled_body_may_be_exactly_at_the_bound_but_not_one_byte_over ... ok
test render_cache::composite::tests::the_composite_header_round_trips_through_json_and_keeps_entry_fields_readable ... ok
test render_cache::composite::tests::the_nonce_is_required_exactly_when_the_graph_needs_one ... ok
test render_cache::composite::tests::the_assembled_body_is_bounded ... ok
test render_cache::composite::tests::too_many_nested_segments_is_invalid ... ok
test render_cache::composite::tests::too_many_nonce_headers_is_invalid ... ok
test render_cache::composite::tests::verify_nested_distinguishes_version_and_length_mismatch ... ok
test render_cache::entry::tests::the_header_smuggling_bytes_are_still_refused ... ok
test render_cache::composite::tests::too_many_segments_is_invalid ... ok
test render_cache::composite::tests::too_many_slots_is_invalid ... ok
test render_cache::hot::tests::a_write_past_the_end_fails_rather_than_truncating ... ok
test render_cache::hot::tests::the_public_and_private_shapes_are_exactly_what_is_documented ... ok
test render_cache::hot::tests::the_stack_formed_age_is_the_integer_conversion_byte_for_byte ... ok
test render_cache::entry::tests::the_stored_value_rule_is_http_header_value_validity_byte_for_byte ... ok
test render_cache::hot::tests::the_stack_formed_cache_control_is_the_allocating_formatter_byte_for_byte ... ok
test render_cache::entry::tests::a_kind_byte_the_format_does_not_define_is_refused_by_both_readers ... ok
test render_cache::lease::tests::a_takeover_records_the_epoch_of_the_holder_that_took_the_key ... ok
test render_cache::lease::tests::a_store_failure_during_admission_frees_the_local_lease ... ok
test render_cache::lease::tests::an_expired_lease_is_taken_over_and_the_former_holder_mints_nothing ... ok
test resource::owner::tests::batch_pop_classifies_each_member_exactly_once ... ok
test render_cache::lease::tests::a_store_clock_that_cannot_be_read_is_a_provider_failure ... ok
test render_cache::lease::tests::releasing_a_lease_someone_else_holds_changes_nothing ... ok
test render_cache::lease::tests::leases_are_per_key ... ok
test resource::owner::tests::batch_rejection_and_predicate_removal_drop_values_after_unlock ... ok
test render_cache::lease::tests::the_hand_back_on_a_failed_admission_is_propagated_and_not_discarded ... ok
test resource::owner::tests::predicate_removal_releases_exact_items_and_bytes ... ok
test render_cache::entry::tests::the_defined_kind_byte_is_still_accepted ... ok
test resource::owner::tests::queue_dequeues_one_validated_contiguous_batch_under_one_lock ... ok
test resource::owner::tests::panicking_tail_decision_drops_unadmitted_value_after_unlock ... ok
test snapshot::schema::tests::recognized_composition_extension_is_canonicalized_once_on_its_own_path ... ok
test resource::owner::tests::tail_admission_is_linearized_with_competing_cloned_handle ... ok
test upload::provider::admission_tests::retirement_drains_a_recovery_admitted_before_the_barrier_closed ... ok
test identity::signal_scope_tests::signal_name_acceptance_is_exactly_the_shared_ascii_grammar ... ok
test identity::signal_scope_tests::signal_scope_acceptance_is_exactly_the_shared_ascii_grammar ... ok
test async_updates::sequence_tests::production_entry_and_replay_limits_accept_exactly_1024_and_reject_1025 ... ok
test ledger::record::tests::decoding_arbitrary_bytes_reports_a_bound_or_a_shape_and_never_panics ... ok
test async_updates::sequence_tests::incomplete_replay_transcripts_never_adopt_or_clear_a_gap ... ok
test async_updates::sequence_tests::sequence_machine_never_applies_a_gap ... ok

test result: ok. 152 passed; 0 failed; 0 ignored; 0 measured; 0 filtered out; finished in 0.70s

     Running tests/action_dispatch.rs (/home/shawn/workspace2/suprnova/target/debug/deps/action_dispatch-09a45ea1b6e50eb6)

running 4 tests
test only_registered_actions_dispatch_and_sync_async_share_the_outcome_contract ... ok
test malformed_oversized_denied_and_panicking_actions_are_closed_and_redacted ... ok
test validation_failure_renders_issues_without_running_the_action_body ... ok
test executor_hydrates_then_authorizes_validates_and_dispatches_before_rendering ... ok

test result: ok. 4 passed; 0 failed; 0 ignored; 0 measured; 0 filtered out; finished in 0.00s

     Running tests/action_outcomes.rs (/home/shawn/workspace2/suprnova/target/debug/deps/action_outcomes-e1d0183c9591a3b7)

running 2 tests
test redirects_are_real_routes_and_conflicting_or_unregistered_output_is_rejected ... ok
test registered_events_effects_flash_and_url_intent_are_typed_and_bounded ... ok

test result: ok. 2 passed; 0 failed; 0 ignored; 0 measured; 0 filtered out; finished in 0.00s

     Running tests/async_authorization.rs (/home/shawn/workspace2/suprnova/target/debug/deps/async_authorization-9ddc40df5c8d86a8)

running 26 tests
test fixed_global_or_repeated_credential_fails_issuance_conformance ... ok
test current_registry_stream_removal_revokes_descriptor_before_policy ... ok
test authorization_denial_precedes_rotation_and_leaves_the_predecessor_valid ... ok
test fixed_global_provider_cannot_commit_an_atomic_successor_collision ... ok
test connect_and_renew_recheck_current_authorization_and_rotate_credentials ... ok
test authorized_subscription_retains_the_exact_signed_descriptor_binding_across_rotation ... ok
test expired_descriptor_fails_before_current_policy_is_called ... ok
test issue_rejects_stream_absent_from_the_current_registry ... ok
test missing_current_host_subscription_capabilities_fail_closed ... ok
test independent_service_facades_share_atomic_rotation_authority ... ok
test issued_credentials_are_mac_derived_and_unique_per_issuance ... ok
test issue_uses_only_the_host_continuity_baseline ... ok
test trusted_registration_calculates_a_representable_worst_case_claim_budget ... ok
test atomic_provider_failure_rolls_back_and_allows_one_later_rotation ... ok
test revocation_and_wrong_current_scope_fail_closed_before_renewal ... ok
test trusted_mount_parameters_are_the_only_topic_interpolation_source ... ok
test same_name_component_contract_revision_revokes_connect_before_policy ... ok
test credentials_reject_cross_descriptor_cross_operation_and_expired_use ... ok
test renewal_descriptor_failure_precedes_rotation_and_leaves_the_predecessor_valid ... ok
test lost_rotation_response_requires_fresh_issuance_and_replay_fails_closed ... ok
test connect_credential_is_consumed_atomically_after_one_use ... ok
test concurrent_service_facades_commit_exactly_one_rotation ... ok
test principal_session_tenant_and_component_substitution_fail_before_policy ... ok
test renewal_credential_is_consumed_atomically_after_one_use ... ok
test validly_signed_event_contract_field_mutations_fail_current_registry_checks ... ok
test trusted_registration_rejects_cross_field_claim_budget_before_issuance ... ok

test result: ok. 26 passed; 0 failed; 0 ignored; 0 measured; 0 filtered out; finished in 0.01s

     Running tests/async_backpressure.rs (/home/shawn/workspace2/suprnova/target/debug/deps/async_backpressure-9b709f9b6399f330)

running 66 tests
test aggregate_retirement_cancels_and_drains_exactly_once ... ok
test dispatch_authorization_loss_retires_only_the_exact_internal_candidate ... ok
test closed_pressure_stops_provider_and_authority_reads_and_starts_cleanup ... ok
test dispatcher_failure_releases_the_lease_without_advancing_sequence ... ok
test dispatcher_receives_the_exact_trusted_fanout_proof ... ok
test degraded_lane_rejects_invalid_replay_before_host_authority_work ... ok
test authenticated_exact_retirement_discharges_only_that_memberships_pressure_obligation ... ok
test authoritative_refresh_revalidates_after_the_host_proposes_a_baseline ... ok
test authenticated_sibling_removal_commits_a_proven_deferred_recovery_when_queue_empties ... ok
test admission_authorization_loss_retires_only_the_exact_internal_candidate ... ok
test authoritative_refresh_rejects_reconstructed_clock_before_any_host_callback ... ok
test document_owned_admission_dispatches_without_exposing_a_raw_lease ... ok
test document_owned_authoritative_refresh_recovers_an_epoch_change ... ok
test duplicate_stale_and_gap_outcomes_remain_truthful_under_pressure ... ok
test complete_drains_once_while_error_and_heartbeat_remain_nonterminal ... ok
test empty_eof_is_pruned_even_when_a_healthy_sibling_is_returned_in_the_same_pump ... ok
test healthy_lane_rejects_every_replay_before_host_authority_work ... ok
test final_authority_validation_follows_the_last_host_clock_callback_before_dispatch ... ok
test empty_eof_is_pruned_when_the_same_pump_observes_a_sibling_source_failure ... ok
test final_authority_validation_follows_the_last_host_clock_callback_before_admission ... ok
test invalid_policy_and_document_bounds_fail_before_delivery ... ok
test final_admission_rejects_target_drift_and_retires_lost_membership ... ok
test heartbeat_pressure_never_evicts_a_required_browser_event ... ok
test one_document_fairly_dispatches_chatty_and_healthy_memberships ... ok
test low_cardinality_telemetry_tracks_pressure_without_identity_labels ... ok
test one_membership_replay_cannot_clear_a_healthy_documents_other_degraded_lane ... ok
test maximum_replaceable_tail_absorbs_equal_and_lower_positions_without_degradation ... ok
test maximum_sequence_boundary_uses_only_reachable_document_owned_outcomes ... ok
test invalid_replay_without_a_recovery_obligation_is_a_typed_rejection ... ok
test final_admission_rejects_expiry_revocation_and_retires_lost_membership ... ok
test middle_dispatch_failure_commits_only_the_successful_prefix ... ok
test empty_eof_prunes_terminal_drain_and_lane_before_exact_identity_reuse ... ok
test ordinary_replaceable_tail_cannot_split_an_admitted_replay_group ... ok
test final_admission_rejects_contract_binding_and_retires_lost_membership ... ok
test partial_replay_dispatch_panic_retains_the_committed_prefix_and_releases_resources ... ok
test post_pop_revocation_is_rechecked_before_registered_dispatch ... ok
test provider_failure_purge_commits_only_a_proven_siblings_deferred_recovery ... ok
test ordered_overflow_never_drops_an_event_while_claiming_current ... ok
test partial_replay_dispatch_failure_keeps_truthful_prefix_and_degraded_continuity ... ok
test pulled_candidate_panics_record_exact_delivery_loss ... ok
test payload_boundary_is_exact_and_distinct_from_envelope_bytes ... ok
test global_outage_stays_aggregate_bounded_and_keeps_a_healthy_sibling_reachable ... ok
test removing_one_membership_purges_only_its_queue_and_sequence_lane ... ok
test post_pop_expiry_removal_and_contract_drift_prevent_dispatch ... ok
test redundant_replaceable_tail_does_not_create_a_false_pressure_loss ... ok
test queued_terminal_fences_exact_and_rotated_readmission_until_delivery ... ok
test replay_authority_loss_after_dequeue_retires_the_membership_without_dispatch ... ok
test replay_closed_disposition_starts_once_only_cleanup_immediately ... ok
test replay_dispatch_revalidates_each_entry_immediately_before_its_dispatch ... ok
test replay_final_validation_is_all_or_nothing_when_authority_drifts_before_snapshot ... ok
test post_pop_target_binding_and_document_scope_drift_prevent_dispatch ... ok
test replay_rejects_middle_or_final_complete_without_detaching_later_delivery ... ok
test same_name_signals_in_distinct_declared_scopes_never_coalesce ... ok
test source_failure_purges_undelivered_work_and_does_not_claim_current ... ok
test terminal_final_admission_failure_releases_its_detached_drain_and_sequence_lane ... ok
test recovery_idle_is_document_owned_when_two_documents_share_permits ... ok
test replay_rejects_reconstructed_clock_before_any_host_callback ... ok
test replay_final_validation_follows_the_last_host_clock_callback_before_batch_commit ... ok
test replay_aggregate_byte_boundary_is_exact_and_first_over_is_atomic ... ok
test unwinding_dispatcher_drops_the_lease_and_marks_continuity_degraded ... ok
test sibling_replay_cannot_clear_an_exact_ordered_overflow_cause ... ok
test trusted_fanout_is_enforced_before_queue_allocation ... ok
test pressure_only_replay_failures_keep_effective_high_water_and_truthful_kind ... ok
test replay_rejects_foreign_detached_and_undeclared_input_before_callbacks ... ok
test unresolved_pressure_cause_storage_is_hard_bounded_across_membership_churn ... ok
test one_thousand_replaceable_refreshes_coalesce_inside_document_bounds ... ok

test result: ok. 66 passed; 0 failed; 0 ignored; 0 measured; 0 filtered out; finished in 0.09s

     Running tests/async_budget_contract.rs (/home/shawn/workspace2/suprnova/target/debug/deps/async_budget_contract-b1d84729f6158207)

running 2 tests
test async_benchmark_is_on_demand_and_gate_never_blanket_denies_warnings ... ok
test server_owner_proves_exact_multiplexed_workload ... ok

test result: ok. 2 passed; 0 failed; 0 ignored; 0 measured; 0 filtered out; finished in 0.59s

     Running tests/async_envelope.rs (/home/shawn/workspace2/suprnova/target/debug/deps/async_envelope-6e7d12b5c69f83b9)

running 2 tests
test public_async_envelope_surface_keeps_protocol_and_limits_available_without_raw_sequence_authority ... ok
test hostile_fuzz_profile_is_a_locked_small_allocation_boundary ... ok

test result: ok. 2 passed; 0 failed; 0 ignored; 0 measured; 0 filtered out; finished in 0.00s

     Running tests/async_metadata.rs (/home/shawn/workspace2/suprnova/target/debug/deps/async_metadata-5ede101b1b8289b0)

running 14 tests
test component_authored_events_keep_explicit_safe_defaults ... ok
test component_rejects_duplicate_subscription_declarations ... ok
test component_requires_every_subscription_event_to_be_a_registered_stream_event ... ok
test empty_async_collections_are_rejected ... ok
test event_target_contract_encodes_named_and_browser_scope_exactly ... ok
test component_rejects_unbounded_subscription_declarations ... ok
test event_targets_and_fanout_reject_duplicate_or_unbounded_contracts ... ok
test exact_async_collection_maxima_are_accepted ... ok
test explicit_payload_contract_identity_is_component_digest_significant ... ok
test component_subscription_input_order_does_not_change_the_digest ... ok
test subscription_events_are_independently_digest_significant ... ok
test subscription_declarations_are_sorted_typed_and_digest_significant ... ok
test subscription_collections_reject_duplicate_and_unbounded_contracts ... ok
test event_target_scope_cycle_and_fanout_are_digest_significant ... ok

test result: ok. 14 passed; 0 failed; 0 ignored; 0 measured; 0 filtered out; finished in 0.00s

     Running tests/async_security.rs (/home/shawn/workspace2/suprnova/target/debug/deps/async_security-089153905b562430)

running 8 tests
test atomic_rotation_outcome_never_formats_the_successor_credential ... ok
test topic_segments_reject_traversal_empty_and_encoded_separators_at_exact_bounds ... ok
test transport_credential_has_only_an_authority_bearing_accessor_and_redacted_debug ... ok
test trusted_mount_topic_parameters_are_redacted_from_debug ... ok
test rejected_credential_input_is_zeroizing_before_bounded_validation ... ok
test descriptor_hkdf_purpose_is_separate_from_every_existing_authority ... ok
test descriptor_key_rotation_accepts_only_configured_overlapping_key_ids ... ok
test directive_interpolation_cannot_construct_topics_or_authorization_memos ... ok

test result: ok. 8 passed; 0 failed; 0 ignored; 0 measured; 0 filtered out; finished in 0.00s

     Running tests/async_subscription.rs (/home/shawn/workspace2/suprnova/target/debug/deps/async_subscription-02197a357298ef4e)

running 8 tests
test fallback_poll_and_reconnect_limits_are_hard_bounds ... ok
test bounded_canonical_claims_are_required_even_with_a_valid_mac ... ok
test issued_descriptor_verifies_every_exact_claim_and_authoritative_baseline ... ok
test descriptor_tampering_and_exclusive_expiry_fail_closed ... ok
test descriptor_envelope_accepts_the_exact_wire_budget_and_rejects_the_first_byte_over ... ok
test signed_non_stream_source_and_unknown_order_are_not_event_authority ... ok
test semantic_array_order_is_canonical_even_with_a_valid_mac ... ok
test every_security_significant_claim_and_event_field_is_signature_bound ... ok

test result: ok. 8 passed; 0 failed; 0 ignored; 0 measured; 0 filtered out; finished in 0.01s

     Running tests/async_transport_conformance.rs (/home/shawn/workspace2/suprnova/target/debug/deps/async_transport_conformance-81362931fbb80847)

running 41 tests
test document_authorization_scope_is_canonical_redacted_and_identity_exact ... ok
test controlled_waiters_replace_stale_wakers_and_repeated_release_stays_idempotent ... ok
test cancelled_document_close_retains_cleanup_authority_for_controlled_shutdown ... ok
test controlled_read_and_close_pending_states_register_and_use_exact_wakers ... ok
test controlled_subscribe_release_between_state_check_and_registration_cannot_be_lost ... ok
test canceled_post_subscribe_authorization_releases_the_opened_session_owner ... ok
test document_transport_rejects_cross_scope_and_misrouted_source_envelopes ... ok
test document_bounds_owned_pending_controls_without_borrowing_document_state ... ok
test document_transport_multiplexes_exact_logical_memberships_and_closes_once ... ok
test membership_rejects_duplicate_limit_origin_descriptor_and_baseline_mismatch ... ok
test logical_session_delivers_a_complete_ordered_replay_from_the_signed_baseline ... ok
test exact_descriptor_binding_controls_duplicate_remove_and_rotation_overlap_membership ... ok
test many_pending_retirements_remain_bounded_and_ready_membership_is_polled_fairly ... ok
test pending_admission_leaves_document_progress_available_and_stale_commit_cleans_up ... ok
test pending_slow_membership_cannot_stall_another_ready_logical_session ... ok
test pending_authority_leaves_document_delivery_and_other_controls_available ... ok
test distinct_components_share_physical_scope_and_authority_observes_every_exact_fact ... ok
test multiplexing_preserves_independent_task_three_duplicate_and_gap_authority ... ok
test ready_control_is_bound_to_the_exact_document_owner_not_a_matching_tuple ... ok
test removal_detaches_immediately_and_shutdown_retries_partial_cleanup_truthfully ... ok
test permanent_close_error_is_observable_without_monopolizing_healthy_delivery ... ok
test membership_revalidates_after_subscribe_and_disposes_revoked_session_once ... ok
test membership_revalidates_expiry_and_registration_mode_after_subscribe_wait ... ok
test task_four_transport_surface_is_present ... ok
test membership_requires_unexpired_descriptor_and_exact_descriptor_on_remove ... ok
test retained_duplicate_request_reauthorizes_before_membership_classification ... ok
test wake_gate_release_between_state_check_and_registration_cannot_be_lost ... ok
test registered_modes_are_authority_and_external_remove_rechecks_policy ... ok
test retiring_membership_fences_exact_id_binding_and_capacity_until_woken_cleanup ... ok
test transport_reports_authorization_loss_and_unknown_removal_without_leaking_scope ... ok
test sse_encodes_canonical_envelopes_heartbeats_headers_and_same_origin_control ... ok
test websocket_origin_policy_normalizes_exact_origins_and_runs_authentication_second ... ok
test physical_document_scope_allows_heterogeneous_components_but_rejects_identity_drift ... ok
test sse_and_websocket_share_exact_ordered_envelope_semantics ... ok
test terminal_completion_detaches_before_delivery_and_pending_cleanup_cannot_stall_a_sibling ... ok
test websocket_membership_acknowledgment_requires_the_exact_committed_request ... ok
test websocket_decode_is_state_blind_and_unauthorized_removal_never_gets_membership_oracle ... ok
test websocket_codec_round_trips_envelopes_and_rejects_hostile_frames_and_membership ... ok
test membership_rechecks_expiry_revocation_and_scope_before_source_work ... ok
test full_shared_conformance_runs_through_both_real_adapter_paths ... ok
test arbitrary_origin_and_websocket_control_bytes_remain_closed_and_bounded ... ok

test result: ok. 41 passed; 0 failed; 0 ignored; 0 measured; 0 filtered out; finished in 0.15s

     Running tests/benchmark_contract.rs (/home/shawn/workspace2/suprnova/target/debug/deps/benchmark_contract-7057a85611c1a653)

running 6 tests
test macro_expansion_evidence_is_fixed_and_does_not_grow_superlinearly ... ok
test named_a8_16_fixture_and_result_stay_inside_iteration_001_budgets ... ok
test render_cache_workloads_result_reports_every_workload_with_its_correctness_conditions ... ok
test render_cache_budget_result_holds_the_c64_allocation_and_copy_bounds ... ok
test action_framework_result_covers_the_a8_16_pipeline_under_two_milliseconds ... ok
test the_render_cache_budget_is_an_on_demand_tool_and_never_a_gate_step ... ok

test result: ok. 6 passed; 0 failed; 0 ignored; 0 measured; 0 filtered out; finished in 0.00s

     Running tests/binding_metadata.rs (/home/shawn/workspace2/suprnova/target/debug/deps/binding_metadata-f01f3b716f0c3a4d)

running 7 tests
test component_metadata_rejects_duplicate_url_query_keys ... ok
test component_metadata_requires_registered_model_and_session_contracts ... ok
test timing_policies_are_closed_and_debounce_is_bounded ... ok
test url_metadata_rejects_sensitive_categories_complex_values_and_duplicate_keys ... ok
test session_state_uses_registered_metadata_and_redacted_bounded_intents ... ok
test url_bindings_are_scalar_typed_and_preserve_navigation_semantics ... ok
test model_and_url_metadata_are_part_of_the_component_contract_digest ... ok

test result: ok. 7 passed; 0 failed; 0 ignored; 0 measured; 0 filtered out; finished in 0.00s

     Running tests/browser_contract_properties.rs (/home/shawn/workspace2/suprnova/target/debug/deps/browser_contract_properties-6731327e29bd916c)

running 3 tests
test shared_directive_lookup_accepts_only_an_exact_reviewed_name ... ok
test arbitrary_directive_fragments_have_bounded_redacted_checker_results ... ok
test browser_metadata_inputs_are_bounded_and_snapshot_debug_is_redacted ... ok

test result: ok. 3 passed; 0 failed; 0 ignored; 0 measured; 0 filtered out; finished in 4.49s

     Running tests/browser_render_context.rs (/home/shawn/workspace2/suprnova/target/debug/deps/browser_render_context-5fc24dc28b26ace8)

running 2 tests
test missing_malformed_and_cross_island_document_keys_fail_closed ... ok
test v1_and_v2_document_keys_become_typed_inert_render_context ... ok

test result: ok. 2 passed; 0 failed; 0 ignored; 0 measured; 0 filtered out; finished in 0.00s

     Running tests/canonical_contract.rs (/home/shawn/workspace2/suprnova/target/debug/deps/canonical_contract-357ea741f6c6e673)

running 10 tests
test canonical_value_never_accepts_non_finite_programmatic_numbers ... ok
test canonicalizes_object_order_numbers_and_negative_zero ... ok
test canonicalization_is_stable_across_a_round_trip ... ok
test identifier_types_enforce_grammar_and_binary_strength ... ok
test programmatic_values_are_bounded_before_serialization ... ok
test rejects_duplicate_object_keys ... ok
test rejects_nesting_collection_and_string_limits ... ok
test follows_the_rfc_8785_utf16_property_order_vector ... ok
test rejects_input_before_parsing_when_byte_limit_is_exceeded ... ok
test rejects_non_interoperable_numbers_malformed_utf8_and_trailing_data ... ok

test result: ok. 10 passed; 0 failed; 0 ignored; 0 measured; 0 filtered out; finished in 0.00s

     Running tests/canonical_properties.rs (/home/shawn/workspace2/suprnova/target/debug/deps/canonical_properties-4102d8568a11fd71)

running 1 test
test supported_values_round_trip_and_recanonicalize_identically ... ok

test result: ok. 1 passed; 0 failed; 0 ignored; 0 measured; 0 filtered out; finished in 0.02s

     Running tests/checker_negative.rs (/home/shawn/workspace2/suprnova/target/debug/deps/checker_negative-b7576e25ff018c61)

running 15 tests
test iteration_004_progress_rejects_endpoint_values ... ok
test a_call_to_a_macro_the_catalog_cannot_resolve_stays_unproved ... ok
test freshness_combinations_are_enforced_across_the_whole_island ... ok
test iteration_003_directive_failures_are_closed_and_source_oriented ... ok
test every_conflicting_v4_freshness_combination_is_rejected_by_the_real_checker ... ok
test a_macro_call_is_checked_as_the_markup_it_expands_to ... ok
test iteration_003_signal_integers_match_the_browser_safe_range ... ok
test iteration_004_modifier_groups_fail_closed ... ok
test iteration_004_roles_modifiers_and_conflicts_fail_closed ... ok
test iteration_004_stream_event_signal_and_capability_metadata_fail_closed ... ok
test askama_and_html_structure_are_checked_on_every_branch ... ok
test morph_controls_require_stable_identity_safe_modes_and_owned_structure ... ok
test iteration_004_upload_model_conflicts_are_island_wide ... ok
test directive_metadata_and_nested_ownership_fail_closed ... ok
test iteration_004_upload_shape_metadata_ownership_and_accessibility_fail_closed ... ok

test result: ok. 15 passed; 0 failed; 0 ignored; 0 measured; 0 filtered out; finished in 0.01s

     Running tests/checker_positive.rs (/home/shawn/workspace2/suprnova/target/debug/deps/checker_positive-a0589d1f2fa5c353)

running 14 tests
test iteration_003_signal_safe_integer_boundary_is_statically_proved ... ok
test includes_and_inheritance_are_resolved_through_the_bounded_catalog ... ok
test freshness_combinations_are_isolated_per_nested_island_instance ... ok
test iteration_004_directives_are_generated_from_the_reviewed_fixture ... ok
test checked_upload_and_stream_markup_is_proved_on_every_static_askama_branch ... ok
test every_iteration_003_directive_is_statically_proved ... ok
test iteration_four_directives_have_closed_capability_contracts ... ok
test iteration_four_directive_roles_and_modifiers_are_statically_proved ... ok
test iteration_004_upload_model_exclusivity_respects_fields_islands_and_static_branches ... ok
test macro_calls_are_expanded_with_their_literal_arguments ... ok
test signal_names_use_the_canonical_byte_grammar_without_narrowing_class_keys ... ok
test every_legal_v4_freshness_combination_is_proved_by_the_real_checker ... ok
test registered_directives_nested_ownership_and_compatible_branches_are_proved ... ok
test every_iteration_four_modifier_and_role_has_a_static_positive_case ... ok

test result: ok. 14 passed; 0 failed; 0 ignored; 0 measured; 0 filtered out; finished in 0.01s

     Running tests/checker_regressions.rs (/home/shawn/workspace2/suprnova/target/debug/deps/checker_regressions-161b599f59932bc7)

running 7 tests
test dynamic_upload_attribute_structure_is_explicitly_unproved_never_statically_proved ... ok
test diagnostics_have_stable_machine_codes_and_source_locations_without_raw_values ... ok
test expanded_includes_and_inherited_blocks_remain_bounded_and_structural ... ok
test missing_view_include_and_parent_have_distinct_stable_diagnostics ... ok
test dynamic_iteration_004_directive_values_are_explicitly_unproved ... ok
test every_checker_resource_dimension_is_hard_bounded ... ok
test arbitrary_bounded_utf8_never_panics_or_exposes_unbounded_diagnostics ... ok

test result: ok. 7 passed; 0 failed; 0 ignored; 0 measured; 0 filtered out; finished in 0.13s

     Running tests/child_parameter_envelope.rs (/home/shawn/workspace2/suprnova/target/debug/deps/child_parameter_envelope-e0e9462ea991ddb4)

running 2 tests
test a_rendered_draft_is_not_publishable_for_a_different_accepted_parent ... ok
test accepted_parent_outcome_publishes_one_typed_child_parameter_capability ... ok

test result: ok. 2 passed; 0 failed; 0 ignored; 0 measured; 0 filtered out; finished in 0.00s

     Running tests/child_parameter_properties.rs (/home/shawn/workspace2/suprnova/target/debug/deps/child_parameter_properties-cc258dc4bb0e2928)

running 2 tests
test arbitrary_bounded_bytes_never_panic_or_expose_parameters ... ok
test canonical_child_capabilities_round_trip_deterministically ... ok

test result: ok. 2 passed; 0 failed; 0 ignored; 0 measured; 0 filtered out; finished in 0.07s

     Running tests/child_parameter_support.rs (/home/shawn/workspace2/suprnova/target/debug/deps/child_parameter_support-560ca231d7833e9c)

running 0 tests

test result: ok. 0 passed; 0 failed; 0 ignored; 0 measured; 0 filtered out; finished in 0.00s

     Running tests/child_parameter_tampering.rs (/home/shawn/workspace2/suprnova/target/debug/deps/child_parameter_tampering-d5def3a42b225bba)

running 4 tests
test parent_scope_instance_revision_and_child_bindings_cannot_cross ... ok
test parameter_schema_and_value_hashes_are_independently_enforced ... ok
test issue_expiry_and_canonical_input_are_strictly_bounded ... ok
test wrong_purpose_key_id_and_root_material_all_fail_before_values_are_exposed ... ok

test result: ok. 4 passed; 0 failed; 0 ignored; 0 measured; 0 filtered out; finished in 0.00s

     Running tests/child_parameter_v2.rs (/home/shawn/workspace2/suprnova/target/debug/deps/child_parameter_v2-d5fbd664a1d87040)

running 7 tests
test v2_envelope_binds_the_exact_child_instance_without_reinterpreting_v1 ... ok
test missing_or_failing_ledger_authority_fails_closed_with_provider_cause ... ok
test eligible_v2_capability_runs_the_registered_child_lifecycle_once ... ok
test v2_verification_rejects_v1_and_every_foreign_exact_binding ... ok
test accepted_later_parent_revision_invalidates_the_same_signed_v2_envelope ... ok
test server_eligibility_requires_signed_lineage_and_current_ledger_authority ... ok
test eligibility_rejects_foreign_parent_or_signed_child_lineage ... ok

test result: ok. 7 passed; 0 failed; 0 ignored; 0 measured; 0 filtered out; finished in 0.00s

     Running tests/compatibility.rs (/home/shawn/workspace2/suprnova/target/debug/deps/compatibility-a6e939bab4e15041)

running 1 test
test v1_triplet_is_supported_and_breaking_versions_request_one_refresh ... ok

test result: ok. 1 passed; 0 failed; 0 ignored; 0 measured; 0 filtered out; finished in 0.00s

     Running tests/component_harness.rs (/home/shawn/workspace2/suprnova/target/debug/deps/component_harness-cc1a196552a45479)

running 4 tests
test harness_services_control_every_host_dependency_without_raw_authority ... ok
test transaction_commit_failure_consumes_the_claim_and_retry_never_reinvokes ... ok
test harness_mounts_and_advances_a_real_component_snapshot_without_a_framework_adapter ... ok
test registered_events_effects_redirects_and_current_authorization_are_typed ... ok

test result: ok. 4 passed; 0 failed; 0 ignored; 0 measured; 0 filtered out; finished in 0.00s

     Running tests/component_support.rs (/home/shawn/workspace2/suprnova/target/debug/deps/component_support-bd7b48639e029cbc)

running 0 tests

test result: ok. 0 passed; 0 failed; 0 ignored; 0 measured; 0 filtered out; finished in 0.00s

     Running tests/composition.rs (/home/shawn/workspace2/suprnova/target/debug/deps/composition-94bbb0cd8f4da664)

running 4 tests
test typed_parameters_and_stable_keys_fail_before_a_child_transition_exists ... ok
test duplicate_capacity_pending_and_circular_composition_are_hard_bounded ... ok
test pending_parameter_capacity_and_child_failure_recovery_never_roll_back_the_parent ... ok
test child_reconciliation_preserves_ownership_and_classifies_every_survivor_state ... ok

test result: ok. 4 passed; 0 failed; 0 ignored; 0 measured; 0 filtered out; finished in 0.00s

     Running tests/crypto_contract.rs (/home/shawn/workspace2/suprnova/target/debug/deps/crypto_contract-6300502acfdd6d2f)

running 6 tests
test key_windows_unknown_ids_and_malformed_signatures_are_classified ... ok
test rotation_overlap_verifies_old_keys_but_signs_only_with_current_key ... ok
test signs_with_the_active_key_and_verifies_in_constant_time_api ... ok
test weak_roots_invalid_windows_and_duplicate_ids_are_rejected ... ok
test tampered_body_and_wrong_root_key_fail_closed ... ok
test seed_and_instance_purposes_cannot_be_substituted ... ok

test result: ok. 6 passed; 0 failed; 0 ignored; 0 measured; 0 filtered out; finished in 0.00s

     Running tests/crypto_rfc_vectors.rs (/home/shawn/workspace2/suprnova/target/debug/deps/crypto_rfc_vectors-d3672f7bd4cdfe0b)

running 2 tests
test rfc_4231_hmac_sha256_case_one ... ok
test rfc_5869_sha256_case_one ... ok

test result: ok. 2 passed; 0 failed; 0 ignored; 0 measured; 0 filtered out; finished in 0.00s

     Running tests/document_render.rs (/home/shawn/workspace2/suprnova/target/debug/deps/document_render-635fd680dae992a3)

running 5 tests
test incomplete_html_never_becomes_a_successful_canonical_document ... ok
test document_metadata_rejects_cookie_authority_and_unmatched_mounts ... ok
test html_inspection_does_not_treat_raw_text_as_mount_markup ... ok
test document_render_owns_typed_status_headers_cache_and_mount_metadata ... ok
test canonical_conformance_exposes_get_suppresses_head_and_honors_validator ... ok

test result: ok. 5 passed; 0 failed; 0 ignored; 0 measured; 0 filtered out; finished in 0.00s

     Running tests/endpoint_contract.rs (/home/shawn/workspace2/suprnova/target/debug/deps/endpoint_contract-2156fb561b701b64)

running 6 tests
test media_type_is_exact_and_versioned ... ok
test normalization_failures_receive_closed_empty_http_responses ... ok
test nonaccepted_response_is_canonical_complete_and_security_bounded ... ok
test bounded_engine_inspection_returns_only_catalog_selection_facts ... ok
test complete_response_bytes_are_bounded_before_http_success_exists ... ok
test unsealed_accepted_kernel_bytes_are_rejected ... ok

test result: ok. 6 passed; 0 failed; 0 ignored; 0 measured; 0 filtered out; finished in 0.00s

     Running tests/endpoint_duplicates.rs (/home/shawn/workspace2/suprnova/target/debug/deps/endpoint_duplicates-f7b97e8fe4a80089)

running 4 tests
test authorization_concealment_never_returns_kernel_body_or_media_metadata ... ok
test duplicate_without_retained_body_is_refresh_required ... ok
test accepted_outcome_requires_engine_sealed_response_capability ... ok
test every_closed_kernel_outcome_has_one_http_mapping ... ok

test result: ok. 4 passed; 0 failed; 0 ignored; 0 measured; 0 filtered out; finished in 0.00s

     Running tests/endpoint_failures.rs (/home/shawn/workspace2/suprnova/target/debug/deps/endpoint_failures-3c382352563be17f)

running 6 tests
test missing_context_and_cache_attempts_never_become_endpoint_requests ... ok
test transport_and_trusted_context_fail_before_kernel_dispatch ... ok
test context_is_rechecked_after_kernel_completion_before_output_publication ... ok
test malformed_batches_and_snapshot_binding_mismatches_are_refresh_safe ... ok
test expired_media_mismatched_and_catalog_drifted_requests_never_dispatch ... ok
test correctly_signed_route_slot_scope_and_revision_mismatches_fail_closed ... ok

test result: ok. 6 passed; 0 failed; 0 ignored; 0 measured; 0 filtered out; finished in 0.00s

     Running tests/endpoint_navigation_target.rs (/home/shawn/workspace2/suprnova/target/debug/deps/endpoint_navigation_target-e4e1344219f4f252)

running 2 tests
test safe_navigation_targets_are_root_relative_and_bounded ... ok
test unsafe_navigation_targets_match_browser_rejection_contract ... ok

test result: ok. 2 passed; 0 failed; 0 ignored; 0 measured; 0 filtered out; finished in 0.00s

     Running tests/error_redaction.rs (/home/shawn/workspace2/suprnova/target/debug/deps/error_redaction-9b695eb14ebfc477)

running 2 tests
test production_formatting_exposes_only_closed_safe_fields ... ok
test stable_error_fields_use_snake_case_machine_values ... ok

test result: ok. 2 passed; 0 failed; 0 ignored; 0 measured; 0 filtered out; finished in 0.00s

     Running tests/execution_concurrency.rs (/home/shawn/workspace2/suprnova/target/debug/deps/execution_concurrency-3dbe520930c1a096)

running 1 test
test concurrent_duplicates_accept_one_outcome_and_never_reinvoke_without_bytes ... ok

test result: ok. 1 passed; 0 failed; 0 ignored; 0 measured; 0 filtered out; finished in 0.00s

     Running tests/execution_fault_matrix.rs (/home/shawn/workspace2/suprnova/target/debug/deps/execution_fault_matrix-bd2ef42ed954193c)

running 9 tests
test semantic_request_sealer_swap_fails_before_host_or_ledger_acceptance ... ok
test foreign_request_sealer_fails_before_host_or_ledger_acceptance ... ok
test cancellation_after_physical_host_commit_before_ack_fences_base_revision ... ok
test cancellation_before_host_commit_attempt_releases_rollbackable_claim_for_retry ... ok
test child_delivery_response_sealing_failure_rolls_back_before_acceptance ... ok
test cancellation_after_host_commit_fences_base_revision_from_replay ... ok
test ledger_failure_after_host_commit_fences_base_revision_from_replay ... ok
test accepted_parent_builds_one_changed_child_delivery_before_commit ... ok
test every_locked_boundary_has_exact_recovery_and_durability_semantics ... ok

test result: ok. 9 passed; 0 failed; 0 ignored; 0 measured; 0 filtered out; finished in 0.03s

     Running tests/execution_order.rs (/home/shawn/workspace2/suprnova/target/debug/deps/execution_order-c243c86389fce0c4)

running 2 tests
test required_transaction_begins_after_validation_and_remains_uncommitted ... ok
test action_phases_are_exact_and_no_transaction_policy_never_fabricates_one ... ok

test result: ok. 2 passed; 0 failed; 0 ignored; 0 measured; 0 filtered out; finished in 0.00s

     Running tests/fuzz_regressions.rs (/home/shawn/workspace2/suprnova/target/debug/deps/fuzz_regressions-f375fe99368153b3)

running 2 tests
test persisted_malformed_inputs_are_rejected_without_panicking ... ok
test every_single_byte_signed_seed_mutation_is_rejected ... ok

test result: ok. 2 passed; 0 failed; 0 ignored; 0 measured; 0 filtered out; finished in 0.04s

     Running tests/golden_fixtures.rs (/home/shawn/workspace2/suprnova/target/debug/deps/golden_fixtures-6320f6f2b35e1e00)

running 12 tests
test canonical_fixtures_have_no_unconsumed_case_kind ... ok
test version_four_is_an_independent_capability_fixture_set ... ok
test version_four_idempotent_upload_retries_are_self_contained ... ok
test protocol_fixtures_are_exhaustively_accepted_or_rejected ... ok
test fixture_manifest_is_complete_and_hashable ... ok
test v1_protocol_success_bytes_are_already_canonical_and_stable ... ok
test descriptor_fixtures_prove_snake_case_naming_and_the_schema_version_gate ... ok
test snapshot_fixtures_match_rust_verification_and_failure_classes ... ok
test version_four_protocols_and_promoted_directives_are_consistent ... ok
test ordering_and_compatibility_fixtures_enumerate_every_case ... ok
test version_four_case_ids_and_hard_bounds_are_closed ... ok
test version_four_encoded_cases_are_canonical_and_within_exact_limits ... ok

test result: ok. 12 passed; 0 failed; 0 ignored; 0 measured; 0 filtered out; finished in 0.00s

     Running tests/hostile_adapter.rs (/home/shawn/workspace2/suprnova/target/debug/deps/hostile_adapter-4deb6fe987800f69)

running 5 tests
test kernel_failures_and_debug_output_are_redacted ... ok
test successor_snapshot_must_verify_and_match_the_response_revision ... ok
test committed_snapshot_must_be_the_immediate_successor_revision ... ok
test hostile_kernel_cannot_smuggle_external_redirect_or_partial_protocol_bytes ... ok
test response_class_version_and_correlation_cannot_disagree ... ok

test result: ok. 5 passed; 0 failed; 0 ignored; 0 measured; 0 filtered out; finished in 0.00s

     Running tests/idempotency_digest.rs (/home/shawn/workspace2/suprnova/target/debug/deps/idempotency_digest-0fb556b711f9f8df)

running 4 tests
test correlation_whitespace_and_object_key_presentation_do_not_change_meaning ... ok
test ordered_operations_are_digest_significant ... ok
test every_semantic_authority_proposal_operation_argument_and_extension_changes_the_digest ... ok
test v2_child_carrier_is_idempotency_significant_and_exact_replay_remains_accepted ... ok

test result: ok. 4 passed; 0 failed; 0 ignored; 0 measured; 0 filtered out; finished in 0.00s

     Running tests/initial_mount.rs (/home/shawn/workspace2/suprnova/target/debug/deps/initial_mount-0c8608df68889e56)

running 3 tests
test no_publishable_output_exists_while_ledger_authority_is_blocked ... ok
test private_mount_signs_complete_state_then_creates_authority_and_publishes_one_wrapper ... ok
test instance_collision_repeats_effect_free_mount_under_a_fresh_identity ... ok

test result: ok. 3 passed; 0 failed; 0 ignored; 0 measured; 0 filtered out; finished in 0.00s

     Running tests/initial_mount_failures.rs (/home/shawn/workspace2/suprnova/target/debug/deps/initial_mount_failures-aaa5a64dccf97e22)

running 9 tests
test inert_flag_collection_is_hard_bounded_before_service_allocation ... ok
test snapshot_and_clock_failures_never_reach_instance_authority ... ok
test expired_context_and_executable_mount_metadata_fail_before_publication ... ok
test host_authority_expiring_during_render_is_rechecked_before_ledger_creation ... ok
test document_mount_capacity_is_enforced_before_component_construction ... ok
test mount_flag_values_are_escaped_and_never_become_executable_attributes ... ok
test oversized_inert_metadata_and_ledger_capacity_fail_without_output ... ok
test duplicate_document_identity_is_rejected_before_second_component_construction ... ok
test collision_retry_is_hard_bounded_and_never_reuses_prepared_output ... ok

test result: ok. 9 passed; 0 failed; 0 ignored; 0 measured; 0 filtered out; finished in 0.00s

     Running tests/integrated_workspace.rs (/home/shawn/workspace2/suprnova/target/debug/deps/integrated_workspace-fd0c9d0576e72650)

running 1 test
test live_packages_share_the_suprnova_workspace_without_a_framework_cycle ... ok

test result: ok. 1 passed; 0 failed; 0 ignored; 0 measured; 0 filtered out; finished in 0.02s

     Running tests/island_render.rs (/home/shawn/workspace2/suprnova/target/debug/deps/island_render-e24c76828dd3a26c)

running 6 tests
test component_templates_render_checked_fragments_before_engine_root_assembly ... ok
test executable_elements_cannot_be_used_as_mount_boundaries ... ok
test raw_component_fragments_are_bounded_before_engine_wrapper_allocation ... ok
test declarative_live_and_stimulus_attributes_pass_through_as_html ... ok
test island_result_has_markup_assets_and_children_but_no_response_authority ... ok
test multiple_island_roots_fail_deterministically ... ok

test result: ok. 6 passed; 0 failed; 0 ignored; 0 measured; 0 filtered out; finished in 0.00s

     Running tests/iteration_004_adversarial.rs (/home/shawn/workspace2/suprnova/target/debug/deps/iteration_004_adversarial-b60f416a72dd5273)

running 6 tests
test malformed_media_headers_have_one_bounded_fail_closed_disposition ... ok
test duplicate_completion_cancel_finalize_and_expire_finalize_are_monotonic ... ok
test websocket_origin_matrix_rejects_before_authority_and_cross_site_cookie_use ... ok
test cancel_and_expire_race_finalize_under_deterministic_barriers ... ok
test forged_and_cross_scope_upload_authority_is_typed_bounded_and_redacted ... ok
test oversized_truncated_and_fragmented_messages_are_typed_and_bounded ... ok

test result: ok. 6 passed; 0 failed; 0 ignored; 0 measured; 0 filtered out; finished in 0.00s

     Running tests/iteration_004_conformance.rs (/home/shawn/workspace2/suprnova/target/debug/deps/iteration_004_conformance-73b73055fc2cfb8f)

running 3 tests
test wrong_fixture_expected_fails_even_when_rust_and_typescript_agree ... ok
test typescript_conformance_runner_is_a_plain_supported_node_bundle ... ok
test every_v4_case_has_identical_rust_and_typescript_canonical_outcomes ... ok

test result: ok. 3 passed; 0 failed; 0 ignored; 0 measured; 0 filtered out; finished in 0.03s

     Running tests/iteration_004_exhaustion.rs (/home/shawn/workspace2/suprnova/target/debug/deps/iteration_004_exhaustion-4ca8b43cbc4316c4)

running 2 tests
test queue_and_permit_exhaustion_preserve_exact_bounds_and_sibling_liveness ... ok
test upload_exhaustion_is_exactly_scoped_and_leaves_other_live_work_usable ... ok

test result: ok. 2 passed; 0 failed; 0 ignored; 0 measured; 0 filtered out; finished in 0.00s

     Running tests/lazy_components.rs (/home/shawn/workspace2/suprnova/target/debug/deps/lazy_components-b588cc2ea1c3b851)

running 2 tests
test deferred_lazy_mounts_expose_semantic_ssr_state_and_only_typed_completion_intent ... ok
test params_changed_and_lazy_complete_are_registered_child_local_lifecycle_operations ... ok

test result: ok. 2 passed; 0 failed; 0 ignored; 0 measured; 0 filtered out; finished in 0.00s

     Running tests/ledger_claims.rs (/home/shawn/workspace2/suprnova/target/debug/deps/ledger_claims-5fad9507b3739d3f)

running 8 tests
test ledger_limits_reject_zero_and_unbounded_configurations ... ok
test exact_promotion_retry_recovers_authority_but_changed_input_conflicts ... ok
test opaque_claim_tokens_are_bound_to_the_provider_that_issued_them ... ok
test accepted_revision_read_is_exact_and_terminal_or_expired_authority_is_absent ... ok
test accepted_revision_changes_only_when_a_pending_claim_commits ... ok
test stale_bases_and_mismatched_idempotency_never_join_pending_or_accepted_work ... ok
test claim_advances_monotonically_and_exact_duplicates_observe_one_outcome ... ok
test accepted_history_and_provider_inspection_are_bounded_metadata_only ... ok

test result: ok. 8 passed; 0 failed; 0 ignored; 0 measured; 0 filtered out; finished in 0.00s

     Running tests/ledger_concurrency.rs (/home/shawn/workspace2/suprnova/target/debug/deps/ledger_concurrency-8ad34cf03d87b927)

running 2 tests
test simultaneous_claims_for_one_base_revision_grant_exactly_one_token ... ok
test repeated_claim_races_preserve_the_single_grant_invariant ... ok

test result: ok. 2 passed; 0 failed; 0 ignored; 0 measured; 0 filtered out; finished in 0.02s

     Running tests/ledger_distributed.rs (/home/shawn/workspace2/suprnova/target/debug/deps/ledger_distributed-12dc08823ab2536b)

running 14 tests
test a_record_evicted_from_the_store_is_no_authority_on_either_node ... ok
test a_claim_token_from_one_node_is_never_accepted_by_the_other ... ok
test a_fenced_claim_never_restores_base_revision_authority_on_either_node ... ok
test a_second_node_claiming_one_base_revision_joins_rather_than_grants ... ok
test a_promotion_conflicts_when_nothing_explains_the_held_identity ... ok
test a_commit_on_one_node_is_the_accepted_revision_on_the_other ... ok
test a_released_claim_crosses_nodes_once_the_queue_drains ... ok
test an_instance_one_node_mounts_is_current_authority_on_the_other ... ok
test an_elapsed_instance_is_distinguishable_from_one_that_never_existed ... ok
test the_two_node_conformance_suite_passes_over_one_store ... ok
test one_retry_identity_yields_one_authority_across_nodes ... ok
test flush_cleanup_applies_a_queued_release_without_another_operation ... ok
test the_conformance_suite_passes_over_the_tier_zero_ledger ... ok
test the_conformance_suite_passes_over_the_distributed_kernel ... ok

test result: ok. 14 passed; 0 failed; 0 ignored; 0 measured; 0 filtered out; finished in 0.01s

     Running tests/ledger_expiry.rs (/home/shawn/workspace2/suprnova/target/debug/deps/ledger_expiry-ae175b7079cfbe63)

running 5 tests
test missing_and_expired_instances_require_fresh_rendering ... ok
test expired_claim_lease_becomes_terminal_and_cannot_be_reclaimed ... ok
test dropped_execution_claim_releases_authority_for_an_exact_retry ... ok
test abandoned_claim_consumes_authority_without_rolling_revision_back ... ok
test requested_retry_key_expires_even_behind_the_global_cleanup_budget ... ok

test result: ok. 5 passed; 0 failed; 0 ignored; 0 measured; 0 filtered out; finished in 0.00s

     Running tests/ledger_mounts.rs (/home/shawn/workspace2/suprnova/target/debug/deps/ledger_mounts-67cdd6748114d574)

running 3 tests
test private_mount_creates_revision_authority_without_a_promotion_reservation ... ok
test private_mount_is_create_only_and_never_recovers_an_exact_retry ... ok
test private_mount_rejects_elapsed_expiry_and_capacity_without_partial_authority ... ok

test result: ok. 3 passed; 0 failed; 0 ignored; 0 measured; 0 filtered out; finished in 0.00s

     Running tests/ledger_record.rs (/home/shawn/workspace2/suprnova/target/debug/deps/ledger_record-1a9bb769b9f54acc)

running 1 test
test the_record_frame_is_versioned_and_bounded ... ok

test result: ok. 1 passed; 0 failed; 0 ignored; 0 measured; 0 filtered out; finished in 0.00s

     Running tests/ledger_support.rs (/home/shawn/workspace2/suprnova/target/debug/deps/ledger_support-66363f4e3186e115)

running 0 tests

test result: ok. 0 passed; 0 failed; 0 ignored; 0 measured; 0 filtered out; finished in 0.00s

     Running tests/lifecycle_failures.rs (/home/shawn/workspace2/suprnova/target/debug/deps/lifecycle_failures-976061e0787f8e65)

running 7 tests
test failed_mount_has_no_instance_to_teardown ... ok
test hook_failure_suppresses_downstream_phases_but_tears_down_once ... ok
test dehydration_failure_suppresses_publication_and_still_tears_down_once ... ok
test teardown_failure_is_reported_after_success_and_not_retried ... ok
test panic_is_classified_and_never_skips_owned_teardown ... ok
test component_drop_panic_is_contained_after_exactly_one_teardown ... ok
test every_synchronous_and_future_drop_panic_stays_inside_the_lifecycle_boundary ... ok

test result: ok. 7 passed; 0 failed; 0 ignored; 0 measured; 0 filtered out; finished in 0.00s

     Running tests/lifecycle_order.rs (/home/shawn/workspace2/suprnova/target/debug/deps/lifecycle_order-d3a3c5062ffc7685)

running 2 tests
test action_reconstruction_uses_fresh_owned_instances_for_every_request ... ok
test initial_mount_has_one_mutation_aware_order_and_tears_down_once ... ok

test result: ok. 2 passed; 0 failed; 0 ignored; 0 measured; 0 filtered out; finished in 0.00s

     Running tests/metadata_contract.rs (/home/shawn/workspace2/suprnova/target/debug/deps/metadata_contract-4e56df4a8269be94)

running 9 tests
test contract_versions_are_independent_and_nonzero ... ok
test duplicate_field_and_action_identities_are_rejected ... ok
test refresh_on_promote_cannot_bypass_the_protocol_v2_contract ... ok
test view_names_are_bounded_relative_template_identities ... ok
test complete_action_dispatch_contract_is_digest_significant ... ok
test browser_payload_contracts_are_typed_bounded_and_digest_significant ... ok
test selected_action_validation_paths_are_canonical_and_unique ... ok
test upload_field_policy_and_finalize_action_are_part_of_the_component_contract ... ok
test contract_digest_is_stable_across_metadata_input_order ... ok

test result: ok. 9 passed; 0 failed; 0 ignored; 0 measured; 0 filtered out; finished in 0.00s

     Running tests/model_binding.rs (/home/shawn/workspace2/suprnova/target/debug/deps/model_binding-ef0d80318be74b54)

running 7 tests
test manually_constructed_invalid_codec_metadata_is_rejected_before_requests ... ok
test failed_or_absent_proposals_never_call_a_setter ... ok
test proposals_preserve_missing_null_invalid_and_valid_values ... ok
test integer_number_inputs_outside_the_lossless_browser_range_are_invalid ... ok
test authorization_rejects_paths_before_generated_setters_can_run ... ok
test proposal_count_path_shape_and_value_size_are_bounded ... ok
test registered_codecs_cover_nested_collections_enums_dates_uuid_and_controls ... ok

test result: ok. 7 passed; 0 failed; 0 ignored; 0 measured; 0 filtered out; finished in 0.00s

     Running tests/model_binding_properties.rs (/home/shawn/workspace2/suprnova/target/debug/deps/model_binding_properties-4278a9e93f3590f6)

running 3 tests
test signed_integer_codec_round_trips_losslessly ... ok
test every_failed_integer_proposal_leaves_state_unchanged ... ok
test unsigned_string_and_list_codecs_round_trip_losslessly ... ok

test result: ok. 3 passed; 0 failed; 0 ignored; 0 measured; 0 filtered out; finished in 0.03s

     Running tests/mounted_document_path.rs (/home/shawn/workspace2/suprnova/target/debug/deps/mounted_document_path-015af1f1f1873f9d)

running 2 tests
test mounted_document_path_keeps_valid_parameterized_paths ... ok
test mounted_document_path_rejects_browser_normalization_boundaries ... ok

test result: ok. 2 passed; 0 failed; 0 ignored; 0 measured; 0 filtered out; finished in 0.00s

     Running tests/parser_properties.rs (/home/shawn/workspace2/suprnova/target/debug/deps/parser_properties-45ba9bfd5cd4cace)

running 6 tests
test schema_evolution_extensions_preserve_names_and_values ... ok
test malformed_snapshot_envelopes_are_always_classified ... ok
test explicit_extension_objects_recanonicalize_stably ... ok
test valid_canonical_trees_round_trip_stably ... ok
test arbitrary_external_bytes_never_panic_any_iteration_001_parser ... ok
test every_random_signed_seed_mutation_is_rejected ... ok

test result: ok. 6 passed; 0 failed; 0 ignored; 0 measured; 0 filtered out; finished in 0.08s

     Running tests/promotion_support.rs (/home/shawn/workspace2/suprnova/target/debug/deps/promotion_support-fa9584d124b86dbf)

running 0 tests

test result: ok. 0 passed; 0 failed; 0 ignored; 0 measured; 0 filtered out; finished in 0.00s

     Running tests/protocol_support.rs (/home/shawn/workspace2/suprnova/target/debug/deps/protocol_support-2a220270bc3ed69c)

running 0 tests

test result: ok. 0 passed; 0 failed; 0 ignored; 0 measured; 0 filtered out; finished in 0.00s

     Running tests/protocol_v2.rs (/home/shawn/workspace2/suprnova/target/debug/deps/protocol_v2-4640aad3753f8b1a)

running 5 tests
test v2_window_supports_whole_prior_or_current_triplets_but_rejects_mixed_nodes ... ok
test params_changed_requires_signed_child_authority_and_fresh_render_never_replays ... ok
test lifecycle_operations_resolve_only_inside_the_v2_model ... ok
test v2_responses_carry_typed_children_and_url_intent_and_round_trip ... ok
test params_changed_parses_the_exact_child_admission_carrier ... ok

test result: ok. 5 passed; 0 failed; 0 ignored; 0 measured; 0 filtered out; finished in 0.00s

     Running tests/public_seed_mount.rs (/home/shawn/workspace2/suprnova/target/debug/deps/public_seed_mount-e3216b8dbef90adc)

running 4 tests
test public_seed_mount_runs_the_registered_component_lifecycle_without_instance_authority ... ok
test public_seed_mount_uses_the_shared_root_without_instance_or_promotion_authority ... ok
test a_public_seed_output_reports_its_non_authoritative_expiry ... ok
test a_public_seed_mount_reads_the_clock_once_and_its_expiry_matches_the_seed ... ok

test result: ok. 4 passed; 0 failed; 0 ignored; 0 measured; 0 filtered out; finished in 0.00s

     Running tests/registry_contract.rs (/home/shawn/workspace2/suprnova/target/debug/deps/registry_contract-3dc5b1f75d90f5ac)

running 4 tests
test descriptor_derives_exact_snapshot_schemas_from_generated_contract_metadata ... ok
test immutable_registry_resolves_only_explicit_component_contracts ... ok
test contract_mismatch_fails_without_exposing_browser_identity ... ok
test explicit_registry_rejects_duplicate_component_and_view_ownership ... ok

test result: ok. 4 passed; 0 failed; 0 ignored; 0 measured; 0 filtered out; finished in 0.00s

     Running tests/render_cache_coherence.rs (/home/shawn/workspace2/suprnova/target/debug/deps/render_cache_coherence-87c957acfe8c182d)

running 7 tests
test cache_control_and_vary_agree_with_class_variance_and_seed_deadline ... ok
test dead_after_ms_is_the_widest_stale_band_not_the_stale_on_error_band_alone ... ok
test leases_bound_monotonic_age_and_hints_only_shorten ... ok
test dead_after_ms_is_class_aware_private_dies_at_fresh_ms_alone ... ok
test evaluate_freshness_matches_the_original_three_branch_logic_for_every_class ... ok
test freshness_intervals_are_explicit_and_private_output_never_serves_stale ... ok
test conditional_requests_match_only_the_exact_strong_validator ... ok

test result: ok. 7 passed; 0 failed; 0 ignored; 0 measured; 0 filtered out; finished in 0.00s

     Running tests/render_cache_entry.rs (/home/shawn/workspace2/suprnova/target/debug/deps/render_cache_entry-a4b519f55604a37c)

running 23 tests
test a_generation_key_longer_than_64_characters_fails_to_deserialize ... ok
test a_generation_key_shorter_than_64_characters_fails_to_deserialize ... ok
test a_complete_entry_inspects_with_zero_slots ... ok
test a_mixed_case_spelling_of_a_generation_key_fails_to_deserialize ... ok
test a_declared_application_dimension_round_trips_through_encode_and_decode ... ok
test a_complete_entry_round_trips_with_a_strong_validator_over_exact_bytes ... ok
test a_non_hex_character_in_a_generation_key_fails_to_deserialize ... ok
test a_forbidden_response_header_with_a_valid_integrity_tag_still_fails_to_decode ... ok
test a_composite_entry_signed_by_another_ring_is_rejected ... ok
test a_composite_header_whose_class_is_not_stitched_is_rejected ... ok
test a_composite_header_whose_graph_disagrees_with_its_shell_is_rejected ... ok
test bounds_and_unsafe_headers_fail_closed ... ok
test a_composite_entry_round_trips_and_inspects_without_its_shell ... ok
test a_populated_observed_generation_set_round_trips_through_encode_and_decode ... ok
test an_uppercase_spelling_of_a_generation_key_fails_to_deserialize ... ok
test a_decoded_entry_reports_its_kind_and_shared_header_for_both_arms ... ok
test inspection_reads_metadata_without_the_body ... ok
test inspection_refuses_a_body_length_above_the_ceiling_it_was_given ... ok
test the_stored_header_uses_snake_case_enum_tags ... ok
test variance_beyond_the_declared_dimension_bound_with_a_valid_integrity_tag_still_fails_to_decode ... ok
test inspection_refuses_a_composite_graph_with_more_slots_than_the_stitch_bound ... ok
test every_corruption_is_a_miss_and_never_a_partial_entry ... ok
test every_single_bit_flip_of_a_composite_entry_fails_to_decode ... ok

test result: ok. 23 passed; 0 failed; 0 ignored; 0 measured; 0 filtered out; finished in 0.30s

     Running tests/render_cache_generation.rs (/home/shawn/workspace2/suprnova/target/debug/deps/render_cache_generation-db4decb39f834f7b)

running 8 tests
test an_epoch_change_reports_the_broad_authority_moved_with_no_generation_change ... ok
test lifting_raises_a_lower_epoch_above_the_stamp_and_leaves_a_higher_one_alone ... ok
test an_unkeyed_write_identity_is_bounded_and_distinct_from_its_table ... ok
test a_stamp_above_the_authority_is_rewound_and_one_below_it_is_moved ... ok
test identities_are_typed_versioned_and_digest_stably ... ok
test a_memory_ledger_advances_only_committed_identities_and_the_broad_authority ... ok
test an_observation_window_detects_any_moved_generation ... ok
test a_full_observation_window_closes_to_exactly_the_bound ... ok

test result: ok. 8 passed; 0 failed; 0 ignored; 0 measured; 0 filtered out; finished in 0.01s

     Running tests/render_cache_hot.rs (/home/shawn/workspace2/suprnova/target/debug/deps/render_cache_hot-3bf9439ce5d903f1)

running 12 tests
test a_hot_get_returns_the_same_arc_that_was_published ... ok
test a_trait_publish_has_no_hot_entry_and_a_hot_publish_replaces_it_under_a_newer_fence ... ok
test conditional_matches_is_the_rule_evaluate_conditional_applies ... ok
test a_trait_publish_under_a_newer_fence_clears_the_hot_slot ... ok
test a_cache_control_override_replaces_the_computed_value ... ok
test current_with_epoch_defaults_to_the_two_reads ... ok
test evict_and_clear_both_drop_the_hot_entry ... ok
test prepare_fails_closed_on_an_unrepresentable_header ... ok
test byte_pressure_evicts_the_oldest_entry_and_its_hot_slot ... ok
test hot_and_plain_entries_share_one_byte_budget_and_one_lru_order ... ok
test serve_hot_matches_respond_for_every_request_shape ... ok
test serve_hot_shares_the_stored_body_and_forms_the_documented_headers ... ok

test result: ok. 12 passed; 0 failed; 0 ignored; 0 measured; 0 filtered out; finished in 0.00s

     Running tests/render_cache_key.rs (/home/shawn/workspace2/suprnova/target/debug/deps/render_cache_key-eaf51aa96f83372a)

running 9 tests
test a_key_parsed_from_its_encoded_text_equals_the_key_it_was_derived_from ... ok
test dimensions_describe_the_input_without_being_part_of_the_key ... ok
test bounds_fail_closed ... ok
test equivalent_inputs_derive_the_same_key_and_different_ones_differ ... ok
test route_pattern_bounds_fail_closed ... ok
test the_encoded_key_is_versioned_bounded_and_free_of_request_material ... ok
test equivalent_inputs_derive_the_same_key_and_a_changed_dimension_does_not ... ok
test for_test_is_deterministic_per_pattern_and_differs_across_patterns ... ok
test the_three_fixture_inputs_derive_their_recorded_digests ... ok

test result: ok. 9 passed; 0 failed; 0 ignored; 0 measured; 0 filtered out; finished in 0.00s

     Running tests/render_cache_lease.rs (/home/shawn/workspace2/suprnova/target/debug/deps/render_cache_lease-af73ccf152f4e1bc)

running 6 tests
test node_clock_skew_does_not_extend_a_lease ... ok
test the_lease_store_holds_a_key_until_release_and_then_stops_minting ... ok
test two_coordinators_over_one_store_admit_one_leader_and_one_bypass ... ok
test a_dead_leaders_lease_expires_by_store_time_and_the_takeover_is_fenced ... ok
test in_process_waiters_still_wait_on_the_local_leader ... ok
test release_frees_the_store_lease_for_the_next_node ... ok

test result: ok. 6 passed; 0 failed; 0 ignored; 0 measured; 0 filtered out; finished in 0.00s

     Running tests/render_cache_policy.rs (/home/shawn/workspace2/suprnova/target/debug/deps/render_cache_policy-adb84c5f9ae4cb2b)

running 16 tests
test a_public_get_document_is_eligible_for_its_declared_class ... ok
test a_stitched_class_refuses_a_shared_max_age ... ok
test a_no_store_directive_declines_storage_and_other_directives_do_not ... ok
test an_observed_private_read_downgrades_a_shared_policy_and_never_upgrades ... ok
test apply_rejects_a_lease_patch_beyond_the_bound ... ok
test apply_rejects_a_query_patch_beyond_the_declared_bound ... ok
test declared_rejects_an_empty_or_oversized_set_and_a_default_outside_it ... ok
test a_vary_patch_dropping_media_also_drops_its_stale_declared_set ... ok
test negotiate_falls_back_to_the_default_and_never_widens_the_set ... ok
test freshness_bounds_are_explicit_and_bounded ... ok
test negotiate_is_q_weighted_and_ties_keep_header_order ... ok
test negotiate_never_panics_on_hostile_or_malformed_input ... ok
test private_cached_with_no_identity_bearing_dimension_is_rejected ... ok
test state_changing_streaming_cookie_setting_and_error_responses_decline ... ok
test vary_media_and_vary_encoding_require_pairing_with_a_declared_set ... ok
test patches_apply_deterministically_and_can_only_narrow_the_class ... ok

test result: ok. 16 passed; 0 failed; 0 ignored; 0 measured; 0 filtered out; finished in 0.00s

     Running tests/render_cache_singleflight.rs (/home/shawn/workspace2/suprnova/target/debug/deps/render_cache_singleflight-be226468de096056)

running 5 tests
test a_new_epoch_supersedes_an_older_leader ... ok
test one_leader_per_key_and_fence_with_bounded_waiters ... ok
test a_dropped_waiter_does_not_block_completion_or_panic ... ok
test an_expired_or_cancelled_lease_cannot_publish_and_a_newer_leader_wins ... ok
test a_waiter_resolves_only_after_the_leader_releases ... ok

test result: ok. 5 passed; 0 failed; 0 ignored; 0 measured; 0 filtered out; finished in 0.00s

     Running tests/render_cache_store.rs (/home/shawn/workspace2/suprnova/target/debug/deps/render_cache_store-9940ef1fee4e7f92)

running 7 tests
test a_store_bounded_to_zero_entries_admits_nothing ... ok
test a_store_bounded_to_zero_bytes_admits_nothing ... ok
test a_hit_shares_the_stored_bytes_without_copying ... ok
test an_entry_exactly_at_the_byte_bound_is_stored ... ok
test publication_is_fenced_and_a_stale_fence_is_rejected ... ok
test clear_empties_the_store_and_a_publish_after_clear_starts_fresh ... ok
test bounds_evict_the_least_recently_used_entry_and_reject_oversized_entries ... ok

test result: ok. 7 passed; 0 failed; 0 ignored; 0 measured; 0 filtered out; finished in 0.00s

     Running tests/render_cache_store_conformance.rs (/home/shawn/workspace2/suprnova/target/debug/deps/render_cache_store_conformance-fdb48daea58cc4e2)

running 1 test
test the_in_process_store_conforms_and_fences_and_evicts_its_hot_slot_with_the_bytes ... ok

test result: ok. 1 passed; 0 failed; 0 ignored; 0 measured; 0 filtered out; finished in 0.00s

     Running tests/render_cache_variance.rs (/home/shawn/workspace2/suprnova/target/debug/deps/render_cache_variance-c64a89d3f34c4c57)

running 12 tests
test a_descriptor_orders_dimensions_and_bounds_values ... ok
test a_tenant_only_consult_narrows_to_private_cached_with_its_own_reason ... ok
test a_private_dimension_writes_its_marker_byte_and_the_material_digest ... ok
test a_rejected_duplicate_declaration_leaves_the_descriptor_unchanged ... ok
test every_variance_dimension_round_trips_through_its_canonical_name_and_rejects_unknown_text ... ok
test joining_consults_is_commutative_and_principal_absorbing ... ok
test classification_only_preserves_or_reduces_sharing ... ok
test anonymous_and_authenticated_variants_cannot_collide ... ok
test an_application_dimension_writes_its_prefixed_canonical_name_exactly_once ... ok
test tenant_and_authorization_observations_both_accumulate ... ok
test the_streamed_canonical_form_matches_its_declared_length_and_the_expected_bytes ... ok
test private_material_is_an_opaque_digest_that_changes_with_permission_version ... ok

test result: ok. 12 passed; 0 failed; 0 ignored; 0 measured; 0 filtered out; finished in 0.00s

     Running tests/request_protocol.rs (/home/shawn/workspace2/suprnova/target/debug/deps/request_protocol-17b347e993364539)

running 6 tests
test extensions_are_namespaced_and_bounded ... ok
test seed_promotion_is_a_distinct_snapshot_form_with_128_bit_nonce ... ok
test parses_versioned_instanced_request_without_dispatching_names ... ok
test model_operation_and_snapshot_limits_are_enforced ... ok
test duplicate_unknown_and_unsupported_versions_fail_closed ... ok
test ambiguous_and_semantically_incompatible_batches_are_rejected ... ok

test result: ok. 6 passed; 0 failed; 0 ignored; 0 measured; 0 filtered out; finished in 0.00s

     Running tests/resource_foundation.rs (/home/shawn/workspace2/suprnova/target/debug/deps/resource_foundation-829f75a90793cdda)

running 19 tests
test batch_admission_checks_count_bytes_overflow_empty_zero_and_retirement_atomically ... ok
test cancellation_is_idempotent_and_visible_to_clones ... ok
test bounded_queue_debug_is_metadata_only ... ok
test configured_bounds_are_nonzero_and_cannot_exceed_engine_ceilings ... ok
test dropping_an_owner_retires_every_cloned_lifecycle_handle ... ok
test permit_exhaustion_release_and_reuse_are_exact ... ok
test queue_can_replace_only_its_newest_item_with_exact_byte_accounting ... ok
test queue_is_fifo_and_releases_each_reservation_on_pop ... ok
test queue_rejects_an_item_beyond_the_item_cap_without_changing_accounting ... ok
test queue_rejects_byte_cap_and_overflow_without_reserving_bytes ... ok
test reentrant_payload_drop_can_query_the_retired_queue_without_deadlock ... ok
test resource_diagnostics_are_closed_and_low_cardinality ... ok
test shared_primitives_are_send_and_sync_for_executor_neutral_ownership ... ok
test retiring_an_owner_cancels_and_drains_exactly_once ... ok
test cloned_resource_handles_admit_a_batch_wholly_or_not_at_all ... ok
test panicking_payload_drop_does_not_poison_retired_queue_handles ... ok
test owner_pop_and_retirement_release_every_byte_once ... ok
test concurrent_permit_saturation_never_exceeds_the_cap_and_releases_every_permit ... ok
test concurrent_admission_and_retirement_have_only_linearizable_outcomes ... ok

test result: ok. 19 passed; 0 failed; 0 ignored; 0 measured; 0 filtered out; finished in 0.00s

     Running tests/response_ordering.rs (/home/shawn/workspace2/suprnova/target/debug/deps/response_ordering-78ba56d9099a9acb)

running 5 tests
test redirect_is_the_only_application_step ... ok
test refresh_and_fatal_recovery_have_explicit_nonreplay_plans ... ok
test html_commits_browser_state_only_after_successful_morph ... ok
test no_render_validation_precedes_commit_and_rejection_retains_dom ... ok
test v3_fixture_covers_the_complete_v1_and_v2_application_order ... ok

test result: ok. 5 passed; 0 failed; 0 ignored; 0 measured; 0 filtered out; finished in 0.00s

     Running tests/response_protocol.rs (/home/shawn/workspace2/suprnova/target/debug/deps/response_protocol-5dacbb4d7fde6293)

running 6 tests
test nonaccepted_responses_cannot_smuggle_events_or_effects ... ok
test a8_16_control_and_snapshot_framework_overheads_fit_the_hard_caps ... ok
test rejected_refresh_and_fatal_outcomes_require_agreeing_safe_errors ... ok
test terminal_redirect_is_structurally_exclusive ... ok
test unsafe_redirects_unknown_fields_and_oversized_html_are_rejected ... ok
test accepted_html_and_explicit_no_render_responses_require_committed_state ... ok

test result: ok. 6 passed; 0 failed; 0 ignored; 0 measured; 0 filtered out; finished in 0.00s

     Running tests/runtime_artifacts.rs (/home/shawn/workspace2/suprnova/target/debug/deps/runtime_artifacts-8722af14b10d3315)

running 4 tests
test roles_are_a_closed_typed_set ... ok
test the_asset_identity_is_stable_bounded_and_manifest_derived ... ok
test embedded_artifacts_match_the_tracked_manifest_byte_for_byte ... ok
test a_manifest_that_disagrees_with_the_bytes_is_rejected ... ok

test result: ok. 4 passed; 0 failed; 0 ignored; 0 measured; 0 filtered out; finished in 0.02s

     Running tests/security_boundaries.rs (/home/shawn/workspace2/suprnova/target/debug/deps/security_boundaries-330f620e496b037d)

running 5 tests
test host_check_and_conformance_trace_cardinality_remain_closed_and_redacted ... ok
test telemetry_event_and_outcome_cardinality_is_statically_bounded ... ok
test telemetry_labels_are_closed_and_never_accept_raw_payload_or_identity_strings ... ok
test unattended_commands_do_not_blanket_deny_warnings ... ok
test browser_production_boundaries_forbid_dynamic_execution_and_client_authority ... ok

test result: ok. 5 passed; 0 failed; 0 ignored; 0 measured; 0 filtered out; finished in 0.00s

     Running tests/security_hostile_context.rs (/home/shawn/workspace2/suprnova/target/debug/deps/security_hostile_context-f6db53e8a3f9c468)

running 3 tests
test route_slot_catalog_and_all_capability_bindings_cannot_cross ... ok
test every_authenticity_check_fails_closed_when_absent_inconsistent_or_expired ... ok
test replay_secrets_transients_and_unregistered_browser_output_never_cross_authority ... ok

test result: ok. 3 passed; 0 failed; 0 ignored; 0 measured; 0 filtered out; finished in 0.00s

     Running tests/seed_promotion.rs (/home/shawn/workspace2/suprnova/target/debug/deps/seed_promotion-614eaf9052011d39)

running 13 tests
test browser_nonce_type_rejects_less_than_128_bits ... ok
test production_instance_generator_returns_128_bits_of_server_identity ... ok
test request_authority_expiring_after_validation_blocks_promotion ... ok
test integrity_and_trusted_bindings_are_checked_before_identity_or_ledger_creation ... ok
test verified_seed_promotes_to_a_server_identified_scoped_instance ... ok
test valid_signature_with_the_wrong_current_route_fails_before_identity_generation ... ok
test nonce_reuse_with_changed_signed_input_is_rejected ... ok
test refresh_on_promote_is_a_typed_component_choice_not_a_coherence_gate ... ok
test promotion_completion_after_the_policy_lease_fails_closed ... ok
test promotion_mount_failure_consumes_authority_without_action_or_partial_snapshot ... ok
test exact_retry_recovers_one_instance_while_new_nonce_and_scope_are_independent ... ok
test first_promoted_action_mounts_overlays_then_binds_before_observation ... ok
test refresh_on_promote_publishes_fresh_mount_and_discards_original_operation ... ok

test result: ok. 13 passed; 0 failed; 0 ignored; 0 measured; 0 filtered out; finished in 0.00s

     Running tests/seed_promotion_concurrency.rs (/home/shawn/workspace2/suprnova/target/debug/deps/seed_promotion_concurrency-8843fa88885bd537)

running 1 test
test concurrent_exact_nonce_replay_never_creates_two_instances ... ok

test result: ok. 1 passed; 0 failed; 0 ignored; 0 measured; 0 filtered out; finished in 0.00s

     Running tests/seed_promotion_limits.rs (/home/shawn/workspace2/suprnova/target/debug/deps/seed_promotion_limits-8de2e8038882fc69)

running 5 tests
test promotion_limits_reject_zero_and_unbounded_values ... ok
test ledger_failure_retains_a_bounded_abandoned_nonce_without_partial_instance ... ok
test seed_bytes_reservations_and_rate_bucket_cardinality_are_bounded ... ok
test per_window_rate_is_bounded_without_touching_the_ledger_for_rejection ... ok
test outstanding_and_route_component_limits_are_distinct ... ok

test result: ok. 5 passed; 0 failed; 0 ignored; 0 measured; 0 filtered out; finished in 0.00s

     Running tests/snapshot_composition.rs (/home/shawn/workspace2/suprnova/target/debug/deps/snapshot_composition-d92e0cad1192ac49)

running 9 tests
test typed_child_and_owner_lineage_reject_exact_self_binding ... ok
test public_seed_rejects_instance_only_composition_lineage ... ok
test typed_lineage_install_rejects_without_replacing_existing_raw_extension ... ok
test maximum_depth_child_without_descendants_remains_valid ... ok
test duplicate_ambiguous_and_excessive_lineage_fails_before_snapshot_signing ... ok
test verification_rejects_re_signed_raw_self_directed_lineage ... ok
test signed_lineage_rejects_tampering_and_cross_parent_or_child_substitution ... ok
test composition_lineage_round_trips_deterministically_inside_the_signed_body ... ok
test composition_byte_budget_and_unknown_extension_compatibility_are_explicit ... ok

test result: ok. 9 passed; 0 failed; 0 ignored; 0 measured; 0 filtered out; finished in 0.01s


running 6 tests
test support_helpers_produce_strong_binary_bindings ... ok
test public_seed_construction_rejects_instance_and_private_shaped_state ... ok
test unsafe_manual_extension_names_are_rejected ... ok
     Running tests/snapshot_schema.rs (/home/shawn/workspace2/suprnova/target/debug/deps/snapshot_schema-36054e34d55f552b)
test seed_schema_round_trips_every_public_binding_without_instance_authority ... ok
test instanced_schema_round_trips_scope_instance_revision_and_expiry ... ok
test schemas_are_deterministic_for_identical_inputs ... ok

test result: ok. 6 passed; 0 failed; 0 ignored; 0 measured; 0 filtered out; finished in 0.00s

     Running tests/snapshot_state.rs (/home/shawn/workspace2/suprnova/target/debug/deps/snapshot_state-5eaf11efc9563604)

running 7 tests
test dehydration_stops_at_the_encoded_byte_limit ... ok
test state_schema_rejects_unknown_missing_and_wrong_codec_values ... ok
test tagged_integer_and_byte_codecs_round_trip_losslessly ... ok
test secret_transient_computed_session_and_server_only_fields_never_dehydrate ... ok
test explicit_schema_dehydrates_and_verified_capability_hydrates ... ok
test large_finite_json_numbers_remain_ieee754_values_during_verified_hydration ... ok
test tagged_state_codecs_round_trip_supported_rust_values ... ok

test result: ok. 7 passed; 0 failed; 0 ignored; 0 measured; 0 filtered out; finished in 0.01s

     Running tests/snapshot_support.rs (/home/shawn/workspace2/suprnova/target/debug/deps/snapshot_support-387c86c85efdc830)

running 0 tests

test result: ok. 0 passed; 0 failed; 0 ignored; 0 measured; 0 filtered out; finished in 0.00s

     Running tests/snapshot_tampering.rs (/home/shawn/workspace2/suprnova/target/debug/deps/snapshot_tampering-8e06a12ddc403661)

running 6 tests
test duplicate_unknown_oversized_and_deep_envelopes_are_rejected_safely ... ok
test snapshot_debug_output_redacts_signed_state_and_verified_capabilities ... ok
test instanced_snapshots_cannot_cross_trusted_scope_and_expire_without_recreation ... ok
test changing_any_signed_field_invalidates_integrity_before_hydration ... ok
test valid_snapshots_cannot_cross_component_route_slot_or_build_expectations ... ok
test expired_future_and_overlong_seed_windows_fail_closed ... ok

test result: ok. 6 passed; 0 failed; 0 ignored; 0 measured; 0 filtered out; finished in 0.00s

     Running tests/state_categories.rs (/home/shawn/workspace2/suprnova/target/debug/deps/state_categories-6ee348d655799463)

running 3 tests
test required_checks_are_specific_to_the_selected_exposure ... ok
test instanced_state_requires_only_dehydratable_fields ... ok
test public_seed_requires_only_public_fields_and_rejects_every_other_category ... ok

test result: ok. 3 passed; 0 failed; 0 ignored; 0 measured; 0 filtered out; finished in 0.00s

     Running tests/successor_island_render.rs (/home/shawn/workspace2/suprnova/target/debug/deps/successor_island_render-91639b60869b614b)

running 1 test
test accepted_html_contains_the_signed_successor_and_authoritative_root_identity ... ok

test result: ok. 1 passed; 0 failed; 0 ignored; 0 measured; 0 filtered out; finished in 0.00s

     Running tests/trusted_context.rs (/home/shawn/workspace2/suprnova/target/debug/deps/trusted_context-f5979ec4f89d0624)

running 10 tests
test complete_current_host_facts_create_a_redacted_request_capability ... ok
test catalog_rejects_a_seed_contract_that_drifted_from_the_registry ... ok
test capabilities_cannot_cross_scope_principal_tenant_or_session ... ok
test browser_mount_selection_must_match_independent_current_route_and_slot_facts ... ok
test dev_only_synthetic_builder_still_runs_the_complete_production_validator ... ok
test required_identity_dimensions_cannot_be_omitted_under_not_required_dispositions ... ok
test policy_declared_anonymous_tenantless_mounts_remain_explicit_and_complete ... ok
test every_required_check_must_be_present_current_and_policy_coherent ... ok
test catalog_resolution_binds_route_slot_component_contract_and_protocol ... ok
test trusted_lifetime_is_bounded_and_never_outlives_its_earliest_check ... ok

test result: ok. 10 passed; 0 failed; 0 ignored; 0 measured; 0 filtered out; finished in 0.00s

     Running tests/trusted_markup.rs (/home/shawn/workspace2/suprnova/target/debug/deps/trusted_markup-0012f95602a669d2)

running 2 tests
test framework_generated_markup_keeps_its_bytes_and_reason ... ok
test framework_generated_markup_is_bounded ... ok

test result: ok. 2 passed; 0 failed; 0 ignored; 0 measured; 0 filtered out; finished in 0.00s

     Running tests/upload_budget_contract.rs (/home/shawn/workspace2/suprnova/target/debug/deps/upload_budget_contract-a4da4d9aef8b7fc8)

running 2 tests
test upload_budget_is_an_on_demand_tool_with_a_release_safe_runner ... ok
test checked_upload_budget_locks_workload_bounds_and_exclusions ... ok

test result: ok. 2 passed; 0 failed; 0 ignored; 0 measured; 0 filtered out; finished in 0.00s

     Running tests/upload_cleanup.rs (/home/shawn/workspace2/suprnova/target/debug/deps/upload_cleanup-af636ed2e125dd6f)

running 14 tests
test cleanup_cancellation_is_advisory_and_never_claims_new_work ... ok
test cleanup_cannot_delete_a_committed_finalize ... ok
test cleanup_never_claims_finalizing_or_finalized_records ... ok
test cleanup_batches_are_bounded_by_items_and_retained_bytes ... ok
test cleanup_telemetry_is_closed_redacted_and_observational ... ok
test concurrent_cleanup_runs_use_the_shared_permit_pool ... ok
test expired_active_states_are_claimed_atomically_and_reclaimed_without_browser ... ok
test cleanup_races_with_transfer_verification_scan_cancel_and_remove ... ok
test expired_cleanup_leases_are_fenced_then_reconciled_idempotently ... ok
test one_scope_failure_does_not_block_unrelated_scope_cleanup ... ok
test telemetry_panics_cannot_rewrite_a_committed_cleanup ... ok
test failed_cleanup_retries_with_bounded_backoff_and_marks_orphans ... ok
test replayed_chunks_do_not_double_cleanup_volume_or_break_idempotency ... ok
test cleanup_selection_never_scans_or_allocates_the_entire_ledger ... ok

test result: ok. 14 passed; 0 failed; 0 ignored; 0 measured; 0 filtered out; finished in 0.00s

     Running tests/upload_direct_provider.rs (/home/shawn/workspace2/suprnova/target/debug/deps/upload_direct_provider-00c729f9ce7ca63d)

running 4 tests
test direct_instruction_diagnostics_redact_provider_credentials ... ok
test direct_instruction_types_reject_unbounded_or_cross_origin_authority ... ok
test direct_adapter_rejects_excess_parts_and_renews_expired_instructions ... ok
test file_and_direct_providers_share_one_conformance_contract ... ok

test result: ok. 4 passed; 0 failed; 0 ignored; 0 measured; 0 filtered out; finished in 0.00s

     Running tests/upload_file_provider.rs (/home/shawn/workspace2/suprnova/target/debug/deps/upload_file_provider-d11e082448f08b4c)

running 24 tests
test descriptor_and_chunk_concurrency_are_hard_bounded ... ok
test cancellation_cannot_free_an_object_between_final_check_and_store_admission ... ok
test client_names_never_influence_quarantine_paths ... ok
test quarantine_object_keys_are_fixed_canonical_path_segments ... ok
test chunk_streaming_rejects_overrun_before_accepting_retry_state ... ok
test retained_chunk_metadata_has_a_hard_per_file_bound ... ok
test retirement_during_streaming_cancels_without_committing_partial_work ... ok
test retirement_cancels_a_previously_admitted_prepare_before_its_final_sweep ... ok
test cancellation_cleanup_and_shutdown_are_idempotent_and_fail_closed ... ok
test canceled_verification_and_removal_awaits_remain_exactly_retryable ... ok
test retirement_fences_a_detached_late_create_until_physical_completion ... ok
test interrupted_and_checksum_failed_chunks_are_retryable_without_accepting_state ... ok
test chunks_stream_with_exact_duplicate_replay_and_whole_integrity ... ok
test canceled_store_write_clears_pending_and_exact_retry_commits_once ... ok
test checkpoints_restore_partial_transfer_without_reusing_client_paths ... ok
test exact_retry_cannot_overtake_a_detached_late_write ... ok
test retirement_wakes_and_cancels_a_store_write_wait ... ok
test retirement_wakes_and_cancels_a_store_create_wait ... ok
test provider_failures_do_not_commit_chunks_and_retries_remain_available ... ok
test provider_retirement_reclaims_an_aborted_unpublished_creation ... ok
test canceled_store_create_is_reclaimed_before_exact_prepare_retry ... ok
test short_store_reads_and_writes_are_completed_without_whole_file_buffering ... ok
test retirement_wakes_and_cancels_store_sync_and_read_waits ... ok
test retirement_has_a_terminal_budget_for_non_polled_create_write_read_and_sync ... ok

test result: ok. 24 passed; 0 failed; 0 ignored; 0 measured; 0 filtered out; finished in 0.01s

     Running tests/upload_finalization.rs (/home/shawn/workspace2/suprnova/target/debug/deps/upload_finalization-8a802fd165b0f007)

running 8 tests
test ready_content_is_not_durable_until_authorized_finalize ... ok
test failed_compensation_is_a_distinct_reconciliation_signal ... ok
test ready_proposal_authority_requires_current_scope_evidence_and_finalize_action ... ok
test changed_policy_cannot_reuse_ready_validation_evidence ... ok
test failed_prepare_leaves_reconcilable_claim_and_retry_finishes_once ... ok
test failed_commit_is_compensated_and_same_logical_request_can_retry ... ok
test successful_finalize_and_exact_retry_produce_one_durable_outcome ... ok
test durable_commit_with_ledger_failure_requires_and_completes_reconciliation ... ok

test result: ok. 8 passed; 0 failed; 0 ignored; 0 measured; 0 filtered out; finished in 0.00s

     Running tests/upload_framework_budget_integrity.rs (/home/shawn/workspace2/suprnova/target/debug/deps/upload_framework_budget_integrity-3500933634851d1a)

running 8 tests
test upload_framework_budget::integrity_tests::selected_control_operation_keeps_all_external_ports_at_zero ... ok
test upload_framework_budget::integrity_tests::wrong_operations_reach_every_injected_external_port ... ok
test upload_framework_budget::integrity_tests::server_evidence_write_is_atomic_and_never_aliases_the_checked_baseline ... ok
test upload_framework_budget::integrity_tests::accepted_chunk_cardinality_is_actual_provider_metadata_and_can_trip_the_cap ... ok
test upload_framework_budget::integrity_tests::pre_body_failure_is_bounded_and_reclaims_every_owned_resource ... ok
test upload_framework_budget::integrity_tests::resource_measurement_comes_from_live_production_owners ... ok
test upload_framework_budget::integrity_tests::one_skewed_transfer_fails_even_when_the_document_average_is_two ... ok
test upload_framework_budget::integrity_tests::one_added_real_transfer_increases_every_manager_owner_count ... ok

test result: ok. 8 passed; 0 failed; 0 ignored; 0 measured; 0 filtered out; finished in 1.56s

     Running tests/upload_identity.rs (/home/shawn/workspace2/suprnova/target/debug/deps/upload_identity-ee460740f5fc32cc)

running 2 tests
test upload_handle_accepts_canonical_non_nil_v4_and_v7_uuid ... ok
test upload_handle_debug_is_opaque ... ok

test result: ok. 2 passed; 0 failed; 0 ignored; 0 measured; 0 filtered out; finished in 0.00s

     Running tests/upload_protocol.rs (/home/shawn/workspace2/suprnova/target/debug/deps/upload_protocol-0c573b7353774aa5)

running 4 tests
test decoded_operations_are_typed_and_keep_wire_and_live_versions_independent ... ok
test upload_limits_cover_every_amplification_dimension_and_reject_unbounded_profiles ... ok
test codec_rejects_oversize_and_malformed_typed_fields_before_commands_exist ... ok
test locked_v4_codec_cases_decode_with_exact_dispositions ... ok

test result: ok. 4 passed; 0 failed; 0 ignored; 0 measured; 0 filtered out; finished in 0.00s

     Running tests/upload_security.rs (/home/shawn/workspace2/suprnova/target/debug/deps/upload_security-f5adf6040e471b4a)

running 5 tests
test transfer_grant_is_bounded_and_implicitly_redacted ... ok
test transfer_grant_round_trip_binds_every_authority_fact ... ok
test transfer_grant_expiry_protocol_and_tampering_fail_closed ... ok
test transfer_grant_rejects_cross_upload_component_field_and_host_scope_reuse ... ok
test every_canonical_signature_bit_mutation_reaches_exact_mac_rejection ... ok

test result: ok. 5 passed; 0 failed; 0 ignored; 0 measured; 0 filtered out; finished in 0.02s

     Running tests/upload_service.rs (/home/shawn/workspace2/suprnova/target/debug/deps/upload_service-75fc7fdefd1978c0)

running 11 tests
test grant_scope_failure_precedes_current_authorization_and_ledger_access ... ok
test creation_rate_is_bounded_and_exact_retries_do_not_consume_capacity ... ok
test current_authorization_is_rechecked_at_every_control_boundary ... ok
test exact_duplicate_replays_the_committed_outcome ... ok
test failed_ledger_transition_does_not_consume_revision_authority ... ok
test concurrent_completion_accepts_one_committed_revision ... ok
test reacquisition_rejects_non_resumable_state_and_expiry_beyond_upload_authority ... ok
test expired_request_authority_precedes_grant_and_policy_failures ... ok
test missing_current_authorization_capability_fails_closed ... ok
test reacquisition_reauthorizes_resumable_state_and_issues_a_fresh_bounded_grant ... ok
test service_lifecycle_and_transfer_concurrency_use_shared_resource_primitives ... ok

test result: ok. 11 passed; 0 failed; 0 ignored; 0 measured; 0 filtered out; finished in 0.00s

     Running tests/upload_state.rs (/home/shawn/workspace2/suprnova/target/debug/deps/upload_state-2b37da22e30ac2ea)

running 6 tests
test cross_handle_stale_alternative_and_terminal_retry_rules_fail_closed ... ok
test locked_v4_transition_cases_cover_every_production_transition_variant ... ok
test accepted_chunk_constructor_rejects_zero_bytes ... ok
test locked_v4_transition_cases_have_exact_typed_outcomes ... ok
test retained_idempotency_outcomes_have_a_configurable_hard_bound ... ok
test accepted_transitions_never_regress ... ok

test result: ok. 6 passed; 0 failed; 0 ignored; 0 measured; 0 filtered out; finished in 0.01s

     Running tests/upload_validation.rs (/home/shawn/workspace2/suprnova/target/debug/deps/upload_validation-093e9bab7db0d34c)

running 10 tests
test media_probe_classifies_magic_and_reads_only_bounded_headers ... ok
test client_names_and_mime_claims_are_display_metadata_not_paths ... ok
test truncated_and_hostile_media_headers_fail_closed_without_overflow ... ok
test upload_field_policy_is_bounded_and_digest_significant ... ok
test application_content_reads_cannot_exceed_the_shared_chunk_bound ... ok
test mime_extension_and_dimension_disagreement_rejects_authoritative_content ... ok
test authoritative_acceptance_persists_exact_evidence_before_ready ... ok
test custom_types_require_authoritative_application_classification ... ok
test scan_timeout_and_unavailable_policy_never_silently_accepts ... ok
test scanner_and_application_rejections_remain_typed ... ok

test result: ok. 10 passed; 0 failed; 0 ignored; 0 measured; 0 filtered out; finished in 0.00s

     Running tests/validation.rs (/home/shawn/workspace2/suprnova/target/debug/deps/validation-7757fb85c469c042)

running 4 tests
test binding_and_validation_failures_have_separate_types_and_redacted_diagnostics ... ok
test error_bag_clear_retain_and_replace_are_deterministic ... ok
test selected_whole_action_and_cross_field_validation_are_explicit ... ok
test provider_panics_are_redacted_and_replace_updates_remain_atomic ... ok

test result: ok. 4 passed; 0 failed; 0 ignored; 0 measured; 0 filtered out; finished in 0.00s

     Running tests/view_contract.rs (/home/shawn/workspace2/suprnova/target/debug/deps/view_contract-78200aebe05ecc1f)

running 3 tests
test failed_render_discards_every_partial_byte ... ok
test bounded_writer_aborts_before_oversized_html_can_be_published ... ok
test missing_runtime_view_data_has_a_distinct_source_oriented_failure ... ok

test result: ok. 3 passed; 0 failed; 0 ignored; 0 measured; 0 filtered out; finished in 0.00s

     Running tests/view_escaping.rs (/home/shawn/workspace2/suprnova/target/debug/deps/view_escaping-c42cb62b1e057da0)

running 4 tests
test registered_sanitizer_writes_through_the_framework_byte_ceiling ... ok
test only_explicit_trusted_html_filter_emits_unescaped_markup ... ok
test askama_html_interpolation_is_escaped_by_default ... ok
test registered_sanitizer_output_can_cross_the_same_audited_boundary ... ok

test result: ok. 4 passed; 0 failed; 0 ignored; 0 measured; 0 filtered out; finished in 0.00s

     Running tests/workspace_contract.rs (/home/shawn/workspace2/suprnova/target/debug/deps/workspace_contract-6807446a8139f59b)

running 3 tests
test exposes_the_kernel_version_contract ... ok
test helper_packages_are_non_publishable_and_featureless ... ok
test workspace_declares_the_internal_kernel_packages ... ok

test result: ok. 3 passed; 0 failed; 0 ignored; 0 measured; 0 filtered out; finished in 0.02s

     Running benches/action_framework_budget.rs (/home/shawn/workspace2/suprnova/target/debug/deps/action_framework_budget-37755eb5ceb01f71)
action framework budget debug contract check only; release timing skipped
     Running benches/async_framework_budget.rs (/home/shawn/workspace2/suprnova/target/debug/deps/async_framework_budget-493ab69795c90da9)
E100/1K server owner debug contract check transports=1 memberships=100 dispatches=1100 queue=32/32768 fairness=1 mismatches=0; evidence write skipped
     Running benches/render_cache_budget.rs (/home/shawn/workspace2/suprnova/target/debug/deps/render_cache_budget-1b8de5ae41661ddd)
C64 Complete hot hit: allocations max=3 (3=100) bytes=1313 p50=0.000us p95=0.000us body_shared=true
C64 conditional 304: allocations max=3 (3=100) bytes=1313 p50=0.000us p95=0.000us
C64 seed-deadline hit: allocations max=4 (4=100) bytes=1332 body_shared=true
C64+4 Composite assembly: allocated bytes max=85051 over 81920 source bytes, copy ratio 1.0382 p50=0.000us p95=0.000us
render cache budget debug contract and allocation checks only; release timing skipped
     Running benches/snapshot_budget.rs (/home/shawn/workspace2/suprnova/target/debug/deps/snapshot_budget-29eea74e1490aa48)
snapshot budget debug contract check only; release timing skipped
     Running benches/upload_framework_budget.rs (/home/shawn/workspace2/suprnova/target/debug/deps/upload_framework_budget-209dab003d781e80)
upload framework budget debug contract check only; release timing skipped
     Running unittests src/lib.rs (/home/shawn/workspace2/suprnova/target/debug/deps/suprnova_live_macro_fixture-ea39a7f0c5058b94)

running 1 test
test tests::generated_descriptor_uses_stable_default_metadata ... ok

test result: ok. 1 passed; 0 failed; 0 ignored; 0 measured; 0 filtered out; finished in 0.00s

     Running unittests src/lib.rs (/home/shawn/workspace2/suprnova/target/debug/deps/suprnova_live_test_support-a8bb3b5cf987c910)

running 24 tests
test bench_environment::tests::a_processor_list_expands_ranges_and_ignores_unparsable_parts ... ok
test reference_host::artifacts::tests::manifest_file_names_are_single_closed_segments ... ok
test bench_environment::tests::a_qualified_record_has_nothing_unmet_and_each_defect_names_itself ... ok
test async_reference_host::tests::authority_rejects_browser_proposed_scope_and_future_position ... ok
test async_reference_host::tests::gap_is_n_plus_two_and_complete_replay_remains_rust_owned ... ok
test bench_environment::tests::the_percentile_rule_is_nearest_rank_and_one_based ... ok
test async_reference_host::tests::membership_binds_current_authority_transport_and_one_use_control ... ok
test async_reference_host::tests::poll_validates_current_authority_and_returns_authoritative_continuity ... ok
test async_reference_host::tests::delivery_requires_current_authenticated_membership_on_the_exact_transport ... ok
test async_reference_host::tests::successor_authority_may_reuse_browser_generation_without_stale_close_aliasing ... ok
test reference_host::uploads::tests::the_post_interrupt_drain_stops_at_the_declared_part_size ... ok
test reference_host::uploads::tests::the_interrupt_fault_drains_the_rest_of_the_body_before_it_is_reported ... ok
test reference_host::uploads::tests::the_post_interrupt_drain_stops_when_the_host_shuts_down ... ok
test reference_host::uploads::tests::retirement_waits_for_a_busy_upload_slot_before_cancelling_its_transfer ... ok
test ledger_conformance::tests::the_suite_passes_over_the_embedded_provider ... ok
test reference_host::uploads::tests::upload_pause_is_exact_generation_bounded_and_auto_retires ... ok
test reference_host::async_updates::tests::websocket_initial_and_ongoing_frames_share_one_sequence_authority ... ok
test reference_host::async_updates::tests::physical_emission_requires_an_explicit_current_generation_step ... ok
test reference_host::async_updates::tests::transport_generation_is_server_bound_and_stale_controls_are_rejected ... ok
test render_store_conformance::tests::the_suite_passes_over_the_embedded_provider ... ok
test reference_host::uploads::tests::one_axum_frame_is_split_at_the_provider_pull_boundary_without_retained_excess ... ok
test reference_host::async_updates::tests::stalled_membership_phase_does_not_block_a_sibling_and_cancellation_is_retryable ... ok
test reference_host::uploads::tests::every_detached_upload_operation_restores_state_when_its_future_is_aborted ... ok
test bench_environment::tests::a_collected_record_agrees_with_its_own_classification_and_unmet_list ... ok

test result: ok. 24 passed; 0 failed; 0 ignored; 0 measured; 0 filtered out; finished in 0.02s

     Running unittests src/bin/async-reference-host.rs (/home/shawn/workspace2/suprnova/target/debug/deps/async_reference_host-bfbc7f90a4707b57)

running 1 test
test tests::broadcast_never_reaches_a_transport_before_authenticated_membership ... ok

test result: ok. 1 passed; 0 failed; 0 ignored; 0 measured; 0 filtered out; finished in 0.00s

     Running unittests src/bin/correctness-delay-rust-parser.rs (/home/shawn/workspace2/suprnova/target/debug/deps/correctness_delay_rust_parser-3a6df59c40330c95)

running 0 tests

test result: ok. 0 passed; 0 failed; 0 ignored; 0 measured; 0 filtered out; finished in 0.00s

     Running unittests src/bin/suprnova-live-reference-host.rs (/home/shawn/workspace2/suprnova/target/debug/deps/suprnova_live_reference_host-61bb3cf688a6719d)

running 1 test
test tests::launcher_accepts_only_closed_compiled_fault_names ... ok

test result: ok. 1 passed; 0 failed; 0 ignored; 0 measured; 0 filtered out; finished in 0.00s

     Running tests/reference_host.rs (/home/shawn/workspace2/suprnova/target/debug/deps/reference_host-e76469bf4cc1195e)

running 28 tests
test invalid_production_manifest_fails_before_the_port_is_bound ... ok
test forged_manifest_relationships_fail_before_the_port_is_bound ... ok
test async_emission_control_is_generation_bound_and_explicit ... ok
test aborted_chunk_restores_coherent_upload_state_and_shutdown_removes_quarantine_bytes ... ok
test direct_transfer_stores_reports_verifies_completes_and_finalizes ... ok
test canceled_fresh_render_without_host_commit_releases_rollbackable_claim ... ok
test poll_rejects_a_fresh_render_for_the_wrong_island ... ok
test multipart_completion_verifies_the_truthful_whole_quarantine_digest ... ok
test ordinary_application_action_uses_registered_component_and_advances_domain_revision ... ok
test provider_partial_failure_compensates_then_retries_through_the_real_finalizer ... ok
test document_transports_are_deduplicated_bounded_and_allow_one_physical_reader ... ok
test trusted_compiled_upload_interrupt_is_consumed_once_by_the_physical_body ... ok
test scan_timeout_control_drives_the_real_validation_service_and_preserves_live_work ... ok
test shutdown_closes_owned_sockets_files_and_timers ... ok
test upload_handles_are_not_authority_and_reacquire_uses_application_session_ownership ... ok
test finalizer_fault_controls_are_exactly_handle_revision_scoped_and_one_shot ... ok
test serves_only_validated_manifest_owned_production_assets ... ok
test upload_reacquire_returns_the_authoritative_partial_multipart_cursor ... ok
test upload_creation_window_reset_requires_a_quiescent_test_host ... ok
test upload_routes_use_real_chunked_bodies_and_constrained_direct_instructions ... ok
test websocket_upgrade_rejects_every_hostile_origin_shape_before_transport_lookup ... ok
test upload_race_control_runs_both_real_winner_orderings_without_leaks ... ok
test async_routes_authorize_poll_sse_and_one_bounded_websocket ... ok
test rejected_reauthorization_cannot_restore_revoked_membership_authority ... ok
test async_adversarial_controls_execute_the_real_delivery_owners ... ok
test websocket_multiplexes_two_memberships_streams_and_shuts_down_an_open_socket ... ok
test websocket_policy_close_completes_the_closing_handshake_before_dropping_the_socket ... ok
test websocket_policy_close_ends_the_socket_after_the_handshake_deadline_without_a_reply ... ok

test result: ok. 28 passed; 0 failed; 0 ignored; 0 measured; 0 filtered out; finished in 1.07s

     Running unittests src/lib.rs (/home/shawn/workspace2/suprnova/target/debug/deps/suprnova_macros-b24dc6cac0cd3cbc)

running 103 tests
test domain_error::tests::happy_path_status_and_message ... ok
test factory::tests::factory_name_with_dash_rejected ... ok
test domain_error::tests::unknown_key_now_rejected ... ok
test domain_error::tests::overflow_status_now_rejected ... ok
test describe::tests::test_to_snake_case ... ok
test domain_error::tests::wrong_literal_type_now_rejected ... ok
test factory::tests::factory_name_with_space_rejected ... ok
test handler::tests::rejects_three_form_request_params ... ok
test handler::tests::accepts_model_plus_form_request_mix ... ok
test handler::tests::accepts_single_form_request ... ok
test handler::tests::accepts_primitive_plus_form_request_mix ... ok
test handler::tests::accepts_zero_params ... ok
test handler::tests::accepts_single_request ... ok
test factory::tests::factory_valid_camelcase_name_accepted ... ok
test handler::tests::rejects_request_plus_form_request ... ok
test factory::tests::factory_no_attribute_uses_default ... ok
test handler::tests::rejects_two_form_request_params ... ok
test handler::tests::accepts_primitive_plus_request_mix ... ok
test live::expand::tests::path_guard_rejects_development_runtime_names ... ok
test main_macro::tests::an_unknown_key_is_rejected ... ok
test inertia::tests::json_props_branch_does_not_wrap_in_framework_error ... ok
test inertia::tests::non_object_branch_returns_err_not_panic ... ok
test main_macro::tests::current_thread_flavor_parses ... ok
test main_macro::tests::no_arguments_defaults_to_multi_thread ... ok
test main_macro::tests::worker_threads_parses_with_the_default_flavor ... ok
test main_macro::tests::an_unknown_flavor_is_rejected ... ok
test inertia::tests::typed_props_branch_uses_question_mark_not_expect ... ok
test model::casts::tests::non_cast_field_arms_are_trivial_assignments ... ok
test main_macro::tests::worker_threads_conflicts_with_current_thread ... ok
test main_macro::tests::the_expansion_records_the_application_build_id_after_loading_the_environment ... ok
test model::casts::tests::try_from_storage_arm_propagates_and_names_field ... ok
test model::casts::tests::try_to_storage_arm_propagates_and_names_field ... ok
test model::casts::tests::try_arms_for_non_cast_fields_are_trivial_moves ... ok
test model::casts::tests::to_storage_arm_panic_includes_field_name ... ok
test model::parse::tests::invalid_created_at_rejected_at_parse_time ... ok
test model::parse::tests::fillable_and_guarded_conflict_errors ... ok
test model::parse::tests::collection_of_datetime_left_alone ... ok
test model::parse::tests::invalid_relation_fk_rejected_at_parse_time ... ok
test model::casts::tests::from_storage_arm_panic_includes_field_name ... ok
test model::parse::tests::invalid_append_ident_rejected_at_parse_time ... ok
test model::parse::tests::hidden_and_visible_conflict_errors ... ok
test model::parse::tests::invalid_mutator_entry_rejected_at_parse_time ... ok
test model::parse::tests::invalid_updated_at_rejected_at_parse_time ... ok
test model::parse::tests::parse_defaults_minimal ... ok
test model::parse::tests::parse_casts_attribute ... ok
test model::parse::tests::invalid_relation_morph_name_rejected_at_parse_time ... ok
test model::parse::tests::non_utc_datetime_left_alone ... ok
test model::parse::tests::invalid_soft_deletes_column_rejected_at_parse_time ... ok
test model::parse::tests::parse_relations_has_many_rejects_pivot ... ok
test model::parse::tests::parse_explicit_table ... ok
test model::parse::tests::parse_relations_minimal ... ok
test model::parse::tests::parse_relations_morph_to_rejects_generics ... ok
test model::parse::tests::parse_relations_belongs_to_many_requires_pivot ... ok
test model::parse::tests::parse_relations_morph_to_rejects_empty_targets ... ok
test model::parse::tests::parse_relations_belongs_to_many_with_pivot ... ok
test model::parse::tests::parse_relations_belongs_to_many_with_custom_pivot_columns ... ok
test model::parse::tests::parse_relations_morph_to_rejects_overlapping_dispatch_keys ... ok
test model::parse::tests::parse_relations_morph_to_requires_targets ... ok
test model::parse::tests::parse_relations_empty_body_is_allowed ... ok
test model::parse::tests::parse_relations_morph_to_with_empty_options_block_still_requires_targets ... ok
test model::parse::tests::parse_relations_rejects_unknown_kind ... ok
test model::parse::tests::parse_relations_morph_to_with_targets ... ok
test model::parse::tests::parse_relations_rejects_unknown_option ... ok
test model::parse::tests::parse_relations_targets_only_on_morph_to ... ok
test model::parse::tests::parse_relations_multiple_entries ... ok
test model::parse::tests::parse_relations_through_keys ... ok
test model::parse::tests::pluralize_handles_common_cases ... ok
test model::parse::tests::parse_relations_with_options ... ok
test model::parse::tests::primary_key_with_datetime_type_skipped ... ok
test model::parse::tests::qualified_chrono_paths_match ... ok
test model::parse::tests::timestamps_auto_detect_neither_column_disabled ... ok
test model::parse::tests::timestamps_auto_detect_both_columns_enabled ... ok
test model::parse::tests::timestamps_auto_detect_partial_errors ... ok
test model::parse::tests::timestamps_custom_column_names ... ok
test model::parse::tests::timestamps_false_disables_auto_management_but_keeps_type_bridge ... ok
test model::parse::tests::touches_attribute_parses ... ok
test model::parse::tests::timestamps_user_cast_override_preserved ... ok
test model::parse::tests::user_cast_override_on_arbitrary_datetime_field_preserved ... ok
test model::parse::tests::user_datetime_field_gets_auto_as_date_time ... ok
test live::expand::tests::component_and_impl_expansions_use_only_the_public_live_facade ... ok
test model::parse::tests::valid_append_ident_accepted ... ok
test model::parse::tests::user_optional_datetime_field_gets_auto_as_optional_date_time ... ok
test model::parse::tests::valid_mutator_entries_accepted ... ok
test model::relations::tests::format_target_type_nested_generics_round_trip_without_spaces ... ok
test model::relations::tests::format_target_type_option_target_round_trips_without_spaces ... ok
test model::relations::tests::format_target_type_strips_spaces_around_generics ... ok
test model::relations::tests::format_target_type_qualified_path_round_trips_without_spaces ... ok
test model::relations::tests::format_target_type_vec_target_round_trips_without_spaces ... ok
test multipart::tests::missing_field_attr_emits_compile_error ... ok
test model_attribute::tests::mutator_passes_function_through_unchanged ... ok
test model_attribute::tests::accessor_passes_function_through_unchanged ... ok
test multipart::tests::tuple_struct_emits_compile_error ... ok
test multipart::tests::unknown_multipart_option_emits_compile_error ... ok
test observer::tests::multi_segment_only_last_is_snake_cased ... ok
test observer::tests::non_path_input_rejected_by_parse_path ... ok
test observer::tests::camelcase_with_multiple_words_snake_cased ... ok
test observer::tests::single_segment_camelcase_snake_cases ... ok
test suprnova_test::tests::empty_attribute_parses_cleanly ... ok
test observer::tests::leading_colon_absolute_path_preserved ... ok
test suprnova_test::tests::unknown_key_is_rejected ... ok
test suprnova_test::tests::known_key_parses_cleanly ... ok
test observer::tests::super_relative_path_handled ... ok
test multipart::tests::known_multipart_options_compile_through ... ok

test result: ok. 103 passed; 0 failed; 0 ignored; 0 measured; 0 filtered out; finished in 0.00s

     Running tests/data_derive.rs (/home/shawn/workspace2/suprnova/target/debug/deps/data_derive-06c1eac032920a89)

running 10 tests
test deserialize_option_null_yields_none ... ok
test deserialize_accepts_input_payload ... ok
test allow_include_fields_register_via_inventory ... ok
test auto_lazy_marks_all_prop_typed_fields ... ok
test deserialize_option_passes_through_value ... ok
test deserialize_rejects_output_only_in_payload ... ok
test deserialize_treats_option_as_absent_default_none ... ok
test into_inertia_props_emits_owner_tagged_lazy ... ok
test lazy_field_registers_in_allowlist ... ok
test serialize_skips_input_only_fields ... ok

test result: ok. 10 passed; 0 failed; 0 ignored; 0 measured; 0 filtered out; finished in 0.00s

     Running tests/live_ui.rs (/home/shawn/workspace2/suprnova/target/debug/deps/live_ui-08e2ffaa8f38f7a2)

running 1 test
   Compiling suprnova-live v2.0.2 (/home/shawn/workspace2/suprnova/crates/suprnova-live)
   Compiling suprnova v2.0.2 (/home/shawn/workspace2/suprnova/framework)
   Compiling suprnova-macros-tests v0.0.0 (/home/shawn/workspace2/suprnova/target/tests/trybuild/suprnova-macros)
    Finished `dev` profile [unoptimized + debuginfo] target(s) in 4.04s


test [0m[1mtests/ui/live/pass/all_metadata.rs[0m [should pass] ... [0m[32mok
[0mtest [0m[1mtests/ui/live/pass/minimal.rs[0m [should pass] ... [0m[32mok
[0mtest [0m[1mtests/ui/live/pass/streams.rs[0m [should pass] ... [0m[32mok
[0mtest [0m[1mtests/ui/live/pass/upload_policy.rs[0m [should pass] ... [0m[32mok
[0mtest [0m[1mtests/ui/live/fail/conflicting_model_timing.rs[0m [should fail to compile] ... [0m[32mok
[0mtest [0m[1mtests/ui/live/fail/duplicate_action_name.rs[0m [should fail to compile] ... [0m[32mok
[0mtest [0m[1mtests/ui/live/fail/duplicate_struct_helper.rs[0m [should fail to compile] ... [0m[32mok
[0mtest [0m[1mtests/ui/live/fail/duplicate_url_query.rs[0m [should fail to compile] ... [0m[32mok
[0mtest [0m[1mtests/ui/live/fail/event_payload_contract.rs[0m [should fail to compile] ... [0m[32mok
[0mtest [0m[1mtests/ui/live/fail/generic_component.rs[0m [should fail to compile] ... [0m[32mok
[0mtest [0m[1mtests/ui/live/fail/invalid_action_signature.rs[0m [should fail to compile] ... [0m[32mok
[0mtest [0m[1mtests/ui/live/fail/invalid_debounce.rs[0m [should fail to compile] ... [0m[32mok
[0mtest [0m[1mtests/ui/live/fail/invalid_name.rs[0m [should fail to compile] ... [0m[32mok
[0mtest [0m[1mtests/ui/live/fail/invalid_version.rs[0m [should fail to compile] ... [0m[32mok
[0mtest [0m[1mtests/ui/live/fail/misplaced_helper.rs[0m [should fail to compile] ... [0m[32mok
[0mtest [0m[1mtests/ui/live/fail/model_locked.rs[0m [should fail to compile] ... [0m[32mok
[0mtest [0m[1mtests/ui/live/fail/mount_destructured_parameter.rs[0m [should fail to compile] ... [0m[32mok
[0mtest [0m[1mtests/ui/live/fail/mount_reference_parameter.rs[0m [should fail to compile] ... [0m[32mok
[0mtest [0m[1mtests/ui/live/fail/no_zero_input_verified_context.rs[0m [should fail to compile] ... [0m[32mok
[0mtest [0m[1mtests/ui/live/fail/private_action.rs[0m [should fail to compile] ... [0m[32mok
[0mtest [0m[1mtests/ui/live/fail/private_component.rs[0m [should fail to compile] ... [0m[32mok
[0mtest [0m[1mtests/ui/live/fail/reference_state.rs[0m [should fail to compile] ... [0m[32mok
[0mtest [0m[1mtests/ui/live/fail/refresh_requires_v2.rs[0m [should fail to compile] ... [0m[32mok
[0mtest [0m[1mtests/ui/live/fail/secret_url.rs[0m [should fail to compile] ... [0m[32mok
[0mtest [0m[1mtests/ui/live/fail/server_only_url.rs[0m [should fail to compile] ... [0m[32mok
[0mtest [0m[1mtests/ui/live/fail/session_dehydrated.rs[0m [should fail to compile] ... [0m[32mok
[0mtest [0m[1mtests/ui/live/fail/stream_duplicate_event.rs[0m [should fail to compile] ... [0m[32mok
[0mtest [0m[1mtests/ui/live/fail/stream_invalid_mode.rs[0m [should fail to compile] ... [0m[32mok
[0mtest [0m[1mtests/ui/live/fail/stream_requires_v2.rs[0m [should fail to compile] ... [0m[32mok
[0mtest [0m[1mtests/ui/live/fail/stream_unknown_helper.rs[0m [should fail to compile] ... [0m[32mok
[0mtest [0m[1mtests/ui/live/fail/transient_url.rs[0m [should fail to compile] ... [0m[32mok
[0mtest [0m[1mtests/ui/live/fail/transient_without_model.rs[0m [should fail to compile] ... [0m[32mok
[0mtest [0m[1mtests/ui/live/fail/unknown_method_helper.rs[0m [should fail to compile] ... [0m[32mok
[0mtest [0m[1mtests/ui/live/fail/unknown_struct_helper.rs[0m [should fail to compile] ... [0m[32mok
[0mtest [0m[1mtests/ui/live/fail/unsupported_protocol.rs[0m [should fail to compile] ... [0m[32mok
[0mtest [0m[1mtests/ui/live/fail/unsupported_url_codec.rs[0m [should fail to compile] ... [0m[32mok
[0mtest [0m[1mtests/ui/live/fail/upload_duplicate_helper.rs[0m [should fail to compile] ... [0m[32mok
[0mtest [0m[1mtests/ui/live/fail/upload_misplaced_helper.rs[0m [should fail to compile] ... [0m[32mok
[0mtest [0m[1mtests/ui/live/fail/upload_non_model.rs[0m [should fail to compile] ... [0m[32mok
[0mtest [0m[1mtests/ui/live/fail/upload_policy_return.rs[0m [should fail to compile] ... [0m[32mok
[0mtest [0m[1mtests/ui/live/fail/upload_policy_signature.rs[0m [should fail to compile] ... [0m[32mok
[0mtest [0m[1mtests/ui/live/fail/upload_unknown_helper.rs[0m [should fail to compile] ... [0m[32mok
[0mtest [0m[1mtests/ui/live/fail/validation_selection_without_hook.rs[0m [should fail to compile] ... [0m[32mok
[0m

test live_component_authoring_contract ... ok

test result: ok. 1 passed; 0 failed; 0 ignored; 0 measured; 0 filtered out; finished in 41.48s

   Compiling suprnova-live v2.0.2 (/home/shawn/workspace2/suprnova/crates/suprnova-live)
   Compiling suprnova v2.0.2 (/home/shawn/workspace2/suprnova/framework)
   Compiling suprnova-live-test-support v2.0.2 (/home/shawn/workspace2/suprnova/crates/suprnova-live/crates/suprnova-live-test-support)
   Compiling suprnova-live-macro-fixture v2.0.2 (/home/shawn/workspace2/suprnova/crates/suprnova-live/crates/suprnova-live-macro-fixture)
    Finished `test` profile [unoptimized + debuginfo] target(s) in 3.92s
   Doc-tests suprnova_live

running 15 tests
test crates/suprnova-live/src/async_updates/transport.rs - async_updates::transport::BoundedDocumentTransportSession (line 1818) - compile fail ... ok
test crates/suprnova-live/src/component/lazy.rs - component::lazy::LazyServerCompletion (line 137) - compile fail ... ok
test crates/suprnova-live/src/async_updates/transport.rs - async_updates::transport::BoundedDocumentTransportSession (line 1849) - compile fail ... ok
test crates/suprnova-live/src/async_updates/websocket.rs - async_updates::websocket::WebSocketMembershipCommitReceipt (line 237) - compile fail ... ok
test crates/suprnova-live/src/async_updates/transport.rs - async_updates::transport::BoundedDocumentTransportSession (line 1859) - compile fail ... ok
test crates/suprnova-live/src/async_updates/transport.rs - async_updates::transport::BoundedDocumentTransportSession (line 1873) - compile fail ... ok
test crates/suprnova-live/src/component/executor.rs - component::executor::ComponentExecutor::params_changed (line 508) - compile fail ... ok
test crates/suprnova-live/src/async_updates/envelope.rs - async_updates::envelope::ActiveAsyncMembershipGuard (line 1083) - compile fail ... ok
test crates/suprnova-live/src/resource/owner.rs - resource::owner::ResourceQueue (line 123) - compile fail ... ok
test crates/suprnova-live/src/async_updates/transport.rs - async_updates::transport::BoundedDocumentTransportSession (line 1822) - compile fail ... ok
test crates/suprnova-live/src/async_updates/websocket.rs - async_updates::websocket::WebSocketMembershipCommitReceipt (line 229) - compile fail ... ok
test crates/suprnova-live/src/async_updates/transport.rs - async_updates::transport::BoundedDocumentTransportSession (line 1832) - compile fail ... ok
test crates/suprnova-live/src/view/island.rs - view::island::IslandRender (line 23) - compile fail ... ok
test crates/suprnova-live/src/view/contract.rs - view::contract::ViewTemplate (line 113) - compile fail ... ok
test crates/suprnova-live/src/view/trusted_html.rs - view::trusted_html::TrustedHtml (line 169) - compile fail ... ok

test result: ok. 15 passed; 0 failed; 0 ignored; 0 measured; 0 filtered out; finished in 0.35s

   Doc-tests suprnova_live_macro_fixture

running 0 tests

test result: ok. 0 passed; 0 failed; 0 ignored; 0 measured; 0 filtered out; finished in 0.00s

   Doc-tests suprnova_live_test_support

running 0 tests

test result: ok. 0 passed; 0 failed; 0 ignored; 0 measured; 0 filtered out; finished in 0.00s

   Doc-tests suprnova_macros

running 57 tests
test suprnova-macros/src/console_derive.rs - console_derive (line 11) ... ignored
test suprnova-macros/src/data.rs - data (line 22) ... ignored
test suprnova-macros/src/data.rs - data (line 35) ... ignored
test suprnova-macros/src/data.rs - data (line 74) ... ignored
test suprnova-macros/src/domain_error.rs - domain_error::domain_error_impl (line 128) ... ignored
test suprnova-macros/src/handler.rs - handler::handler_impl (line 54) ... ignored
test suprnova-macros/src/inertia.rs - inertia::InertiaResponseInput (line 27) ... ignored
test suprnova-macros/src/lib.rs - accessor (line 865) ... ignored
test suprnova-macros/src/lib.rs - command (line 554) ... ignored
test suprnova-macros/src/lib.rs - derive_command (line 512) ... ignored
test suprnova-macros/src/lib.rs - derive_data (line 99) ... ignored
test suprnova-macros/src/lib.rs - derive_factory (line 1127) ... ignored
test suprnova-macros/src/lib.rs - derive_factory (line 1145) ... ignored
test suprnova-macros/src/lib.rs - derive_form_request (line 401) ... ignored
test suprnova-macros/src/lib.rs - derive_inertia_props (line 122) ... ignored
test suprnova-macros/src/lib.rs - derive_notification_mailable (line 772) ... ignored
test suprnova-macros/src/lib.rs - derive_notification_mailable (line 795) ... ignored
test suprnova-macros/src/lib.rs - describe (line 586) ... ignored
test suprnova-macros/src/lib.rs - domain_error (line 327) ... ignored
test suprnova-macros/src/lib.rs - handler (line 353) ... ignored
test suprnova-macros/src/lib.rs - handler (line 363) ... ignored
test suprnova-macros/src/lib.rs - handler (line 380) ... ignored
test suprnova-macros/src/lib.rs - inertia_response (line 138) ... ignored
test suprnova-macros/src/lib.rs - inertia_response (line 149) ... ignored
test suprnova-macros/src/lib.rs - inertia_response (line 162) ... ignored
test suprnova-macros/src/lib.rs - injectable (line 296) ... ignored
test suprnova-macros/src/lib.rs - main (line 261) ... ignored
test suprnova-macros/src/lib.rs - main (line 277) ... ignored
test suprnova-macros/src/lib.rs - model (line 834) ... ignored
test suprnova-macros/src/lib.rs - multipart_request (line 708) ... ignored
test suprnova-macros/src/lib.rs - mutator (line 905) ... ignored
test suprnova-macros/src/lib.rs - observer (line 1024) ... ignored
test suprnova-macros/src/lib.rs - observer (line 990) ... ignored
test suprnova-macros/src/lib.rs - policy (line 668) ... ignored
test suprnova-macros/src/lib.rs - prunable (line 949) ... ignored
test suprnova-macros/src/lib.rs - request (line 429) ... ignored
test suprnova-macros/src/lib.rs - scopes (line 1084) ... ignored
test suprnova-macros/src/lib.rs - service (line 222) ... ignored
test suprnova-macros/src/lib.rs - service (line 238) ... ignored
test suprnova-macros/src/lib.rs - suprnova_test (line 464) ... ignored
test suprnova-macros/src/lib.rs - suprnova_test (line 479) ... ignored
test suprnova-macros/src/lib.rs - suprnova_test (line 490) ... ignored
test suprnova-macros/src/lib.rs - test (line 618) ... ignored
test suprnova-macros/src/lib.rs - test (line 626) ... ignored
test suprnova-macros/src/injectable.rs - injectable::injectable_impl (line 29) - compile ... ok
test suprnova-macros/src/lib.rs - test (line 634) ... ignored
test suprnova-macros/src/injectable.rs - injectable::injectable_impl (line 46) - compile ... ok
test suprnova-macros/src/model_attribute.rs - model_attribute (line 15) ... ignored
test suprnova-macros/src/model_attribute.rs - model_attribute (line 28) ... ignored
test suprnova-macros/src/request.rs - request::derive_request_impl (line 106) ... ignored
test suprnova-macros/src/request.rs - request::derive_request_impl (line 89) ... ignored
test suprnova-macros/src/service.rs - service::service_impl (line 80) ... ignored
test suprnova-macros/src/service.rs - service::service_impl (line 89) ... ignored
test suprnova-macros/src/service.rs - service::service_impl (line 98) ... ignored
test suprnova-macros/src/request.rs - request::derive_request_impl (line 78) - compile ... ok
test suprnova-macros/src/request.rs - request::request_attr_impl (line 147) - compile ... ok
test suprnova-macros/src/request.rs - request::request_attr_impl (line 162) - compile ... ok

test result: ok. 5 passed; 0 failed; 52 ignored; 0 measured; 0 filtered out; finished in 0.00s


running 1 test
test suprnova-macros/src/lib.rs - redirect (line 184) ... ignored

test result: ok. 0 passed; 0 failed; 1 ignored; 0 measured; 0 filtered out; finished in 0.00s

all doctests ran in 1.60s; merged doctests compilation took 1.59s

[correctness-delay scanner]
    Finished `dev` profile [unoptimized + debuginfo] target(s) in 0.13s
correctness-delay scanner fixtures ok
correctness-delay repository scan ok
correctness-delay scanner ok
> prettier --check .
Checking formatting...
All matched files use Prettier code style!
> eslint . --max-warnings 0
> tsc --noEmit

[iteration 004 browser unit boundaries]
> node scripts/run-unit-tests.mjs tests/golden-fixtures.test.ts tests/upload-protocol.test.ts tests/upload-manager.test.ts tests/async-envelope.test.ts tests/async-feature.test.ts tests/async-dispatch.test.ts tests/bounded-resources.test.ts
 RUN  v4.1.11 /home/shawn/workspace2/suprnova/crates/suprnova-live/browser
 Test Files  7 passed (7)
      Tests  174 passed (174)
   Start at  18:16:38
   Duration  533ms (transform 687ms, setup 0ms, import 1.01s, tests 618ms, environment 0ms)
> node scripts/run-unit-tests.mjs tests/feature-host.test.ts tests/document-lifecycle.test.ts tests/optional-artifacts.test.ts tests/build-contract.test.ts tests/budget-contract.test.ts
 RUN  v4.1.11 /home/shawn/workspace2/suprnova/crates/suprnova-live/browser
 Test Files  5 passed (5)
      Tests  73 passed (73)
   Start at  18:16:39
   Duration  12.80s (transform 323ms, setup 0ms, import 441ms, tests 23.10s, environment 0ms)

[browser broad unit suite]
> node scripts/run-unit-tests.mjs
 RUN  v4.1.11 /home/shawn/workspace2/suprnova/crates/suprnova-live/browser
 Test Files  85 passed (85)
      Tests  861 passed (861)
   Start at  18:16:52
   Duration  14.39s (transform 4.02s, setup 0ms, import 7.99s, tests 43.26s, environment 5ms)

[iteration 004 browser matrix]
> npm run build
> node scripts/build.mjs
artifact role=core-classic file=suprnova-live.classic.js bytes=213295 brotli=50657
artifact role=core-esm file=suprnova-live.esm.js bytes=213105 brotli=50634
artifact role=stimulus-classic file=suprnova-live.stimulus.classic.js bytes=10472 brotli=3048
artifact role=stimulus-esm file=suprnova-live.stimulus.esm.js bytes=10602 brotli=3100
artifact role=uploads-classic file=suprnova-live.uploads.classic.js bytes=55138 brotli=14966
artifact role=uploads-esm file=suprnova-live.uploads.esm.js bytes=56139 brotli=15146
artifact role=async-classic file=suprnova-live.async.classic.js bytes=98540 brotli=23258
artifact role=async-esm file=suprnova-live.async.esm.js bytes=98837 brotli=23351
artifact role=ui-styles file=suprnova-ui.css bytes=16642 brotli=3050
> playwright test e2e/iteration-004-integration.spec.ts e2e/iteration-004-adversarial.spec.ts e2e/iteration-004-lifecycle.spec.ts e2e/iteration-004-accessibility.spec.ts --project=chromium --project=firefox --project=webkit
[2mRunning [22m255[2m tests using [22m1[2m worker[22m
  [32m✓[39m  [2m  1 [22m[chromium] › e2e/iteration-004-accessibility.spec.ts:70:3 › esm upload and async feedback remains accessible under strict CSP[2m (432ms)[22m
  [32m✓[39m  [2m  2 [22m[chromium] › e2e/iteration-004-accessibility.spec.ts:70:3 › classic upload and async feedback remains accessible under strict CSP[2m (287ms)[22m
  [32m✓[39m  [2m  3 [22m[chromium] › e2e/iteration-004-accessibility.spec.ts:131:3 › esm upload cancel retry and remove are keyboard operable with stable focus[2m (194ms)[22m
  [32m✓[39m  [2m  4 [22m[chromium] › e2e/iteration-004-accessibility.spec.ts:199:3 › esm multi-chunk progress coalesces numeric live announcements on a controlled clock[2m (512ms)[22m
  [32m✓[39m  [2m  5 [22m[chromium] › e2e/iteration-004-accessibility.spec.ts:131:3 › classic upload cancel retry and remove are keyboard operable with stable focus[2m (253ms)[22m
  [32m✓[39m  [2m  6 [22m[chromium] › e2e/iteration-004-accessibility.spec.ts:199:3 › classic multi-chunk progress coalesces numeric live announcements on a controlled clock[2m (603ms)[22m
  [32m✓[39m  [2m  7 [22m[chromium] › e2e/iteration-004-accessibility.spec.ts:251:3 › esm Rust upload rejection exposes its associated alert and keyboard retry focus[2m (241ms)[22m
  [32m✓[39m  [2m  8 [22m[chromium] › e2e/iteration-004-accessibility.spec.ts:251:3 › classic Rust upload rejection exposes its associated alert and keyboard retry focus[2m (235ms)[22m
  [32m✓[39m  [2m  9 [22m[chromium] › e2e/iteration-004-accessibility.spec.ts:298:7 › esm upload missing artifact preserves native controls and focus[2m (211ms)[22m
  [32m✓[39m  [2m 10 [22m[chromium] › e2e/iteration-004-accessibility.spec.ts:298:7 › esm async missing artifact preserves native controls and focus[2m (180ms)[22m
  [32m✓[39m  [2m 11 [22m[chromium] › e2e/iteration-004-accessibility.spec.ts:298:7 › classic upload missing artifact preserves native controls and focus[2m (192ms)[22m
  [32m✓[39m  [2m 12 [22m[chromium] › e2e/iteration-004-accessibility.spec.ts:298:7 › classic async missing artifact preserves native controls and focus[2m (180ms)[22m
  [32m✓[39m  [2m 13 [22m[chromium] › e2e/iteration-004-accessibility.spec.ts:298:7 › esm upload incompatible artifact preserves native controls and focus[2m (214ms)[22m
  [32m✓[39m  [2m 14 [22m[chromium] › e2e/iteration-004-accessibility.spec.ts:298:7 › esm async incompatible artifact preserves native controls and focus[2m (372ms)[22m
  [32m✓[39m  [2m 15 [22m[chromium] › e2e/iteration-004-accessibility.spec.ts:298:7 › classic upload incompatible artifact preserves native controls and focus[2m (401ms)[22m
  [32m✓[39m  [2m 16 [22m[chromium] › e2e/iteration-004-accessibility.spec.ts:298:7 › classic async incompatible artifact preserves native controls and focus[2m (375ms)[22m
  [32m✓[39m  [2m 17 [22m[chromium] › e2e/iteration-004-adversarial.spec.ts:308:1 › hostile upload authority and chunk shapes fail closed without poisoning ordinary actions[2m (282ms)[22m
  [32m✓[39m  [2m 18 [22m[chromium] › e2e/iteration-004-adversarial.spec.ts:442:3 › esm production upload runtime keeps every hostile grant secret and retryable[2m (5.6s)[22m
  [32m✓[39m  [2m 19 [22m[chromium] › e2e/iteration-004-adversarial.spec.ts:442:3 › classic production upload runtime keeps every hostile grant secret and retryable[2m (4.9s)[22m
  [32m✓[39m  [2m 20 [22m[chromium] › e2e/iteration-004-adversarial.spec.ts:555:3 › esm runtime observes the real scanner timeout and leaves ordinary Live usable[2m (183ms)[22m
  [32m✓[39m  [2m 21 [22m[chromium] › e2e/iteration-004-adversarial.spec.ts:555:3 › classic runtime observes the real scanner timeout and leaves ordinary Live usable[2m (187ms)[22m
  [32m✓[39m  [2m 22 [22m[chromium] › e2e/iteration-004-adversarial.spec.ts:592:3 › esm runtime rejects a hostile media header through real validation[2m (126ms)[22m
  [32m✓[39m  [2m 23 [22m[chromium] › e2e/iteration-004-adversarial.spec.ts:592:3 › classic runtime rejects a hostile media header through real validation[2m (121ms)[22m
  [32m✓[39m  [2m 24 [22m[chromium] › e2e/iteration-004-adversarial.spec.ts:616:3 › esm runtime preserves the real idempotent completion outcome[2m (116ms)[22m
  [32m✓[39m  [2m 25 [22m[chromium] › e2e/iteration-004-adversarial.spec.ts:616:3 › classic runtime preserves the real idempotent completion outcome[2m (128ms)[22m
  [32m✓[39m  [2m 26 [22m[chromium] › e2e/iteration-004-adversarial.spec.ts:643:3 › esm runtime observes provider compensation and real finalizer recovery[2m (132ms)[22m
  [32m✓[39m  [2m 27 [22m[chromium] › e2e/iteration-004-adversarial.spec.ts:643:3 › classic runtime observes provider compensation and real finalizer recovery[2m (133ms)[22m
  [32m✓[39m  [2m 28 [22m[chromium] › e2e/iteration-004-adversarial.spec.ts:690:5 › esm runtime observes real reordered-message authority and bounded recovery[2m (146ms)[22m
  [32m✓[39m  [2m 29 [22m[chromium] › e2e/iteration-004-adversarial.spec.ts:690:5 › esm runtime observes real replay-overflow authority and bounded recovery[2m (184ms)[22m
  [32m✓[39m  [2m 30 [22m[chromium] › e2e/iteration-004-adversarial.spec.ts:690:5 › esm runtime observes real revoked-authorization authority and bounded recovery[2m (136ms)[22m
  [32m✓[39m  [2m 31 [22m[chromium] › e2e/iteration-004-adversarial.spec.ts:690:5 › esm runtime observes real fanout-pressure authority and bounded recovery[2m (290ms)[22m
  [32m✓[39m  [2m 32 [22m[chromium] › e2e/iteration-004-adversarial.spec.ts:690:5 › classic runtime observes real reordered-message authority and bounded recovery[2m (133ms)[22m
  [32m✓[39m  [2m 33 [22m[chromium] › e2e/iteration-004-adversarial.spec.ts:690:5 › classic runtime observes real replay-overflow authority and bounded recovery[2m (177ms)[22m
  [32m✓[39m  [2m 34 [22m[chromium] › e2e/iteration-004-adversarial.spec.ts:690:5 › classic runtime observes real revoked-authorization authority and bounded recovery[2m (116ms)[22m
  [32m✓[39m  [2m 35 [22m[chromium] › e2e/iteration-004-adversarial.spec.ts:690:5 › classic runtime observes real fanout-pressure authority and bounded recovery[2m (274ms)[22m
  [32m✓[39m  [2m 36 [22m[chromium] › e2e/iteration-004-adversarial.spec.ts:795:5 › esm runtime receives typed oversized-message closure from the real WebSocket host[2m (289ms)[22m
  [32m✓[39m  [2m 37 [22m[chromium] › e2e/iteration-004-adversarial.spec.ts:795:5 › esm runtime receives typed truncated-message closure from the real WebSocket host[2m (291ms)[22m
  [32m✓[39m  [2m 38 [22m[chromium] › e2e/iteration-004-adversarial.spec.ts:795:5 › classic runtime receives typed oversized-message closure from the real WebSocket host[2m (278ms)[22m
  [32m✓[39m  [2m 39 [22m[chromium] › e2e/iteration-004-adversarial.spec.ts:795:5 › classic runtime receives typed truncated-message closure from the real WebSocket host[2m (290ms)[22m
  [32m✓[39m  [2m 40 [22m[chromium] › e2e/iteration-004-adversarial.spec.ts:843:5 › esm runtime observes actual concurrent cancel-finalize-cancel-wins[2m (176ms)[22m
  [32m✓[39m  [2m 41 [22m[chromium] › e2e/iteration-004-adversarial.spec.ts:843:5 › esm runtime observes actual concurrent cancel-finalize-finalize-wins[2m (118ms)[22m
  [32m✓[39m  [2m 42 [22m[chromium] › e2e/iteration-004-adversarial.spec.ts:843:5 › esm runtime observes actual concurrent expire-finalize-expire-wins[2m (118ms)[22m
  [32m✓[39m  [2m 43 [22m[chromium] › e2e/iteration-004-adversarial.spec.ts:843:5 › esm runtime observes actual concurrent expire-finalize-finalize-wins[2m (120ms)[22m
  [32m✓[39m  [2m 44 [22m[chromium] › e2e/iteration-004-adversarial.spec.ts:843:5 › classic runtime observes actual concurrent cancel-finalize-cancel-wins[2m (131ms)[22m
  [32m✓[39m  [2m 45 [22m[chromium] › e2e/iteration-004-adversarial.spec.ts:843:5 › classic runtime observes actual concurrent cancel-finalize-finalize-wins[2m (123ms)[22m
  [32m✓[39m  [2m 46 [22m[chromium] › e2e/iteration-004-adversarial.spec.ts:843:5 › classic runtime observes actual concurrent expire-finalize-expire-wins[2m (123ms)[22m
  [32m✓[39m  [2m 47 [22m[chromium] › e2e/iteration-004-adversarial.spec.ts:843:5 › classic runtime observes actual concurrent expire-finalize-finalize-wins[2m (124ms)[22m
  [32m✓[39m  [2m 48 [22m[chromium] › e2e/iteration-004-adversarial.spec.ts:882:3 › esm runtime retirement ignores one actual late envelope and drains its owners[2m (235ms)[22m
  [32m✓[39m  [2m 49 [22m[chromium] › e2e/iteration-004-adversarial.spec.ts:907:3 › esm incompatible async feature closes only its dependent surface[2m (117ms)[22m
  [32m✓[39m  [2m 50 [22m[chromium] › e2e/iteration-004-adversarial.spec.ts:936:3 › esm upload-scope exhaustion is exact while unrelated Live remains usable[2m (289ms)[22m
  [32m✓[39m  [2m 51 [22m[chromium] › e2e/iteration-004-adversarial.spec.ts:882:3 › classic runtime retirement ignores one actual late envelope and drains its owners[2m (210ms)[22m
  [32m✓[39m  [2m 52 [22m[chromium] › e2e/iteration-004-adversarial.spec.ts:907:3 › classic incompatible async feature closes only its dependent surface[2m (123ms)[22m
  [32m✓[39m  [2m 53 [22m[chromium] › e2e/iteration-004-adversarial.spec.ts:936:3 › classic upload-scope exhaustion is exact while unrelated Live remains usable[2m (280ms)[22m
  [32m✓[39m  [2m 54 [22m[chromium] › e2e/iteration-004-adversarial.spec.ts:961:1 › every hostile Origin rejects before browser session authority or transport allocation[2m (66ms)[22m
  [32m✓[39m  [2m 55 [22m[chromium] › e2e/iteration-004-adversarial.spec.ts:1045:1 › reconnect storms retire each transport while one document transport and ordinary actions survive[2m (325ms)[22m
  [32m✓[39m  [2m 56 [22m[chromium] › e2e/iteration-004-integration.spec.ts:208:5 › esm core composes only the requested production artifacts[2m (97ms)[22m
  [32m✓[39m  [2m 57 [22m[chromium] › e2e/iteration-004-integration.spec.ts:208:5 › esm uploads composes only the requested production artifacts[2m (145ms)[22m
  [32m✓[39m  [2m 58 [22m[chromium] › e2e/iteration-004-integration.spec.ts:208:5 › esm async composes only the requested production artifacts[2m (121ms)[22m
  [32m✓[39m  [2m 59 [22m[chromium] › e2e/iteration-004-integration.spec.ts:208:5 › esm both composes only the requested production artifacts[2m (194ms)[22m
  [32m✓[39m  [2m 60 [22m[chromium] › e2e/iteration-004-integration.spec.ts:208:5 › classic core composes only the requested production artifacts[2m (101ms)[22m
  [32m✓[39m  [2m 61 [22m[chromium] › e2e/iteration-004-integration.spec.ts:208:5 › classic uploads composes only the requested production artifacts[2m (148ms)[22m
  [32m✓[39m  [2m 62 [22m[chromium] › e2e/iteration-004-integration.spec.ts:208:5 › classic async composes only the requested production artifacts[2m (107ms)[22m
  [32m✓[39m  [2m 63 [22m[chromium] › e2e/iteration-004-integration.spec.ts:208:5 › classic both composes only the requested production artifacts[2m (204ms)[22m
  [32m✓[39m  [2m 64 [22m[chromium] › e2e/iteration-004-integration.spec.ts:287:7 › esm uploads missing leaves the other optional feature operational[2m (178ms)[22m
  [32m✓[39m  [2m 65 [22m[chromium] › e2e/iteration-004-integration.spec.ts:287:7 › esm uploads incompatible leaves the other optional feature operational[2m (177ms)[22m
  [32m✓[39m  [2m 66 [22m[chromium] › e2e/iteration-004-integration.spec.ts:287:7 › esm async missing leaves the other optional feature operational[2m (176ms)[22m
  [32m✓[39m  [2m 67 [22m[chromium] › e2e/iteration-004-integration.spec.ts:287:7 › esm async incompatible leaves the other optional feature operational[2m (234ms)[22m
  [32m✓[39m  [2m 68 [22m[chromium] › e2e/iteration-004-integration.spec.ts:287:7 › classic uploads missing leaves the other optional feature operational[2m (154ms)[22m
  [32m✓[39m  [2m 69 [22m[chromium] › e2e/iteration-004-integration.spec.ts:287:7 › classic uploads incompatible leaves the other optional feature operational[2m (149ms)[22m
  [32m✓[39m  [2m 70 [22m[chromium] › e2e/iteration-004-integration.spec.ts:287:7 › classic async missing leaves the other optional feature operational[2m (226ms)[22m
  [32m✓[39m  [2m 71 [22m[chromium] › e2e/iteration-004-integration.spec.ts:287:7 › classic async incompatible leaves the other optional feature operational[2m (181ms)[22m
  [32m✓[39m  [2m 72 [22m[chromium] › e2e/iteration-004-integration.spec.ts:385:1 › the both-feature page transfers one native file beside one current logical stream[2m (181ms)[22m
  [32m✓[39m  [2m 73 [22m[chromium] › e2e/iteration-004-integration.spec.ts:433:1 › the real direct provider stores, reports, verifies, completes, and finalizes[2m (92ms)[22m
  [32m✓[39m  [2m 74 [22m[chromium] › e2e/iteration-004-integration.spec.ts:581:1 › a registered ordinary action commits during an active upload and an async outage[2m (209ms)[22m
  [32m✓[39m  [2m 75 [22m[chromium] › e2e/iteration-004-integration.spec.ts:624:1 › two islands share one physical SSE transport and removing one membership keeps it open[2m (146ms)[22m
  [32m✓[39m  [2m 76 [22m[chromium] › e2e/iteration-004-integration.spec.ts:647:1 › production WebSocket and Rust polling routes remain physical and ordinary navigation remains HTTP[2m (183ms)[22m
  [32m✓[39m  [2m 77 [22m[chromium] › e2e/iteration-004-integration.spec.ts:725:3 › a production fresh render preserves the active upload boundary with exact cleanup[2m (249ms)[22m
  [32m✓[39m  [2m 78 [22m[chromium] › e2e/iteration-004-integration.spec.ts:725:3 › a production fresh render replaces the active upload boundary with exact cleanup[2m (216ms)[22m
  [32m-[39m  [2m 79 [22m[36m[chromium] › e2e/iteration-004-lifecycle.spec.ts:138:3 › real bfcache restoration retires the old sse generation and reauthorizes from current position[39m
  [32m-[39m  [2m 80 [22m[36m[chromium] › e2e/iteration-004-lifecycle.spec.ts:138:3 › real bfcache restoration retires the old websocket generation and reauthorizes from current position[39m
  [32m✓[39m  [2m 81 [22m[chromium] › e2e/iteration-004-lifecycle.spec.ts:331:1 › ordinary navigation cancels an active upload and retires every document resource[2m (285ms)[22m
  [32m✓[39m  [2m 82 [22m[chromium] › e2e/iteration-004-lifecycle.spec.ts:365:1 › freeze and resume preserve active upload retry authority while shutdown cancels it[2m (570ms)[22m
  [32m✓[39m  [2m 83 [22m[chromium] › e2e/iteration-004-lifecycle.spec.ts:434:1 › offline freshness preserves ordinary interaction and shutdown retires bounded resources[2m (124ms)[22m
  [32m✓[39m  [2m 84 [22m[chromium] › e2e/iteration-004-lifecycle.spec.ts:467:1 › a sequence gap activates bounded fallback then replays onto one replacement transport[2m (127ms)[22m
  [32m✓[39m  [2m 85 [22m[chromium] › e2e/iteration-004-lifecycle.spec.ts:538:1 › one document-wide reconnect restores two logical islands on one new transport[2m (117ms)[22m
  [32m✓[39m  [2m 86 [22m[firefox] › e2e/iteration-004-accessibility.spec.ts:70:3 › esm upload and async feedback remains accessible under strict CSP[2m (943ms)[22m
  [32m✓[39m  [2m 87 [22m[firefox] › e2e/iteration-004-accessibility.spec.ts:70:3 › classic upload and async feedback remains accessible under strict CSP[2m (541ms)[22m
  [32m✓[39m  [2m 88 [22m[firefox] › e2e/iteration-004-accessibility.spec.ts:131:3 › esm upload cancel retry and remove are keyboard operable with stable focus[2m (380ms)[22m
  [32m✓[39m  [2m 89 [22m[firefox] › e2e/iteration-004-accessibility.spec.ts:199:3 › esm multi-chunk progress coalesces numeric live announcements on a controlled clock[2m (757ms)[22m
  [32m✓[39m  [2m 90 [22m[firefox] › e2e/iteration-004-accessibility.spec.ts:131:3 › classic upload cancel retry and remove are keyboard operable with stable focus[2m (357ms)[22m
  [32m✓[39m  [2m 91 [22m[firefox] › e2e/iteration-004-accessibility.spec.ts:199:3 › classic multi-chunk progress coalesces numeric live announcements on a controlled clock[2m (732ms)[22m
  [32m✓[39m  [2m 92 [22m[firefox] › e2e/iteration-004-accessibility.spec.ts:251:3 › esm Rust upload rejection exposes its associated alert and keyboard retry focus[2m (316ms)[22m
  [32m✓[39m  [2m 93 [22m[firefox] › e2e/iteration-004-accessibility.spec.ts:251:3 › classic Rust upload rejection exposes its associated alert and keyboard retry focus[2m (328ms)[22m
  [32m✓[39m  [2m 94 [22m[firefox] › e2e/iteration-004-accessibility.spec.ts:298:7 › esm upload missing artifact preserves native controls and focus[2m (327ms)[22m
  [32m✓[39m  [2m 95 [22m[firefox] › e2e/iteration-004-accessibility.spec.ts:298:7 › esm async missing artifact preserves native controls and focus[2m (866ms)[22m
  [32m✓[39m  [2m 96 [22m[firefox] › e2e/iteration-004-accessibility.spec.ts:298:7 › classic upload missing artifact preserves native controls and focus[2m (318ms)[22m
  [32m✓[39m  [2m 97 [22m[firefox] › e2e/iteration-004-accessibility.spec.ts:298:7 › classic async missing artifact preserves native controls and focus[2m (418ms)[22m
  [32m✓[39m  [2m 98 [22m[firefox] › e2e/iteration-004-accessibility.spec.ts:298:7 › esm upload incompatible artifact preserves native controls and focus[2m (324ms)[22m
  [32m✓[39m  [2m 99 [22m[firefox] › e2e/iteration-004-accessibility.spec.ts:298:7 › esm async incompatible artifact preserves native controls and focus[2m (423ms)[22m
  [32m✓[39m  [2m100 [22m[firefox] › e2e/iteration-004-accessibility.spec.ts:298:7 › classic upload incompatible artifact preserves native controls and focus[2m (319ms)[22m
  [32m✓[39m  [2m101 [22m[firefox] › e2e/iteration-004-accessibility.spec.ts:298:7 › classic async incompatible artifact preserves native controls and focus[2m (439ms)[22m
  [32m✓[39m  [2m102 [22m[firefox] › e2e/iteration-004-adversarial.spec.ts:308:1 › hostile upload authority and chunk shapes fail closed without poisoning ordinary actions[2m (299ms)[22m
  [32m✓[39m  [2m103 [22m[firefox] › e2e/iteration-004-adversarial.spec.ts:442:3 › esm production upload runtime keeps every hostile grant secret and retryable[2m (4.7s)[22m
  [32m✓[39m  [2m104 [22m[firefox] › e2e/iteration-004-adversarial.spec.ts:442:3 › classic production upload runtime keeps every hostile grant secret and retryable[2m (4.7s)[22m
  [32m✓[39m  [2m105 [22m[firefox] › e2e/iteration-004-adversarial.spec.ts:555:3 › esm runtime observes the real scanner timeout and leaves ordinary Live usable[2m (673ms)[22m
  [32m✓[39m  [2m106 [22m[firefox] › e2e/iteration-004-adversarial.spec.ts:555:3 › classic runtime observes the real scanner timeout and leaves ordinary Live usable[2m (261ms)[22m
  [32m✓[39m  [2m107 [22m[firefox] › e2e/iteration-004-adversarial.spec.ts:592:3 › esm runtime rejects a hostile media header through real validation[2m (244ms)[22m
  [32m✓[39m  [2m108 [22m[firefox] › e2e/iteration-004-adversarial.spec.ts:592:3 › classic runtime rejects a hostile media header through real validation[2m (234ms)[22m
  [32m✓[39m  [2m109 [22m[firefox] › e2e/iteration-004-adversarial.spec.ts:616:3 › esm runtime preserves the real idempotent completion outcome[2m (245ms)[22m
  [32m✓[39m  [2m110 [22m[firefox] › e2e/iteration-004-adversarial.spec.ts:616:3 › classic runtime preserves the real idempotent completion outcome[2m (282ms)[22m
  [32m✓[39m  [2m111 [22m[firefox] › e2e/iteration-004-adversarial.spec.ts:643:3 › esm runtime observes provider compensation and real finalizer recovery[2m (256ms)[22m
  [32m✓[39m  [2m112 [22m[firefox] › e2e/iteration-004-adversarial.spec.ts:643:3 › classic runtime observes provider compensation and real finalizer recovery[2m (243ms)[22m
  [32m✓[39m  [2m113 [22m[firefox] › e2e/iteration-004-adversarial.spec.ts:690:5 › esm runtime observes real reordered-message authority and bounded recovery[2m (254ms)[22m
  [32m✓[39m  [2m114 [22m[firefox] › e2e/iteration-004-adversarial.spec.ts:690:5 › esm runtime observes real replay-overflow authority and bounded recovery[2m (278ms)[22m
  [32m✓[39m  [2m115 [22m[firefox] › e2e/iteration-004-adversarial.spec.ts:690:5 › esm runtime observes real revoked-authorization authority and bounded recovery[2m (699ms)[22m
  [32m✓[39m  [2m116 [22m[firefox] › e2e/iteration-004-adversarial.spec.ts:690:5 › esm runtime observes real fanout-pressure authority and bounded recovery[2m (414ms)[22m
  [32m✓[39m  [2m117 [22m[firefox] › e2e/iteration-004-adversarial.spec.ts:690:5 › classic runtime observes real reordered-message authority and bounded recovery[2m (235ms)[22m
  [32m✓[39m  [2m118 [22m[firefox] › e2e/iteration-004-adversarial.spec.ts:690:5 › classic runtime observes real replay-overflow authority and bounded recovery[2m (286ms)[22m
  [32m✓[39m  [2m119 [22m[firefox] › e2e/iteration-004-adversarial.spec.ts:690:5 › classic runtime observes real revoked-authorization authority and bounded recovery[2m (222ms)[22m
  [32m✓[39m  [2m120 [22m[firefox] › e2e/iteration-004-adversarial.spec.ts:690:5 › classic runtime observes real fanout-pressure authority and bounded recovery[2m (379ms)[22m
  [32m✓[39m  [2m121 [22m[firefox] › e2e/iteration-004-adversarial.spec.ts:795:5 › esm runtime receives typed oversized-message closure from the real WebSocket host[2m (398ms)[22m
  [32m✓[39m  [2m122 [22m[firefox] › e2e/iteration-004-adversarial.spec.ts:795:5 › esm runtime receives typed truncated-message closure from the real WebSocket host[2m (410ms)[22m
  [32m✓[39m  [2m123 [22m[firefox] › e2e/iteration-004-adversarial.spec.ts:795:5 › classic runtime receives typed oversized-message closure from the real WebSocket host[2m (446ms)[22m
  [32m✓[39m  [2m124 [22m[firefox] › e2e/iteration-004-adversarial.spec.ts:795:5 › classic runtime receives typed truncated-message closure from the real WebSocket host[2m (413ms)[22m
  [32m✓[39m  [2m125 [22m[firefox] › e2e/iteration-004-adversarial.spec.ts:843:5 › esm runtime observes actual concurrent cancel-finalize-cancel-wins[2m (751ms)[22m
  [32m✓[39m  [2m126 [22m[firefox] › e2e/iteration-004-adversarial.spec.ts:843:5 › esm runtime observes actual concurrent cancel-finalize-finalize-wins[2m (260ms)[22m
  [32m✓[39m  [2m127 [22m[firefox] › e2e/iteration-004-adversarial.spec.ts:843:5 › esm runtime observes actual concurrent expire-finalize-expire-wins[2m (259ms)[22m
  [32m✓[39m  [2m128 [22m[firefox] › e2e/iteration-004-adversarial.spec.ts:843:5 › esm runtime observes actual concurrent expire-finalize-finalize-wins[2m (249ms)[22m
  [32m✓[39m  [2m129 [22m[firefox] › e2e/iteration-004-adversarial.spec.ts:843:5 › classic runtime observes actual concurrent cancel-finalize-cancel-wins[2m (238ms)[22m
  [32m✓[39m  [2m130 [22m[firefox] › e2e/iteration-004-adversarial.spec.ts:843:5 › classic runtime observes actual concurrent cancel-finalize-finalize-wins[2m (232ms)[22m
  [32m✓[39m  [2m131 [22m[firefox] › e2e/iteration-004-adversarial.spec.ts:843:5 › classic runtime observes actual concurrent expire-finalize-expire-wins[2m (238ms)[22m
  [32m✓[39m  [2m132 [22m[firefox] › e2e/iteration-004-adversarial.spec.ts:843:5 › classic runtime observes actual concurrent expire-finalize-finalize-wins[2m (235ms)[22m
  [32m✓[39m  [2m133 [22m[firefox] › e2e/iteration-004-adversarial.spec.ts:882:3 › esm runtime retirement ignores one actual late envelope and drains its owners[2m (339ms)[22m
  [32m✓[39m  [2m134 [22m[firefox] › e2e/iteration-004-adversarial.spec.ts:907:3 › esm incompatible async feature closes only its dependent surface[2m (265ms)[22m
  [32m✓[39m  [2m135 [22m[firefox] › e2e/iteration-004-adversarial.spec.ts:936:3 › esm upload-scope exhaustion is exact while unrelated Live remains usable[2m (889ms)[22m
  [32m✓[39m  [2m136 [22m[firefox] › e2e/iteration-004-adversarial.spec.ts:882:3 › classic runtime retirement ignores one actual late envelope and drains its owners[2m (325ms)[22m
  [32m✓[39m  [2m137 [22m[firefox] › e2e/iteration-004-adversarial.spec.ts:907:3 › classic incompatible async feature closes only its dependent surface[2m (237ms)[22m
  [32m✓[39m  [2m138 [22m[firefox] › e2e/iteration-004-adversarial.spec.ts:936:3 › classic upload-scope exhaustion is exact while unrelated Live remains usable[2m (456ms)[22m
  [32m✓[39m  [2m139 [22m[firefox] › e2e/iteration-004-adversarial.spec.ts:961:1 › every hostile Origin rejects before browser session authority or transport allocation[2m (192ms)[22m
  [32m✓[39m  [2m140 [22m[firefox] › e2e/iteration-004-adversarial.spec.ts:1045:1 › reconnect storms retire each transport while one document transport and ordinary actions survive[2m (508ms)[22m
  [32m✓[39m  [2m141 [22m[firefox] › e2e/iteration-004-integration.spec.ts:208:5 › esm core composes only the requested production artifacts[2m (217ms)[22m
  [32m✓[39m  [2m142 [22m[firefox] › e2e/iteration-004-integration.spec.ts:208:5 › esm uploads composes only the requested production artifacts[2m (300ms)[22m
  [32m✓[39m  [2m143 [22m[firefox] › e2e/iteration-004-integration.spec.ts:208:5 › esm async composes only the requested production artifacts[2m (229ms)[22m
  [32m✓[39m  [2m144 [22m[firefox] › e2e/iteration-004-integration.spec.ts:208:5 › esm both composes only the requested production artifacts[2m (304ms)[22m
  [32m✓[39m  [2m145 [22m[firefox] › e2e/iteration-004-integration.spec.ts:208:5 › classic core composes only the requested production artifacts[2m (658ms)[22m
  [32m✓[39m  [2m146 [22m[firefox] › e2e/iteration-004-integration.spec.ts:208:5 › classic uploads composes only the requested production artifacts[2m (263ms)[22m
  [32m✓[39m  [2m147 [22m[firefox] › e2e/iteration-004-integration.spec.ts:208:5 › classic async composes only the requested production artifacts[2m (211ms)[22m
  [32m✓[39m  [2m148 [22m[firefox] › e2e/iteration-004-integration.spec.ts:208:5 › classic both composes only the requested production artifacts[2m (276ms)[22m
  [32m✓[39m  [2m149 [22m[firefox] › e2e/iteration-004-integration.spec.ts:287:7 › esm uploads missing leaves the other optional feature operational[2m (275ms)[22m
  [32m✓[39m  [2m150 [22m[firefox] › e2e/iteration-004-integration.spec.ts:287:7 › esm uploads incompatible leaves the other optional feature operational[2m (281ms)[22m
  [32m✓[39m  [2m151 [22m[firefox] › e2e/iteration-004-integration.spec.ts:287:7 › esm async missing leaves the other optional feature operational[2m (314ms)[22m
  [32m✓[39m  [2m152 [22m[firefox] › e2e/iteration-004-integration.spec.ts:287:7 › esm async incompatible leaves the other optional feature operational[2m (298ms)[22m
  [32m✓[39m  [2m153 [22m[firefox] › e2e/iteration-004-integration.spec.ts:287:7 › classic uploads missing leaves the other optional feature operational[2m (275ms)[22m
  [32m✓[39m  [2m154 [22m[firefox] › e2e/iteration-004-integration.spec.ts:287:7 › classic uploads incompatible leaves the other optional feature operational[2m (278ms)[22m
  [32m✓[39m  [2m155 [22m[firefox] › e2e/iteration-004-integration.spec.ts:287:7 › classic async missing leaves the other optional feature operational[2m (724ms)[22m
  [32m✓[39m  [2m156 [22m[firefox] › e2e/iteration-004-integration.spec.ts:287:7 › classic async incompatible leaves the other optional feature operational[2m (306ms)[22m
  [32m✓[39m  [2m157 [22m[firefox] › e2e/iteration-004-integration.spec.ts:385:1 › the both-feature page transfers one native file beside one current logical stream[2m (277ms)[22m
  [32m✓[39m  [2m158 [22m[firefox] › e2e/iteration-004-integration.spec.ts:433:1 › the real direct provider stores, reports, verifies, completes, and finalizes[2m (203ms)[22m
  [32m✓[39m  [2m159 [22m[firefox] › e2e/iteration-004-integration.spec.ts:581:1 › a registered ordinary action commits during an active upload and an async outage[2m (263ms)[22m
  [32m✓[39m  [2m160 [22m[firefox] › e2e/iteration-004-integration.spec.ts:624:1 › two islands share one physical SSE transport and removing one membership keeps it open[2m (265ms)[22m
  [32m✓[39m  [2m161 [22m[firefox] › e2e/iteration-004-integration.spec.ts:647:1 › production WebSocket and Rust polling routes remain physical and ordinary navigation remains HTTP[2m (417ms)[22m
  [32m✓[39m  [2m162 [22m[firefox] › e2e/iteration-004-integration.spec.ts:725:3 › a production fresh render preserves the active upload boundary with exact cleanup[2m (340ms)[22m
  [32m✓[39m  [2m163 [22m[firefox] › e2e/iteration-004-integration.spec.ts:725:3 › a production fresh render replaces the active upload boundary with exact cleanup[2m (388ms)[22m
  [32m-[39m  [2m164 [22m[36m[firefox] › e2e/iteration-004-lifecycle.spec.ts:138:3 › real bfcache restoration retires the old sse generation and reauthorizes from current position[39m
  [32m-[39m  [2m165 [22m[36m[firefox] › e2e/iteration-004-lifecycle.spec.ts:138:3 › real bfcache restoration retires the old websocket generation and reauthorizes from current position[39m
  [32m✓[39m  [2m166 [22m[firefox] › e2e/iteration-004-lifecycle.spec.ts:331:1 › ordinary navigation cancels an active upload and retires every document resource[2m (431ms)[22m
  [32m✓[39m  [2m167 [22m[firefox] › e2e/iteration-004-lifecycle.spec.ts:365:1 › freeze and resume preserve active upload retry authority while shutdown cancels it[2m (577ms)[22m
  [32m✓[39m  [2m168 [22m[firefox] › e2e/iteration-004-lifecycle.spec.ts:434:1 › offline freshness preserves ordinary interaction and shutdown retires bounded resources[2m (235ms)[22m
  [32m✓[39m  [2m169 [22m[firefox] › e2e/iteration-004-lifecycle.spec.ts:467:1 › a sequence gap activates bounded fallback then replays onto one replacement transport[2m (240ms)[22m
  [32m✓[39m  [2m170 [22m[firefox] › e2e/iteration-004-lifecycle.spec.ts:538:1 › one document-wide reconnect restores two logical islands on one new transport[2m (342ms)[22m
  [32m✓[39m  [2m171 [22m[webkit] › e2e/iteration-004-accessibility.spec.ts:70:3 › esm upload and async feedback remains accessible under strict CSP[2m (462ms)[22m
  [32m✓[39m  [2m172 [22m[webkit] › e2e/iteration-004-accessibility.spec.ts:70:3 › classic upload and async feedback remains accessible under strict CSP[2m (420ms)[22m
  [32m✓[39m  [2m173 [22m[webkit] › e2e/iteration-004-accessibility.spec.ts:131:3 › esm upload cancel retry and remove are keyboard operable with stable focus[2m (363ms)[22m
  [32m✓[39m  [2m174 [22m[webkit] › e2e/iteration-004-accessibility.spec.ts:199:3 › esm multi-chunk progress coalesces numeric live announcements on a controlled clock[2m (796ms)[22m
  [32m✓[39m  [2m175 [22m[webkit] › e2e/iteration-004-accessibility.spec.ts:131:3 › classic upload cancel retry and remove are keyboard operable with stable focus[2m (329ms)[22m
  [32m✓[39m  [2m176 [22m[webkit] › e2e/iteration-004-accessibility.spec.ts:199:3 › classic multi-chunk progress coalesces numeric live announcements on a controlled clock[2m (675ms)[22m
  [32m✓[39m  [2m177 [22m[webkit] › e2e/iteration-004-accessibility.spec.ts:251:3 › esm Rust upload rejection exposes its associated alert and keyboard retry focus[2m (291ms)[22m
  [32m✓[39m  [2m178 [22m[webkit] › e2e/iteration-004-accessibility.spec.ts:251:3 › classic Rust upload rejection exposes its associated alert and keyboard retry focus[2m (306ms)[22m
  [32m✓[39m  [2m179 [22m[webkit] › e2e/iteration-004-accessibility.spec.ts:298:7 › esm upload missing artifact preserves native controls and focus[2m (317ms)[22m
  [32m✓[39m  [2m180 [22m[webkit] › e2e/iteration-004-accessibility.spec.ts:298:7 › esm async missing artifact preserves native controls and focus[2m (317ms)[22m
  [32m✓[39m  [2m181 [22m[webkit] › e2e/iteration-004-accessibility.spec.ts:298:7 › classic upload missing artifact preserves native controls and focus[2m (330ms)[22m
  [32m✓[39m  [2m182 [22m[webkit] › e2e/iteration-004-accessibility.spec.ts:298:7 › classic async missing artifact preserves native controls and focus[2m (303ms)[22m
  [32m✓[39m  [2m183 [22m[webkit] › e2e/iteration-004-accessibility.spec.ts:298:7 › esm upload incompatible artifact preserves native controls and focus[2m (323ms)[22m
  [32m✓[39m  [2m184 [22m[webkit] › e2e/iteration-004-accessibility.spec.ts:298:7 › esm async incompatible artifact preserves native controls and focus[2m (301ms)[22m
  [32m✓[39m  [2m185 [22m[webkit] › e2e/iteration-004-accessibility.spec.ts:298:7 › classic upload incompatible artifact preserves native controls and focus[2m (321ms)[22m
  [32m✓[39m  [2m186 [22m[webkit] › e2e/iteration-004-accessibility.spec.ts:298:7 › classic async incompatible artifact preserves native controls and focus[2m (307ms)[22m
  [32m✓[39m  [2m187 [22m[webkit] › e2e/iteration-004-adversarial.spec.ts:308:1 › hostile upload authority and chunk shapes fail closed without poisoning ordinary actions[2m (257ms)[22m
  [32m✓[39m  [2m188 [22m[webkit] › e2e/iteration-004-adversarial.spec.ts:442:3 › esm production upload runtime keeps every hostile grant secret and retryable[2m (4.2s)[22m
  [32m✓[39m  [2m189 [22m[webkit] › e2e/iteration-004-adversarial.spec.ts:442:3 › classic production upload runtime keeps every hostile grant secret and retryable[2m (4.2s)[22m
  [32m✓[39m  [2m190 [22m[webkit] › e2e/iteration-004-adversarial.spec.ts:555:3 › esm runtime observes the real scanner timeout and leaves ordinary Live usable[2m (268ms)[22m
  [32m✓[39m  [2m191 [22m[webkit] › e2e/iteration-004-adversarial.spec.ts:555:3 › classic runtime observes the real scanner timeout and leaves ordinary Live usable[2m (274ms)[22m
  [32m✓[39m  [2m192 [22m[webkit] › e2e/iteration-004-adversarial.spec.ts:592:3 › esm runtime rejects a hostile media header through real validation[2m (259ms)[22m
  [32m✓[39m  [2m193 [22m[webkit] › e2e/iteration-004-adversarial.spec.ts:592:3 › classic runtime rejects a hostile media header through real validation[2m (267ms)[22m
  [32m✓[39m  [2m194 [22m[webkit] › e2e/iteration-004-adversarial.spec.ts:616:3 › esm runtime preserves the real idempotent completion outcome[2m (259ms)[22m
  [32m✓[39m  [2m195 [22m[webkit] › e2e/iteration-004-adversarial.spec.ts:616:3 › classic runtime preserves the real idempotent completion outcome[2m (257ms)[22m
  [32m✓[39m  [2m196 [22m[webkit] › e2e/iteration-004-adversarial.spec.ts:643:3 › esm runtime observes provider compensation and real finalizer recovery[2m (247ms)[22m
  [32m✓[39m  [2m197 [22m[webkit] › e2e/iteration-004-adversarial.spec.ts:643:3 › classic runtime observes provider compensation and real finalizer recovery[2m (249ms)[22m
  [32m✓[39m  [2m198 [22m[webkit] › e2e/iteration-004-adversarial.spec.ts:690:5 › esm runtime observes real reordered-message authority and bounded recovery[2m (251ms)[22m
  [32m✓[39m  [2m199 [22m[webkit] › e2e/iteration-004-adversarial.spec.ts:690:5 › esm runtime observes real replay-overflow authority and bounded recovery[2m (285ms)[22m
  [32m✓[39m  [2m200 [22m[webkit] › e2e/iteration-004-adversarial.spec.ts:690:5 › esm runtime observes real revoked-authorization authority and bounded recovery[2m (252ms)[22m
  [32m✓[39m  [2m201 [22m[webkit] › e2e/iteration-004-adversarial.spec.ts:690:5 › esm runtime observes real fanout-pressure authority and bounded recovery[2m (399ms)[22m
  [32m✓[39m  [2m202 [22m[webkit] › e2e/iteration-004-adversarial.spec.ts:690:5 › classic runtime observes real reordered-message authority and bounded recovery[2m (256ms)[22m
  [32m✓[39m  [2m203 [22m[webkit] › e2e/iteration-004-adversarial.spec.ts:690:5 › classic runtime observes real replay-overflow authority and bounded recovery[2m (310ms)[22m
  [32m✓[39m  [2m204 [22m[webkit] › e2e/iteration-004-adversarial.spec.ts:690:5 › classic runtime observes real revoked-authorization authority and bounded recovery[2m (262ms)[22m
  [32m✓[39m  [2m205 [22m[webkit] › e2e/iteration-004-adversarial.spec.ts:690:5 › classic runtime observes real fanout-pressure authority and bounded recovery[2m (413ms)[22m
  [32m✓[39m  [2m206 [22m[webkit] › e2e/iteration-004-adversarial.spec.ts:795:5 › esm runtime receives typed oversized-message closure from the real WebSocket host[2m (426ms)[22m
  [32m✓[39m  [2m207 [22m[webkit] › e2e/iteration-004-adversarial.spec.ts:795:5 › esm runtime receives typed truncated-message closure from the real WebSocket host[2m (430ms)[22m
  [32m✓[39m  [2m208 [22m[webkit] › e2e/iteration-004-adversarial.spec.ts:795:5 › classic runtime receives typed oversized-message closure from the real WebSocket host[2m (406ms)[22m
  [32m✓[39m  [2m209 [22m[webkit] › e2e/iteration-004-adversarial.spec.ts:795:5 › classic runtime receives typed truncated-message closure from the real WebSocket host[2m (426ms)[22m
  [32m✓[39m  [2m210 [22m[webkit] › e2e/iteration-004-adversarial.spec.ts:843:5 › esm runtime observes actual concurrent cancel-finalize-cancel-wins[2m (246ms)[22m
  [32m✓[39m  [2m211 [22m[webkit] › e2e/iteration-004-adversarial.spec.ts:843:5 › esm runtime observes actual concurrent cancel-finalize-finalize-wins[2m (227ms)[22m
  [32m✓[39m  [2m212 [22m[webkit] › e2e/iteration-004-adversarial.spec.ts:843:5 › esm runtime observes actual concurrent expire-finalize-expire-wins[2m (241ms)[22m
  [32m✓[39m  [2m213 [22m[webkit] › e2e/iteration-004-adversarial.spec.ts:843:5 › esm runtime observes actual concurrent expire-finalize-finalize-wins[2m (229ms)[22m
  [32m✓[39m  [2m214 [22m[webkit] › e2e/iteration-004-adversarial.spec.ts:843:5 › classic runtime observes actual concurrent cancel-finalize-cancel-wins[2m (246ms)[22m
  [32m✓[39m  [2m215 [22m[webkit] › e2e/iteration-004-adversarial.spec.ts:843:5 › classic runtime observes actual concurrent cancel-finalize-finalize-wins[2m (245ms)[22m
  [32m✓[39m  [2m216 [22m[webkit] › e2e/iteration-004-adversarial.spec.ts:843:5 › classic runtime observes actual concurrent expire-finalize-expire-wins[2m (245ms)[22m
  [32m✓[39m  [2m217 [22m[webkit] › e2e/iteration-004-adversarial.spec.ts:843:5 › classic runtime observes actual concurrent expire-finalize-finalize-wins[2m (254ms)[22m
  [32m✓[39m  [2m218 [22m[webkit] › e2e/iteration-004-adversarial.spec.ts:882:3 › esm runtime retirement ignores one actual late envelope and drains its owners[2m (335ms)[22m
  [32m✓[39m  [2m219 [22m[webkit] › e2e/iteration-004-adversarial.spec.ts:907:3 › esm incompatible async feature closes only its dependent surface[2m (226ms)[22m
  [32m✓[39m  [2m220 [22m[webkit] › e2e/iteration-004-adversarial.spec.ts:936:3 › esm upload-scope exhaustion is exact while unrelated Live remains usable[2m (344ms)[22m
  [32m✓[39m  [2m221 [22m[webkit] › e2e/iteration-004-adversarial.spec.ts:882:3 › classic runtime retirement ignores one actual late envelope and drains its owners[2m (335ms)[22m
  [32m✓[39m  [2m222 [22m[webkit] › e2e/iteration-004-adversarial.spec.ts:907:3 › classic incompatible async feature closes only its dependent surface[2m (253ms)[22m
  [32m✓[39m  [2m223 [22m[webkit] › e2e/iteration-004-adversarial.spec.ts:936:3 › classic upload-scope exhaustion is exact while unrelated Live remains usable[2m (366ms)[22m
  [32m✓[39m  [2m224 [22m[webkit] › e2e/iteration-004-adversarial.spec.ts:961:1 › every hostile Origin rejects before browser session authority or transport allocation[2m (197ms)[22m
  [32m✓[39m  [2m225 [22m[webkit] › e2e/iteration-004-adversarial.spec.ts:1045:1 › reconnect storms retire each transport while one document transport and ordinary actions survive[2m (395ms)[22m
  [32m✓[39m  [2m226 [22m[webkit] › e2e/iteration-004-integration.spec.ts:208:5 › esm core composes only the requested production artifacts[2m (213ms)[22m
  [32m✓[39m  [2m227 [22m[webkit] › e2e/iteration-004-integration.spec.ts:208:5 › esm uploads composes only the requested production artifacts[2m (295ms)[22m
  [32m✓[39m  [2m228 [22m[webkit] › e2e/iteration-004-integration.spec.ts:208:5 › esm async composes only the requested production artifacts[2m (226ms)[22m
  [32m✓[39m  [2m229 [22m[webkit] › e2e/iteration-004-integration.spec.ts:208:5 › esm both composes only the requested production artifacts[2m (318ms)[22m
  [32m✓[39m  [2m230 [22m[webkit] › e2e/iteration-004-integration.spec.ts:208:5 › classic core composes only the requested production artifacts[2m (196ms)[22m
  [32m✓[39m  [2m231 [22m[webkit] › e2e/iteration-004-integration.spec.ts:208:5 › classic uploads composes only the requested production artifacts[2m (272ms)[22m
  [32m✓[39m  [2m232 [22m[webkit] › e2e/iteration-004-integration.spec.ts:208:5 › classic async composes only the requested production artifacts[2m (216ms)[22m
  [32m✓[39m  [2m233 [22m[webkit] › e2e/iteration-004-integration.spec.ts:208:5 › classic both composes only the requested production artifacts[2m (291ms)[22m
  [32m✓[39m  [2m234 [22m[webkit] › e2e/iteration-004-integration.spec.ts:287:7 › esm uploads missing leaves the other optional feature operational[2m (272ms)[22m
  [32m✓[39m  [2m235 [22m[webkit] › e2e/iteration-004-integration.spec.ts:287:7 › esm uploads incompatible leaves the other optional feature operational[2m (269ms)[22m
  [32m✓[39m  [2m236 [22m[webkit] › e2e/iteration-004-integration.spec.ts:287:7 › esm async missing leaves the other optional feature operational[2m (276ms)[22m
  [32m✓[39m  [2m237 [22m[webkit] › e2e/iteration-004-integration.spec.ts:287:7 › esm async incompatible leaves the other optional feature operational[2m (297ms)[22m
  [32m✓[39m  [2m238 [22m[webkit] › e2e/iteration-004-integration.spec.ts:287:7 › classic uploads missing leaves the other optional feature operational[2m (280ms)[22m
  [32m✓[39m  [2m239 [22m[webkit] › e2e/iteration-004-integration.spec.ts:287:7 › classic uploads incompatible leaves the other optional feature operational[2m (275ms)[22m
  [32m✓[39m  [2m240 [22m[webkit] › e2e/iteration-004-integration.spec.ts:287:7 › classic async missing leaves the other optional feature operational[2m (275ms)[22m
  [32m✓[39m  [2m241 [22m[webkit] › e2e/iteration-004-integration.spec.ts:287:7 › classic async incompatible leaves the other optional feature operational[2m (290ms)[22m
  [32m✓[39m  [2m242 [22m[webkit] › e2e/iteration-004-integration.spec.ts:385:1 › the both-feature page transfers one native file beside one current logical stream[2m (322ms)[22m
  [32m✓[39m  [2m243 [22m[webkit] › e2e/iteration-004-integration.spec.ts:433:1 › the real direct provider stores, reports, verifies, completes, and finalizes[2m (208ms)[22m
  [32m✓[39m  [2m244 [22m[webkit] › e2e/iteration-004-integration.spec.ts:581:1 › a registered ordinary action commits during an active upload and an async outage[2m (314ms)[22m
  [32m✓[39m  [2m245 [22m[webkit] › e2e/iteration-004-integration.spec.ts:624:1 › two islands share one physical SSE transport and removing one membership keeps it open[2m (265ms)[22m
  [32m✓[39m  [2m246 [22m[webkit] › e2e/iteration-004-integration.spec.ts:647:1 › production WebSocket and Rust polling routes remain physical and ordinary navigation remains HTTP[2m (339ms)[22m
  [32m✓[39m  [2m247 [22m[webkit] › e2e/iteration-004-integration.spec.ts:725:3 › a production fresh render preserves the active upload boundary with exact cleanup[2m (334ms)[22m
  [32m✓[39m  [2m248 [22m[webkit] › e2e/iteration-004-integration.spec.ts:725:3 › a production fresh render replaces the active upload boundary with exact cleanup[2m (305ms)[22m
  [32m-[39m  [2m249 [22m[36m[webkit] › e2e/iteration-004-lifecycle.spec.ts:138:3 › real bfcache restoration retires the old sse generation and reauthorizes from current position[39m
  [32m-[39m  [2m250 [22m[36m[webkit] › e2e/iteration-004-lifecycle.spec.ts:138:3 › real bfcache restoration retires the old websocket generation and reauthorizes from current position[39m
  [32m✓[39m  [2m251 [22m[webkit] › e2e/iteration-004-lifecycle.spec.ts:331:1 › ordinary navigation cancels an active upload and retires every document resource[2m (376ms)[22m
  [32m✓[39m  [2m252 [22m[webkit] › e2e/iteration-004-lifecycle.spec.ts:365:1 › freeze and resume preserve active upload retry authority while shutdown cancels it[2m (584ms)[22m
  [32m✓[39m  [2m253 [22m[webkit] › e2e/iteration-004-lifecycle.spec.ts:434:1 › offline freshness preserves ordinary interaction and shutdown retires bounded resources[2m (239ms)[22m
  [32m✓[39m  [2m254 [22m[webkit] › e2e/iteration-004-lifecycle.spec.ts:467:1 › a sequence gap activates bounded fallback then replays onto one replacement transport[2m (232ms)[22m
  [32m✓[39m  [2m255 [22m[webkit] › e2e/iteration-004-lifecycle.spec.ts:538:1 › one document-wide reconnect restores two logical islands on one new transport[2m (255ms)[22m
[33m  6 skipped[39m
[32m  249 passed[39m[2m (2.0m)[22m
[2m[WebServer] [22m   Compiling suprnova-live v2.0.2 (/home/shawn/workspace2/suprnova/crates/suprnova-live)
[2m[WebServer] [22m   Compiling suprnova-live-test-support v2.0.2 (/home/shawn/workspace2/suprnova/crates/suprnova-live/crates/suprnova-live-test-support)
[2m[WebServer] [22m    Finished `dev` profile [unoptimized + debuginfo] target(s) in 2.16s
[2m[WebServer] [22m     Running `/home/shawn/workspace2/suprnova/target/debug/async-reference-host`
[2m[WebServer] [22m   Compiling suprnova-live-test-support v2.0.2 (/home/shawn/workspace2/suprnova/crates/suprnova-live/crates/suprnova-live-test-support)
[2m[WebServer] [22m    Finished `dev` profile [unoptimized + debuginfo] target(s) in 0.71s
[2m[WebServer] [22m     Running `/home/shawn/workspace2/suprnova/target/debug/suprnova-live-reference-host`
[2m[WebServer] [22m    Finished `dev` profile [unoptimized + debuginfo] target(s) in 0.12s
[2m[WebServer] [22m     Running `/home/shawn/workspace2/suprnova/target/debug/suprnova-live-reference-host`
[2m[WebServer] [22m   Compiling suprnova-live v2.0.2 (/home/shawn/workspace2/suprnova/crates/suprnova-live)
[2m[WebServer] [22m   Compiling suprnova-live-test-support v2.0.2 (/home/shawn/workspace2/suprnova/crates/suprnova-live/crates/suprnova-live-test-support)
[2m[WebServer] [22m   Compiling suprnova v2.0.2 (/home/shawn/workspace2/suprnova/framework)
[2m[WebServer] [22m    Finished `dev` profile [unoptimized + debuginfo] target(s) in 5.61s
[2m[WebServer] [22m     Running `/home/shawn/workspace2/suprnova/target/debug/examples/live_bootstrap_host`
[2m[WebServer] [22msuprnova: APP_KEY is not set - generated a transient development key. Sessions and cursors will reset on every restart. Set APP_KEY in your environment to persist them. This path is gated to local/development/testing; production fails closed. environment=local
[2m[WebServer] [22m   Compiling suprnova v2.0.2 (/home/shawn/workspace2/suprnova/framework)
[2m[WebServer] [22m   Compiling app v2.0.2 (/home/shawn/workspace2/suprnova/app)
[2m[WebServer] [22m    Finished `dev` profile [unoptimized + debuginfo] target(s) in 5.74s
[2m[WebServer] [22m     Running `/home/shawn/workspace2/suprnova/target/debug/examples/live_dogfood_host`
> npm run build
> node scripts/build.mjs
artifact role=core-classic file=suprnova-live.classic.js bytes=213295 brotli=50657
artifact role=core-esm file=suprnova-live.esm.js bytes=213105 brotli=50634
artifact role=stimulus-classic file=suprnova-live.stimulus.classic.js bytes=10472 brotli=3048
artifact role=stimulus-esm file=suprnova-live.stimulus.esm.js bytes=10602 brotli=3100
artifact role=uploads-classic file=suprnova-live.uploads.classic.js bytes=55138 brotli=14966
artifact role=uploads-esm file=suprnova-live.uploads.esm.js bytes=56139 brotli=15146
artifact role=async-classic file=suprnova-live.async.classic.js bytes=98540 brotli=23258
artifact role=async-esm file=suprnova-live.async.esm.js bytes=98837 brotli=23351
artifact role=ui-styles file=suprnova-ui.css bytes=16642 brotli=3050
> playwright test e2e/csp.spec.ts --project=chromium
[2mRunning [22m3[2m tests using [22m1[2m worker[22m
  [32m✓[39m  [2m1 [22m[chromium] › e2e/csp.spec.ts:6:3 › cspNonce permits external runtime startup[2m (93ms)[22m
  [32m✓[39m  [2m2 [22m[chromium] › e2e/csp.spec.ts:6:3 › cspHash permits external runtime startup[2m (55ms)[22m
  [32m✓[39m  [2m3 [22m[chromium] › e2e/csp.spec.ts:13:1 › blocked runtime leaves initial SSR content exposed[2m (50ms)[22m
[32m  3 passed[39m[2m (16.6s)[22m
[2m[WebServer] [22m   Compiling suprnova-live v2.0.2 (/home/shawn/workspace2/suprnova/crates/suprnova-live)
[2m[WebServer] [22m   Compiling suprnova-live-test-support v2.0.2 (/home/shawn/workspace2/suprnova/crates/suprnova-live/crates/suprnova-live-test-support)
[2m[WebServer] [22m    Finished `dev` profile [unoptimized + debuginfo] target(s) in 2.17s
[2m[WebServer] [22m     Running `/home/shawn/workspace2/suprnova/target/debug/async-reference-host`
[2m[WebServer] [22m    Blocking waiting for file lock on package cache
[2m[WebServer] [22m    Blocking waiting for file lock on package cache
[2m[WebServer] [22m    Blocking waiting for file lock on package cache
[2m[WebServer] [22m   Compiling suprnova-live-test-support v2.0.2 (/home/shawn/workspace2/suprnova/crates/suprnova-live/crates/suprnova-live-test-support)
[2m[WebServer] [22m    Finished `dev` profile [unoptimized + debuginfo] target(s) in 0.79s
[2m[WebServer] [22m     Running `/home/shawn/workspace2/suprnova/target/debug/suprnova-live-reference-host`
[2m[WebServer] [22m    Finished `dev` profile [unoptimized + debuginfo] target(s) in 0.13s
[2m[WebServer] [22m     Running `/home/shawn/workspace2/suprnova/target/debug/suprnova-live-reference-host`
[2m[WebServer] [22m   Compiling suprnova-live v2.0.2 (/home/shawn/workspace2/suprnova/crates/suprnova-live)
[2m[WebServer] [22m   Compiling suprnova-live-test-support v2.0.2 (/home/shawn/workspace2/suprnova/crates/suprnova-live/crates/suprnova-live-test-support)
[2m[WebServer] [22m   Compiling suprnova v2.0.2 (/home/shawn/workspace2/suprnova/framework)
[2m[WebServer] [22m    Finished `dev` profile [unoptimized + debuginfo] target(s) in 5.39s
[2m[WebServer] [22m     Running `/home/shawn/workspace2/suprnova/target/debug/examples/live_bootstrap_host`
[2m[WebServer] [22msuprnova: APP_KEY is not set - generated a transient development key. Sessions and cursors will reset on every restart. Set APP_KEY in your environment to persist them. This path is gated to local/development/testing; production fails closed. environment=local
[2m[WebServer] [22m   Compiling suprnova v2.0.2 (/home/shawn/workspace2/suprnova/framework)
[2m[WebServer] [22m   Compiling app v2.0.2 (/home/shawn/workspace2/suprnova/app)
[2m[WebServer] [22m    Finished `dev` profile [unoptimized + debuginfo] target(s) in 5.58s
[2m[WebServer] [22m     Running `/home/shawn/workspace2/suprnova/target/debug/examples/live_dogfood_host`

[real BFCache browser lifecycle]
> npm run build
> node scripts/build.mjs
artifact role=core-classic file=suprnova-live.classic.js bytes=213295 brotli=50657
artifact role=core-esm file=suprnova-live.esm.js bytes=213105 brotli=50634
artifact role=stimulus-classic file=suprnova-live.stimulus.classic.js bytes=10472 brotli=3048
artifact role=stimulus-esm file=suprnova-live.stimulus.esm.js bytes=10602 brotli=3100
artifact role=uploads-classic file=suprnova-live.uploads.classic.js bytes=55138 brotli=14966
artifact role=uploads-esm file=suprnova-live.uploads.esm.js bytes=56139 brotli=15146
artifact role=async-classic file=suprnova-live.async.classic.js bytes=98540 brotli=23258
artifact role=async-esm file=suprnova-live.async.esm.js bytes=98837 brotli=23351
artifact role=ui-styles file=suprnova-ui.css bytes=16642 brotli=3050
> playwright test e2e/async-lifecycle.spec.ts e2e/iteration-004-lifecycle.spec.ts --project=chrome-bfcache
[2mRunning [22m13[2m tests using [22m1[2m worker[22m
  [32m-[39m  [2m 1 [22m[36m[chrome-bfcache] › e2e/async-lifecycle.spec.ts:126:1 › real async transport exposes bounded semantic feedback without stealing focus[39m
  [32m-[39m  [2m 2 [22m[36m[chrome-bfcache] › e2e/async-lifecycle.spec.ts:210:1 › server completion exposes a closed status and retires the physical stream[39m
  [32m✓[39m  [2m 3 [22m[chrome-bfcache] › e2e/async-lifecycle.spec.ts:231:1 › actual bfcache restore reauthorizes and proves continuity before accepting data[2m (398ms)[22m
  [32m-[39m  [2m 4 [22m[36m[chrome-bfcache] › e2e/async-lifecycle.spec.ts:294:1 › native controls and local signals remain available beside async updates[39m
  [32m-[39m  [2m 5 [22m[36m[chrome-bfcache] › e2e/async-lifecycle.spec.ts:322:1 › morph replacement and island removal retire async resources exactly once[39m
  [32m-[39m  [2m 6 [22m[36m[chrome-bfcache] › e2e/async-lifecycle.spec.ts:383:1 › document shutdown is idempotent and leaves no async resource authority[39m
  [32m✓[39m  [2m 7 [22m[chrome-bfcache] › e2e/iteration-004-lifecycle.spec.ts:138:3 › real bfcache restoration retires the old sse generation and reauthorizes from current position[2m (693ms)[22m
  [32m✓[39m  [2m 8 [22m[chrome-bfcache] › e2e/iteration-004-lifecycle.spec.ts:138:3 › real bfcache restoration retires the old websocket generation and reauthorizes from current position[2m (661ms)[22m
  [32m-[39m  [2m 9 [22m[36m[chrome-bfcache] › e2e/iteration-004-lifecycle.spec.ts:331:1 › ordinary navigation cancels an active upload and retires every document resource[39m
  [32m-[39m  [2m10 [22m[36m[chrome-bfcache] › e2e/iteration-004-lifecycle.spec.ts:365:1 › freeze and resume preserve active upload retry authority while shutdown cancels it[39m
  [32m-[39m  [2m11 [22m[36m[chrome-bfcache] › e2e/iteration-004-lifecycle.spec.ts:434:1 › offline freshness preserves ordinary interaction and shutdown retires bounded resources[39m
  [32m-[39m  [2m12 [22m[36m[chrome-bfcache] › e2e/iteration-004-lifecycle.spec.ts:467:1 › a sequence gap activates bounded fallback then replays onto one replacement transport[39m
  [32m-[39m  [2m13 [22m[36m[chrome-bfcache] › e2e/iteration-004-lifecycle.spec.ts:538:1 › one document-wide reconnect restores two logical islands on one new transport[39m
[33m  10 skipped[39m
[32m  3 passed[39m[2m (18.8s)[22m
[2m[WebServer] [22m   Compiling suprnova-live v2.0.2 (/home/shawn/workspace2/suprnova/crates/suprnova-live)
[2m[WebServer] [22m   Compiling suprnova-live-test-support v2.0.2 (/home/shawn/workspace2/suprnova/crates/suprnova-live/crates/suprnova-live-test-support)
[2m[WebServer] [22m    Finished `dev` profile [unoptimized + debuginfo] target(s) in 2.15s
[2m[WebServer] [22m     Running `/home/shawn/workspace2/suprnova/target/debug/async-reference-host`
[2m[WebServer] [22m   Compiling suprnova-live-test-support v2.0.2 (/home/shawn/workspace2/suprnova/crates/suprnova-live/crates/suprnova-live-test-support)
[2m[WebServer] [22m    Finished `dev` profile [unoptimized + debuginfo] target(s) in 0.70s
[2m[WebServer] [22m     Running `/home/shawn/workspace2/suprnova/target/debug/suprnova-live-reference-host`
[2m[WebServer] [22m    Finished `dev` profile [unoptimized + debuginfo] target(s) in 0.12s
[2m[WebServer] [22m     Running `/home/shawn/workspace2/suprnova/target/debug/suprnova-live-reference-host`
[2m[WebServer] [22m   Compiling suprnova-live v2.0.2 (/home/shawn/workspace2/suprnova/crates/suprnova-live)
[2m[WebServer] [22m   Compiling suprnova v2.0.2 (/home/shawn/workspace2/suprnova/framework)
[2m[WebServer] [22m   Compiling suprnova-live-test-support v2.0.2 (/home/shawn/workspace2/suprnova/crates/suprnova-live/crates/suprnova-live-test-support)
[2m[WebServer] [22m    Finished `dev` profile [unoptimized + debuginfo] target(s) in 5.51s
[2m[WebServer] [22m     Running `/home/shawn/workspace2/suprnova/target/debug/examples/live_bootstrap_host`
[2m[WebServer] [22msuprnova: APP_KEY is not set - generated a transient development key. Sessions and cursors will reset on every restart. Set APP_KEY in your environment to persist them. This path is gated to local/development/testing; production fails closed. environment=local
[2m[WebServer] [22m   Compiling suprnova v2.0.2 (/home/shawn/workspace2/suprnova/framework)
[2m[WebServer] [22m   Compiling app v2.0.2 (/home/shawn/workspace2/suprnova/app)
[2m[WebServer] [22m    Finished `dev` profile [unoptimized + debuginfo] target(s) in 5.62s
[2m[WebServer] [22m     Running `/home/shawn/workspace2/suprnova/target/debug/examples/live_dogfood_host`

[browser broad matrix]
> npm run build
> node scripts/build.mjs
artifact role=core-classic file=suprnova-live.classic.js bytes=213295 brotli=50657
artifact role=core-esm file=suprnova-live.esm.js bytes=213105 brotli=50634
artifact role=stimulus-classic file=suprnova-live.stimulus.classic.js bytes=10472 brotli=3048
artifact role=stimulus-esm file=suprnova-live.stimulus.esm.js bytes=10602 brotli=3100
artifact role=uploads-classic file=suprnova-live.uploads.classic.js bytes=55138 brotli=14966
artifact role=uploads-esm file=suprnova-live.uploads.esm.js bytes=56139 brotli=15146
artifact role=async-classic file=suprnova-live.async.classic.js bytes=98540 brotli=23258
artifact role=async-esm file=suprnova-live.async.esm.js bytes=98837 brotli=23351
artifact role=ui-styles file=suprnova-ui.css bytes=16642 brotli=3050
> playwright test --project=chromium --project=firefox --project=webkit
[2mRunning [22m648[2m tests using [22m1[2m worker[22m
  [32m✓[39m  [2m  1 [22m[chromium] › e2e/accessibility.spec.ts:5:1 › local disclosure and tab semantics remain keyboard-operable and accessible[2m (354ms)[22m
  [32m✓[39m  [2m  2 [22m[chromium] › e2e/accessibility.spec.ts:27:1 › forms, errors, live feedback, busy state, and inert content expose explicit semantics[2m (129ms)[22m
  [32m✓[39m  [2m  3 [22m[chromium] › e2e/accessibility.spec.ts:42:1 › focus recovery, dirty guards, and reduced motion retain their explicit browser semantics[2m (183ms)[22m
  [32m✓[39m  [2m  4 [22m[chromium] › e2e/app-dogfood.spec.ts:15:1 › the public page renders server-side and its island connects for an anonymous visitor[2m (86ms)[22m
  [32m✓[39m  [2m  5 [22m[chromium] › e2e/app-dogfood.spec.ts:24:1 › a signed-in user runs actions through the production middleware stack[2m (260ms)[22m
  [32m✓[39m  [2m  6 [22m[chromium] › e2e/app-dogfood.spec.ts:50:1 › an anonymous visitor promotes the public island and increments it[2m (131ms)[22m
  [32m✓[39m  [2m  7 [22m[chromium] › e2e/app-dogfood.spec.ts:63:1 › the activity feed subscribes over the asynchronous transport and refreshes on a published event[2m (215ms)[22m
  [32m✓[39m  [2m  8 [22m[chromium] › e2e/app-dogfood.spec.ts:112:1 › the form gallery loads the suprnova-ui base and its vendored assets, and the password reveal upgrades[2m (235ms)[22m
  [32m✓[39m  [2m  9 [22m[chromium] › e2e/app-dogfood.spec.ts:166:1 › a document that never added a library component defines no sn- element[2m (94ms)[22m
  [32m✓[39m  [2m 10 [22m[chromium] › e2e/async-artifacts.spec.ts:270:3 › production async esm artifact restarts authority pending before transport on bfcache under CSP[2m (91ms)[22m
  [32m✓[39m  [2m 11 [22m[chromium] › e2e/async-artifacts.spec.ts:317:3 › production async esm artifact reacquires fresh initial authority after pre-ACK bfcache under CSP[2m (85ms)[22m
  [32m✓[39m  [2m 12 [22m[chromium] › e2e/async-artifacts.spec.ts:368:3 › production async esm artifact authenticates exact membership and restores lifecycle under CSP[2m (87ms)[22m
  [32m✓[39m  [2m 13 [22m[chromium] › e2e/async-artifacts.spec.ts:270:3 › production async classic artifact restarts authority pending before transport on bfcache under CSP[2m (80ms)[22m
  [32m✓[39m  [2m 14 [22m[chromium] › e2e/async-artifacts.spec.ts:317:3 › production async classic artifact reacquires fresh initial authority after pre-ACK bfcache under CSP[2m (90ms)[22m
  [32m✓[39m  [2m 15 [22m[chromium] › e2e/async-artifacts.spec.ts:368:3 › production async classic artifact authenticates exact membership and restores lifecycle under CSP[2m (91ms)[22m
  [32m✓[39m  [2m 16 [22m[chromium] › e2e/async-updates.spec.ts:57:1 › ordinary HTTP Live actions remain available without the optional async artifact[2m (126ms)[22m
  [32m✓[39m  [2m 17 [22m[chromium] › e2e/async-updates.spec.ts:74:1 › ordinary HTTP Live actions remain available when the async driver is incompatible[2m (128ms)[22m
  [32m✓[39m  [2m 18 [22m[chromium] › e2e/bfcache.spec.ts:31:1 › persisted hide, freeze, pageshow, and resume restore once without duplicate boot[2m (69ms)[22m
  [32m✓[39m  [2m 19 [22m[chromium] › e2e/bfcache.spec.ts:64:1 › restore rejects changed asset identity while retaining visible SSR HTML[2m (65ms)[22m
  [32m✓[39m  [2m 20 [22m[chromium] › e2e/bfcache.spec.ts:84:1 › restore rejects changed runtime contract while retaining visible SSR HTML[2m (68ms)[22m
  [32m✓[39m  [2m 21 [22m[chromium] › e2e/bfcache.spec.ts:103:1 › restore rejects changed protocol range while retaining visible SSR HTML[2m (56ms)[22m
  [32m✓[39m  [2m 22 [22m[chromium] › e2e/bfcache.spec.ts:122:1 › restore rejects incompatible island metadata while retaining visible SSR HTML[2m (74ms)[22m
  [32m✓[39m  [2m 23 [22m[chromium] › e2e/bfcache.spec.ts:136:1 › native Back and Forward keep one usable runtime whether restored or replaced[2m (114ms)[22m
  [32m✓[39m  [2m 24 [22m[chromium] › e2e/bfcache.spec.ts:156:1 › non-persisted pagehide disposes behavior without an unload dependency[2m (54ms)[22m
  [32m✓[39m  [2m 25 [22m[chromium] › e2e/bootstrap.spec.ts:59:1 › SSR content is visible before startup and a valid instanced island connects[2m (64ms)[22m
  [32m✓[39m  [2m 26 [22m[chromium] › e2e/bootstrap.spec.ts:71:1 › core-only boot stays operational when optional feature artifacts are absent[2m (64ms)[22m
  [32m✓[39m  [2m 27 [22m[chromium] › e2e/bootstrap.spec.ts:102:1 › a feature driver cannot resurrect startup after stopping core during event 0[2m (50ms)[22m
  [32m✓[39m  [2m 28 [22m[chromium] › e2e/bootstrap.spec.ts:132:1 › a feature driver cannot continue island startup after stopping core during event 1[2m (47ms)[22m
  [32m✓[39m  [2m 29 [22m[chromium] › e2e/bootstrap.spec.ts:162:1 › retained feature island ports stay inert after document disposal[2m (70ms)[22m
  [32m✓[39m  [2m 30 [22m[chromium] › e2e/bootstrap.spec.ts:213:1 › a public seed connects without an eager endpoint request[2m (55ms)[22m
  [32m✓[39m  [2m 31 [22m[chromium] › e2e/bootstrap.spec.ts:224:1 › malformed and incompatible roots stay visible but disconnected[2m (119ms)[22m
  [32m✓[39m  [2m 32 [22m[chromium] › e2e/bootstrap.spec.ts:239:1 › document-local duplicate roots connect once in deterministic order[2m (60ms)[22m
  [32m✓[39m  [2m 33 [22m[chromium] › e2e/bootstrap.spec.ts:246:1 › nested valid roots connect as independent records[2m (59ms)[22m
  [32m✓[39m  [2m 34 [22m[chromium] › e2e/bootstrap.spec.ts:253:1 › runtime disposal is idempotent and retires the connected record[2m (60ms)[22m
  [32m✓[39m  [2m 35 [22m[chromium] › e2e/bootstrap.spec.ts:273:1 › classic and ESM loading share one runtime and one connection[2m (59ms)[22m
  [32m✓[39m  [2m 36 [22m[chromium] › e2e/bootstrap.spec.ts:304:1 › dynamic insertion uses normal discovery and removal disposes exactly once[2m (43ms)[22m
  [32m✓[39m  [2m 37 [22m[chromium] › e2e/compatibility.spec.ts:13:3 › cspModuleNonce boots only external checked assets[2m (54ms)[22m
  [32m✓[39m  [2m 38 [22m[chromium] › e2e/compatibility.spec.ts:13:3 › cspModuleHash boots only external checked assets[2m (54ms)[22m
  [32m✓[39m  [2m 39 [22m[chromium] › e2e/compatibility.spec.ts:13:3 › cspClassicNonce boots only external checked assets[2m (54ms)[22m
  [32m✓[39m  [2m 40 [22m[chromium] › e2e/compatibility.spec.ts:13:3 › cspClassicHash boots only external checked assets[2m (57ms)[22m
  [32m✓[39m  [2m 41 [22m[chromium] › e2e/compatibility.spec.ts:21:1 › production artifacts contain no runtime code generation or dynamic module URL[2m (2ms)[22m
  [32m✓[39m  [2m 42 [22m[chromium] › e2e/compatibility.spec.ts:32:1 › published declarations include the suspended lifecycle state[2m (0ms)[22m
  [32m✓[39m  [2m 43 [22m[chromium] › e2e/csp.spec.ts:6:3 › cspNonce permits external runtime startup[2m (51ms)[22m
  [32m✓[39m  [2m 44 [22m[chromium] › e2e/csp.spec.ts:6:3 › cspHash permits external runtime startup[2m (53ms)[22m
  [32m✓[39m  [2m 45 [22m[chromium] › e2e/csp.spec.ts:13:1 › blocked runtime leaves initial SSR content exposed[2m (41ms)[22m
  [32m✓[39m  [2m 46 [22m[chromium] › e2e/directives.spec.ts:5:1 › delegated actions preserve native behavior and apply validated modifiers once[2m (160ms)[22m
  [32m✓[39m  [2m 47 [22m[chromium] › e2e/document-transitions.spec.ts:3:1 › checked cross-document names enhance navigation without changing its semantics[2m (129ms)[22m
  [32m✓[39m  [2m 48 [22m[chromium] › e2e/document-transitions.spec.ts:27:1 › reduced motion, unsupported support, and capture failure fall back identically[2m (252ms)[22m
  [32m✓[39m  [2m 49 [22m[chromium] › e2e/document-transitions.spec.ts:44:1 › transition cancellation through the dirty guard keeps the old document interactive[2m (93ms)[22m
  [32m✓[39m  [2m 50 [22m[chromium] › e2e/effects.spec.ts:5:1 › registered effects and public calls remain bounded to declared island ownership[2m (77ms)[22m
  [32m✓[39m  [2m 51 [22m[chromium] › e2e/feedback.spec.ts:6:1 › feedback targets reflect authoritative work and remain keyboard safe[2m (814ms)[22m
  [32m✓[39m  [2m 52 [22m[chromium] › e2e/focus-and-forms.spec.ts:6:1 › keyed morphs preserve focus, dirty controls, files, and scoped scroll while explicit correction wins[2m (355ms)[22m
  [32m✓[39m  [2m 53 [22m[chromium] › e2e/focus-and-forms.spec.ts:105:1 › post-morph focus restoration retains continuity through reconciliation[2m (89ms)[22m
  [32m✓[39m  [2m 54 [22m[chromium] › e2e/framework-bootstrap.spec.ts:49:1 › SSR content is visible and every island connects through the ESM strategy[2m (84ms)[22m
  [32m✓[39m  [2m 55 [22m[chromium] › e2e/framework-bootstrap.spec.ts:81:1 › the classic strategy connects the same islands with deferred scripts[2m (69ms)[22m
  [32m✓[39m  [2m 56 [22m[chromium] › e2e/framework-bootstrap.spec.ts:101:1 › a core-only document loads no optional role[2m (56ms)[22m
  [32m✓[39m  [2m 57 [22m[chromium] › e2e/framework-bootstrap.spec.ts:113:1 › the optional Stimulus bridge loads on request without starting a second runtime[2m (63ms)[22m
  [32m✓[39m  [2m 58 [22m[chromium] › e2e/framework-bootstrap.spec.ts:127:1 › duplicate bootstrap tags do not connect islands twice[2m (69ms)[22m
  [32m✓[39m  [2m 59 [22m[chromium] › e2e/framework-bootstrap.spec.ts:143:1 › an incompatible optional feature fails only its role[2m (69ms)[22m
  [32m✓[39m  [2m 60 [22m[chromium] › e2e/framework-bootstrap.spec.ts:154:1 › an integrity failure leaves the SSR content intact and the runtime unstarted[2m (542ms)[22m
  [32m✓[39m  [2m 61 [22m[chromium] › e2e/framework-bootstrap.spec.ts:165:1 › a strict self-only Content Security Policy permits startup[2m (69ms)[22m
  [32m✓[39m  [2m 62 [22m[chromium] › e2e/framework-bootstrap.spec.ts:178:1 › artifacts are immutable, validated, and exactly the reviewed bytes[2m (54ms)[22m
  [32m✓[39m  [2m 63 [22m[chromium] › e2e/full-flow.spec.ts:27:1 › the browser conformance matrix keeps every reviewed capability traceable[2m (0ms)[22m
  [32m✓[39m  [2m 64 [22m[chromium] › e2e/full-flow.spec.ts:32:1 › local state, model capture, server action, URL reflection, and native navigation compose[2m (207ms)[22m
  [32m✓[39m  [2m 65 [22m[chromium] › e2e/hostile-dom.spec.ts:10:3 › hostileMalformedUtf8 retains accepted DOM and bounded authority[2m (110ms)[22m
  [32m✓[39m  [2m 66 [22m[chromium] › e2e/hostile-dom.spec.ts:10:3 › hostileHugeJson retains accepted DOM and bounded authority[2m (107ms)[22m
  [32m✓[39m  [2m 67 [22m[chromium] › e2e/hostile-dom.spec.ts:10:3 › hostilePrototypeKey retains accepted DOM and bounded authority[2m (113ms)[22m
  [32m✓[39m  [2m 68 [22m[chromium] › e2e/hostile-dom.spec.ts:27:3 › hostileExtremeMorph fails preflight without partial mutation or replay[2m (102ms)[22m
  [32m✓[39m  [2m 69 [22m[chromium] › e2e/hostile-dom.spec.ts:27:3 › hostileDuplicateIdentity fails preflight without partial mutation or replay[2m (116ms)[22m
  [32m✓[39m  [2m 70 [22m[chromium] › e2e/hostile-dom.spec.ts:38:1 › extreme initial depth, count, attributes, and text stop at one visible closed outcome[2m (336ms)[22m
  [32m✓[39m  [2m 71 [22m[chromium] › e2e/hostile-dom.spec.ts:54:1 › returned scripts and event handlers never execute or partially mutate accepted DOM[2m (83ms)[22m
  [32m✓[39m  [2m 72 [22m[chromium] › e2e/hostile-dom.spec.ts:64:1 › third-party mutation, shadow ownership, and duplicate roots stay bounded[2m (135ms)[22m
  [32m✓[39m  [2m 73 [22m[chromium] › e2e/hostile-dom.spec.ts:100:1 › throwing getters and proxies at public APIs reject without stopping the runtime[2m (48ms)[22m
  [32m✓[39m  [2m 74 [22m[chromium] › e2e/ime-and-selection.spec.ts:5:1 › text and contenteditable selection survive an active IME morph[2m (87ms)[22m
  [32m✓[39m  [2m 75 [22m[chromium] › e2e/iteration-004-accessibility.spec.ts:70:3 › esm upload and async feedback remains accessible under strict CSP[2m (282ms)[22m
  [32m✓[39m  [2m 76 [22m[chromium] › e2e/iteration-004-accessibility.spec.ts:70:3 › classic upload and async feedback remains accessible under strict CSP[2m (283ms)[22m
  [32m✓[39m  [2m 77 [22m[chromium] › e2e/iteration-004-accessibility.spec.ts:131:3 › esm upload cancel retry and remove are keyboard operable with stable focus[2m (188ms)[22m
  [32m✓[39m  [2m 78 [22m[chromium] › e2e/iteration-004-accessibility.spec.ts:199:3 › esm multi-chunk progress coalesces numeric live announcements on a controlled clock[2m (562ms)[22m
  [32m✓[39m  [2m 79 [22m[chromium] › e2e/iteration-004-accessibility.spec.ts:131:3 › classic upload cancel retry and remove are keyboard operable with stable focus[2m (178ms)[22m
  [32m✓[39m  [2m 80 [22m[chromium] › e2e/iteration-004-accessibility.spec.ts:199:3 › classic multi-chunk progress coalesces numeric live announcements on a controlled clock[2m (560ms)[22m
  [32m✓[39m  [2m 81 [22m[chromium] › e2e/iteration-004-accessibility.spec.ts:251:3 › esm Rust upload rejection exposes its associated alert and keyboard retry focus[2m (163ms)[22m
  [32m✓[39m  [2m 82 [22m[chromium] › e2e/iteration-004-accessibility.spec.ts:251:3 › classic Rust upload rejection exposes its associated alert and keyboard retry focus[2m (144ms)[22m
  [32m✓[39m  [2m 83 [22m[chromium] › e2e/iteration-004-accessibility.spec.ts:298:7 › esm upload missing artifact preserves native controls and focus[2m (202ms)[22m
  [32m✓[39m  [2m 84 [22m[chromium] › e2e/iteration-004-accessibility.spec.ts:298:7 › esm async missing artifact preserves native controls and focus[2m (180ms)[22m
  [32m✓[39m  [2m 85 [22m[chromium] › e2e/iteration-004-accessibility.spec.ts:298:7 › classic upload missing artifact preserves native controls and focus[2m (189ms)[22m
  [32m✓[39m  [2m 86 [22m[chromium] › e2e/iteration-004-accessibility.spec.ts:298:7 › classic async missing artifact preserves native controls and focus[2m (178ms)[22m
  [32m✓[39m  [2m 87 [22m[chromium] › e2e/iteration-004-accessibility.spec.ts:298:7 › esm upload incompatible artifact preserves native controls and focus[2m (205ms)[22m
  [32m✓[39m  [2m 88 [22m[chromium] › e2e/iteration-004-accessibility.spec.ts:298:7 › esm async incompatible artifact preserves native controls and focus[2m (186ms)[22m
  [32m✓[39m  [2m 89 [22m[chromium] › e2e/iteration-004-accessibility.spec.ts:298:7 › classic upload incompatible artifact preserves native controls and focus[2m (193ms)[22m
  [32m✓[39m  [2m 90 [22m[chromium] › e2e/iteration-004-accessibility.spec.ts:298:7 › classic async incompatible artifact preserves native controls and focus[2m (184ms)[22m
  [32m✓[39m  [2m 91 [22m[chromium] › e2e/iteration-004-adversarial.spec.ts:308:1 › hostile upload authority and chunk shapes fail closed without poisoning ordinary actions[2m (113ms)[22m
  [32m✓[39m  [2m 92 [22m[chromium] › e2e/iteration-004-adversarial.spec.ts:442:3 › esm production upload runtime keeps every hostile grant secret and retryable[2m (3.5s)[22m
  [32m✓[39m  [2m 93 [22m[chromium] › e2e/iteration-004-adversarial.spec.ts:442:3 › classic production upload runtime keeps every hostile grant secret and retryable[2m (3.4s)[22m
  [32m✓[39m  [2m 94 [22m[chromium] › e2e/iteration-004-adversarial.spec.ts:555:3 › esm runtime observes the real scanner timeout and leaves ordinary Live usable[2m (125ms)[22m
  [32m✓[39m  [2m 95 [22m[chromium] › e2e/iteration-004-adversarial.spec.ts:555:3 › classic runtime observes the real scanner timeout and leaves ordinary Live usable[2m (126ms)[22m
  [32m✓[39m  [2m 96 [22m[chromium] › e2e/iteration-004-adversarial.spec.ts:592:3 › esm runtime rejects a hostile media header through real validation[2m (114ms)[22m
  [32m✓[39m  [2m 97 [22m[chromium] › e2e/iteration-004-adversarial.spec.ts:592:3 › classic runtime rejects a hostile media header through real validation[2m (125ms)[22m
  [32m✓[39m  [2m 98 [22m[chromium] › e2e/iteration-004-adversarial.spec.ts:616:3 › esm runtime preserves the real idempotent completion outcome[2m (117ms)[22m
  [32m✓[39m  [2m 99 [22m[chromium] › e2e/iteration-004-adversarial.spec.ts:616:3 › classic runtime preserves the real idempotent completion outcome[2m (124ms)[22m
  [32m✓[39m  [2m100 [22m[chromium] › e2e/iteration-004-adversarial.spec.ts:643:3 › esm runtime observes provider compensation and real finalizer recovery[2m (125ms)[22m
  [32m✓[39m  [2m101 [22m[chromium] › e2e/iteration-004-adversarial.spec.ts:643:3 › classic runtime observes provider compensation and real finalizer recovery[2m (126ms)[22m
  [32m✓[39m  [2m102 [22m[chromium] › e2e/iteration-004-adversarial.spec.ts:690:5 › esm runtime observes real reordered-message authority and bounded recovery[2m (151ms)[22m
  [32m✓[39m  [2m103 [22m[chromium] › e2e/iteration-004-adversarial.spec.ts:690:5 › esm runtime observes real replay-overflow authority and bounded recovery[2m (185ms)[22m
  [32m✓[39m  [2m104 [22m[chromium] › e2e/iteration-004-adversarial.spec.ts:690:5 › esm runtime observes real revoked-authorization authority and bounded recovery[2m (117ms)[22m
  [32m✓[39m  [2m105 [22m[chromium] › e2e/iteration-004-adversarial.spec.ts:690:5 › esm runtime observes real fanout-pressure authority and bounded recovery[2m (285ms)[22m
  [32m✓[39m  [2m106 [22m[chromium] › e2e/iteration-004-adversarial.spec.ts:690:5 › classic runtime observes real reordered-message authority and bounded recovery[2m (118ms)[22m
  [32m✓[39m  [2m107 [22m[chromium] › e2e/iteration-004-adversarial.spec.ts:690:5 › classic runtime observes real replay-overflow authority and bounded recovery[2m (160ms)[22m
  [32m✓[39m  [2m108 [22m[chromium] › e2e/iteration-004-adversarial.spec.ts:690:5 › classic runtime observes real revoked-authorization authority and bounded recovery[2m (98ms)[22m
  [32m✓[39m  [2m109 [22m[chromium] › e2e/iteration-004-adversarial.spec.ts:690:5 › classic runtime observes real fanout-pressure authority and bounded recovery[2m (264ms)[22m
  [32m✓[39m  [2m110 [22m[chromium] › e2e/iteration-004-adversarial.spec.ts:795:5 › esm runtime receives typed oversized-message closure from the real WebSocket host[2m (295ms)[22m
  [32m✓[39m  [2m111 [22m[chromium] › e2e/iteration-004-adversarial.spec.ts:795:5 › esm runtime receives typed truncated-message closure from the real WebSocket host[2m (285ms)[22m
  [32m✓[39m  [2m112 [22m[chromium] › e2e/iteration-004-adversarial.spec.ts:795:5 › classic runtime receives typed oversized-message closure from the real WebSocket host[2m (268ms)[22m
  [32m✓[39m  [2m113 [22m[chromium] › e2e/iteration-004-adversarial.spec.ts:795:5 › classic runtime receives typed truncated-message closure from the real WebSocket host[2m (282ms)[22m
  [32m✓[39m  [2m114 [22m[chromium] › e2e/iteration-004-adversarial.spec.ts:843:5 › esm runtime observes actual concurrent cancel-finalize-cancel-wins[2m (114ms)[22m
  [32m✓[39m  [2m115 [22m[chromium] › e2e/iteration-004-adversarial.spec.ts:843:5 › esm runtime observes actual concurrent cancel-finalize-finalize-wins[2m (112ms)[22m
  [32m✓[39m  [2m116 [22m[chromium] › e2e/iteration-004-adversarial.spec.ts:843:5 › esm runtime observes actual concurrent expire-finalize-expire-wins[2m (116ms)[22m
  [32m✓[39m  [2m117 [22m[chromium] › e2e/iteration-004-adversarial.spec.ts:843:5 › esm runtime observes actual concurrent expire-finalize-finalize-wins[2m (126ms)[22m
  [32m✓[39m  [2m118 [22m[chromium] › e2e/iteration-004-adversarial.spec.ts:843:5 › classic runtime observes actual concurrent cancel-finalize-cancel-wins[2m (119ms)[22m
  [32m✓[39m  [2m119 [22m[chromium] › e2e/iteration-004-adversarial.spec.ts:843:5 › classic runtime observes actual concurrent cancel-finalize-finalize-wins[2m (114ms)[22m
  [32m✓[39m  [2m120 [22m[chromium] › e2e/iteration-004-adversarial.spec.ts:843:5 › classic runtime observes actual concurrent expire-finalize-expire-wins[2m (115ms)[22m
  [32m✓[39m  [2m121 [22m[chromium] › e2e/iteration-004-adversarial.spec.ts:843:5 › classic runtime observes actual concurrent expire-finalize-finalize-wins[2m (116ms)[22m
  [32m✓[39m  [2m122 [22m[chromium] › e2e/iteration-004-adversarial.spec.ts:882:3 › esm runtime retirement ignores one actual late envelope and drains its owners[2m (235ms)[22m
  [32m✓[39m  [2m123 [22m[chromium] › e2e/iteration-004-adversarial.spec.ts:907:3 › esm incompatible async feature closes only its dependent surface[2m (115ms)[22m
  [32m✓[39m  [2m124 [22m[chromium] › e2e/iteration-004-adversarial.spec.ts:936:3 › esm upload-scope exhaustion is exact while unrelated Live remains usable[2m (270ms)[22m
  [32m✓[39m  [2m125 [22m[chromium] › e2e/iteration-004-adversarial.spec.ts:882:3 › classic runtime retirement ignores one actual late envelope and drains its owners[2m (210ms)[22m
  [32m✓[39m  [2m126 [22m[chromium] › e2e/iteration-004-adversarial.spec.ts:907:3 › classic incompatible async feature closes only its dependent surface[2m (118ms)[22m
  [32m✓[39m  [2m127 [22m[chromium] › e2e/iteration-004-adversarial.spec.ts:936:3 › classic upload-scope exhaustion is exact while unrelated Live remains usable[2m (255ms)[22m
  [32m✓[39m  [2m128 [22m[chromium] › e2e/iteration-004-adversarial.spec.ts:961:1 › every hostile Origin rejects before browser session authority or transport allocation[2m (65ms)[22m
  [32m✓[39m  [2m129 [22m[chromium] › e2e/iteration-004-adversarial.spec.ts:1045:1 › reconnect storms retire each transport while one document transport and ordinary actions survive[2m (289ms)[22m
  [32m✓[39m  [2m130 [22m[chromium] › e2e/iteration-004-integration.spec.ts:208:5 › esm core composes only the requested production artifacts[2m (81ms)[22m
  [32m✓[39m  [2m131 [22m[chromium] › e2e/iteration-004-integration.spec.ts:208:5 › esm uploads composes only the requested production artifacts[2m (132ms)[22m
  [32m✓[39m  [2m132 [22m[chromium] › e2e/iteration-004-integration.spec.ts:208:5 › esm async composes only the requested production artifacts[2m (102ms)[22m
  [32m✓[39m  [2m133 [22m[chromium] › e2e/iteration-004-integration.spec.ts:208:5 › esm both composes only the requested production artifacts[2m (194ms)[22m
  [32m✓[39m  [2m134 [22m[chromium] › e2e/iteration-004-integration.spec.ts:208:5 › classic core composes only the requested production artifacts[2m (84ms)[22m
  [32m✓[39m  [2m135 [22m[chromium] › e2e/iteration-004-integration.spec.ts:208:5 › classic uploads composes only the requested production artifacts[2m (162ms)[22m
  [32m✓[39m  [2m136 [22m[chromium] › e2e/iteration-004-integration.spec.ts:208:5 › classic async composes only the requested production artifacts[2m (95ms)[22m
  [32m✓[39m  [2m137 [22m[chromium] › e2e/iteration-004-integration.spec.ts:208:5 › classic both composes only the requested production artifacts[2m (128ms)[22m
  [32m✓[39m  [2m138 [22m[chromium] › e2e/iteration-004-integration.spec.ts:287:7 › esm uploads missing leaves the other optional feature operational[2m (154ms)[22m
  [32m✓[39m  [2m139 [22m[chromium] › e2e/iteration-004-integration.spec.ts:287:7 › esm uploads incompatible leaves the other optional feature operational[2m (165ms)[22m
  [32m✓[39m  [2m140 [22m[chromium] › e2e/iteration-004-integration.spec.ts:287:7 › esm async missing leaves the other optional feature operational[2m (145ms)[22m
  [32m✓[39m  [2m141 [22m[chromium] › e2e/iteration-004-integration.spec.ts:287:7 › esm async incompatible leaves the other optional feature operational[2m (166ms)[22m
  [32m✓[39m  [2m142 [22m[chromium] › e2e/iteration-004-integration.spec.ts:287:7 › classic uploads missing leaves the other optional feature operational[2m (161ms)[22m
  [32m✓[39m  [2m143 [22m[chromium] › e2e/iteration-004-integration.spec.ts:287:7 › classic uploads incompatible leaves the other optional feature operational[2m (158ms)[22m
  [32m✓[39m  [2m144 [22m[chromium] › e2e/iteration-004-integration.spec.ts:287:7 › classic async missing leaves the other optional feature operational[2m (167ms)[22m
  [32m✓[39m  [2m145 [22m[chromium] › e2e/iteration-004-integration.spec.ts:287:7 › classic async incompatible leaves the other optional feature operational[2m (160ms)[22m
  [32m✓[39m  [2m146 [22m[chromium] › e2e/iteration-004-integration.spec.ts:385:1 › the both-feature page transfers one native file beside one current logical stream[2m (193ms)[22m
  [32m✓[39m  [2m147 [22m[chromium] › e2e/iteration-004-integration.spec.ts:433:1 › the real direct provider stores, reports, verifies, completes, and finalizes[2m (81ms)[22m
  [32m✓[39m  [2m148 [22m[chromium] › e2e/iteration-004-integration.spec.ts:581:1 › a registered ordinary action commits during an active upload and an async outage[2m (196ms)[22m
  [32m✓[39m  [2m149 [22m[chromium] › e2e/iteration-004-integration.spec.ts:624:1 › two islands share one physical SSE transport and removing one membership keeps it open[2m (123ms)[22m
  [32m✓[39m  [2m150 [22m[chromium] › e2e/iteration-004-integration.spec.ts:647:1 › production WebSocket and Rust polling routes remain physical and ordinary navigation remains HTTP[2m (193ms)[22m
  [32m✓[39m  [2m151 [22m[chromium] › e2e/iteration-004-integration.spec.ts:725:3 › a production fresh render preserves the active upload boundary with exact cleanup[2m (249ms)[22m
  [32m✓[39m  [2m152 [22m[chromium] › e2e/iteration-004-integration.spec.ts:725:3 › a production fresh render replaces the active upload boundary with exact cleanup[2m (211ms)[22m
  [32m✓[39m  [2m153 [22m[chromium] › e2e/leaks.spec.ts:10:1 › repeated suspend and restore cycles return observed resources to baseline[2m (118ms)[22m
  [32m✓[39m  [2m154 [22m[chromium] › e2e/leaks.spec.ts:55:1 › repeated accepted morphs return observed resources to baseline[2m (596ms)[22m
  [32m✓[39m  [2m155 [22m[chromium] › e2e/leaks.spec.ts:69:1 › connect, replace, and remove leave no retired callback authority[2m (52ms)[22m
  [32m✓[39m  [2m156 [22m[chromium] › e2e/local-signals.spec.ts:6:1 › local signals update accessible presentation without a server request[2m (231ms)[22m
  [32m✓[39m  [2m157 [22m[chromium] › e2e/local-signals.spec.ts:51:1 › third-party attribute mutation and reinsertion cannot create local directive authority[2m (73ms)[22m
  [32m✓[39m  [2m158 [22m[chromium] › e2e/models-and-forms.spec.ts:5:1 › immediate and debounced models enter only their owning island scheduler[2m (312ms)[22m
  [32m✓[39m  [2m159 [22m[chromium] › e2e/models-and-forms.spec.ts:27:1 › submit samples controls once, preserves reset semantics, and excludes files and disabled controls[2m (258ms)[22m
  [32m✓[39m  [2m160 [22m[chromium] › e2e/models-and-forms.spec.ts:55:1 › a nested island model cannot consume its parent scheduler capacity[2m (102ms)[22m
  [32m✓[39m  [2m161 [22m[chromium] › e2e/morph-identity.spec.ts:5:1 › Live keys move existing identity while rekeys replace and nested islands stay opaque[2m (122ms)[22m
  [32m✓[39m  [2m162 [22m[chromium] › e2e/morph-identity.spec.ts:56:1 › prohibited response markup never mutates DOM or commits before fresh-render recovery[2m (113ms)[22m
  [32m✓[39m  [2m163 [22m[chromium] › e2e/multiple-islands.spec.ts:5:1 › one saturated island cannot block another island scheduler[2m (412ms)[22m
  [32m✓[39m  [2m164 [22m[chromium] › e2e/navigation.spec.ts:3:1 › anchors, redirects, refresh, fragments, errors, and Back/Forward remain complete navigation[2m (395ms)[22m
  [32m✓[39m  [2m165 [22m[chromium] › e2e/navigation.spec.ts:40:1 › GET/POST forms and modifier/new-tab/download semantics stay native[2m (306ms)[22m
  [32m✓[39m  [2m166 [22m[chromium] › e2e/navigation.spec.ts:67:1 › dirty guard offers stay with focus return and a guaranteed leave path[2m (135ms)[22m
  [32m✓[39m  [2m167 [22m[chromium] › e2e/navigation.spec.ts:86:1 › prefetch emits only an eligible native resource and never installs its body[2m (66ms)[22m
  [32m✓[39m  [2m168 [22m[chromium] › e2e/nested-islands.spec.ts:5:1 › nested ownership and shadow boundaries stay local[2m (63ms)[22m
  [32m✓[39m  [2m169 [22m[chromium] › e2e/network.spec.ts:13:1 › instanced actions send the canonical bounded Live envelope[2m (86ms)[22m
  [32m✓[39m  [2m170 [22m[chromium] › e2e/network.spec.ts:35:1 › safe retry preserves exact bytes and immutable identity[2m (176ms)[22m
  [32m✓[39m  [2m171 [22m[chromium] › e2e/network.spec.ts:46:1 › seed promotion inserts one intent-owned nonce[2m (98ms)[22m
  [32m✓[39m  [2m172 [22m[chromium] › e2e/performance.spec.ts:19:1 › canonical browser workloads remain executable without changing engine claims[2m (2.6s)[22m
  [32m✓[39m  [2m173 [22m[chromium] › e2e/preservation.spec.ts:6:1 › morph controls preserve their distinct identities and lifecycle across repeated updates[2m (293ms)[22m
  [32m✓[39m  [2m174 [22m[chromium] › e2e/preservation.spec.ts:104:1 › a target added after boot cannot acquire teleport authority[2m (108ms)[22m
  [32m✓[39m  [2m175 [22m[chromium] › e2e/reference-fresh-render.spec.ts:5:1 › production browser eligibility commits the Rust fresh-render successor[2m (79ms)[22m
  [32m✓[39m  [2m176 [22m[chromium] › e2e/registered-event-authority.spec.ts:390:3 › core rejects a registered event when its factory mutates source authority: foreign_document[2m (62ms)[22m
  [32m✓[39m  [2m177 [22m[chromium] › e2e/registered-event-authority.spec.ts:390:3 › core rejects a registered event when its factory mutates source authority: foreign_island[2m (61ms)[22m
  [32m✓[39m  [2m178 [22m[chromium] › e2e/registered-event-authority.spec.ts:390:3 › core rejects a registered event when its factory mutates source authority: reregister[2m (58ms)[22m
  [32m✓[39m  [2m179 [22m[chromium] › e2e/registered-event-authority.spec.ts:390:3 › core rejects a registered event when its factory mutates source authority: scope[2m (54ms)[22m
  [32m✓[39m  [2m180 [22m[chromium] › e2e/registered-event-authority.spec.ts:408:3 › core rejects a named target whose event factory mutates target authority: foreign_document[2m (62ms)[22m
  [32m✓[39m  [2m181 [22m[chromium] › e2e/registered-event-authority.spec.ts:408:3 › core rejects a named target whose event factory mutates target authority: scope[2m (59ms)[22m
  [32m✓[39m  [2m182 [22m[chromium] › e2e/registered-event-authority.spec.ts:424:3 › core rejects a parent target whose event factory mutates island metadata[2m (54ms)[22m
  [32m✓[39m  [2m183 [22m[chromium] › e2e/registered-event-authority.spec.ts:424:3 › core rejects a child target whose event factory mutates island metadata[2m (58ms)[22m
  [32m✓[39m  [2m184 [22m[chromium] › e2e/registered-event-authority.spec.ts:440:3 › core reports partial fanout when an earlier listener mutates a later named target: foreign_document[2m (63ms)[22m
  [32m✓[39m  [2m185 [22m[chromium] › e2e/registered-event-authority.spec.ts:440:3 › core reports partial fanout when an earlier listener mutates a later named target: foreign_island[2m (63ms)[22m
  [32m✓[39m  [2m186 [22m[chromium] › e2e/resource-lifecycle.spec.ts:14:1 › restoration and duplicate artifact execution do not multiply lifecycle listeners[2m (46ms)[22m
  [32m✓[39m  [2m187 [22m[chromium] › e2e/resource-lifecycle.spec.ts:92:1 › an old-epoch transport response cannot mutate the restored document[2m (345ms)[22m
  [32m✓[39m  [2m188 [22m[chromium] › e2e/resource-lifecycle.spec.ts:119:1 › beforeunload exists only while an explicit dirty-work guard is active[2m (81ms)[22m
  [32m✓[39m  [2m189 [22m[chromium] › e2e/resource-lifecycle.spec.ts:163:1 › a model debounce scheduled before persisted hide cannot fire while suspended[2m (76ms)[22m
  [32m✓[39m  [2m190 [22m[chromium] › e2e/resource-lifecycle.spec.ts:182:1 › an old-epoch transition is rejected before one fresh render recovers the island[2m (309ms)[22m
  [32m✓[39m  [2m191 [22m[chromium] › e2e/response-order.spec.ts:4:3 › responseRedirect navigates before any in-page response effect[2m (193ms)[22m
  [32m✓[39m  [2m192 [22m[chromium] › e2e/response-order.spec.ts:4:3 › responseNavigated navigates before any in-page response effect[2m (199ms)[22m
  [32m✓[39m  [2m193 [22m[chromium] › e2e/response-order.spec.ts:29:1 › committed HTML applies the complete post-morph order[2m (133ms)[22m
  [32m✓[39m  [2m194 [22m[chromium] › e2e/response-order.spec.ts:49:1 › no-render commits successor authority without replacing content[2m (106ms)[22m
  [32m✓[39m  [2m195 [22m[chromium] › e2e/seed-and-lazy.spec.ts:6:3 › seedAction promotes only when transport identity is available[2m (69ms)[22m
  [32m✓[39m  [2m196 [22m[chromium] › e2e/seed-and-lazy.spec.ts:6:3 › seedActionNoCrypto promotes only when transport identity is available[2m (64ms)[22m
  [32m✓[39m  [2m197 [22m[chromium] › e2e/seed-and-lazy.spec.ts:28:1 › repeated lazy discovery remains connected and makes no eager request[2m (55ms)[22m
  [32m✓[39m  [2m198 [22m[chromium] › e2e/signals-and-controllers.spec.ts:5:1 › signal and Stimulus identity preserve, insert, remove, and reset exactly once[2m (239ms)[22m
  [32m✓[39m  [2m199 [22m[chromium] › e2e/stimulus.spec.ts:5:1 › the optional bridge preserves standard Stimulus lifecycle without bundling it[2m (79ms)[22m
  [32m✓[39m  [2m200 [22m[chromium] › e2e/transitions-and-recovery.spec.ts:10:1 › enter, leave, move, and state transitions settle before accepted authority commits[2m (289ms)[22m
  [32m✓[39m  [2m201 [22m[chromium] › e2e/transitions-and-recovery.spec.ts:34:1 › reduced motion and a missing animation API preserve the same semantic result[2m (196ms)[22m
  [32m✓[39m  [2m202 [22m[chromium] › e2e/transitions-and-recovery.spec.ts:56:1 › a failed fresh render disconnects only its island without replay or document reload[2m (125ms)[22m
  [32m✓[39m  [2m203 [22m[chromium] › e2e/uploads.spec.ts:5:1 › native uploads keep accessible progress across a compatible morph and retire on rekey[2m (389ms)[22m
  [32m✓[39m  [2m204 [22m[chromium] › e2e/async-lifecycle.spec.ts:126:1 › real async transport exposes bounded semantic feedback without stealing focus[2m (1.1s)[22m
  [32m✓[39m  [2m205 [22m[chromium] › e2e/async-lifecycle.spec.ts:210:1 › server completion exposes a closed status and retires the physical stream[2m (304ms)[22m
  [32m-[39m  [2m206 [22m[36m[chromium] › e2e/async-lifecycle.spec.ts:231:1 › actual bfcache restore reauthorizes and proves continuity before accepting data[39m
  [32m✓[39m  [2m207 [22m[chromium] › e2e/async-lifecycle.spec.ts:294:1 › native controls and local signals remain available beside async updates[2m (694ms)[22m
  [32m✓[39m  [2m208 [22m[chromium] › e2e/async-lifecycle.spec.ts:322:1 › morph replacement and island removal retire async resources exactly once[2m (630ms)[22m
  [32m✓[39m  [2m209 [22m[chromium] › e2e/async-lifecycle.spec.ts:383:1 › document shutdown is idempotent and leaves no async resource authority[2m (541ms)[22m
  [32m-[39m  [2m210 [22m[36m[chromium] › e2e/iteration-004-lifecycle.spec.ts:138:3 › real bfcache restoration retires the old sse generation and reauthorizes from current position[39m
  [32m-[39m  [2m211 [22m[36m[chromium] › e2e/iteration-004-lifecycle.spec.ts:138:3 › real bfcache restoration retires the old websocket generation and reauthorizes from current position[39m
  [32m✓[39m  [2m212 [22m[chromium] › e2e/iteration-004-lifecycle.spec.ts:331:1 › ordinary navigation cancels an active upload and retires every document resource[2m (253ms)[22m
  [32m✓[39m  [2m213 [22m[chromium] › e2e/iteration-004-lifecycle.spec.ts:365:1 › freeze and resume preserve active upload retry authority while shutdown cancels it[2m (414ms)[22m
  [32m✓[39m  [2m214 [22m[chromium] › e2e/iteration-004-lifecycle.spec.ts:434:1 › offline freshness preserves ordinary interaction and shutdown retires bounded resources[2m (114ms)[22m
  [32m✓[39m  [2m215 [22m[chromium] › e2e/iteration-004-lifecycle.spec.ts:467:1 › a sequence gap activates bounded fallback then replays onto one replacement transport[2m (121ms)[22m
  [32m✓[39m  [2m216 [22m[chromium] › e2e/iteration-004-lifecycle.spec.ts:538:1 › one document-wide reconnect restores two logical islands on one new transport[2m (132ms)[22m
  [32m✓[39m  [2m217 [22m[firefox] › e2e/accessibility.spec.ts:5:1 › local disclosure and tab semantics remain keyboard-operable and accessible[2m (851ms)[22m
  [32m✓[39m  [2m218 [22m[firefox] › e2e/accessibility.spec.ts:27:1 › forms, errors, live feedback, busy state, and inert content expose explicit semantics[2m (305ms)[22m
  [32m✓[39m  [2m219 [22m[firefox] › e2e/accessibility.spec.ts:42:1 › focus recovery, dirty guards, and reduced motion retain their explicit browser semantics[2m (444ms)[22m
  [32m✓[39m  [2m220 [22m[firefox] › e2e/app-dogfood.spec.ts:15:1 › the public page renders server-side and its island connects for an anonymous visitor[2m (204ms)[22m
  [32m✓[39m  [2m221 [22m[firefox] › e2e/app-dogfood.spec.ts:24:1 › a signed-in user runs actions through the production middleware stack[2m (427ms)[22m
  [32m✓[39m  [2m222 [22m[firefox] › e2e/app-dogfood.spec.ts:50:1 › an anonymous visitor promotes the public island and increments it[2m (259ms)[22m
  [32m✓[39m  [2m223 [22m[firefox] › e2e/app-dogfood.spec.ts:63:1 › the activity feed subscribes over the asynchronous transport and refreshes on a published event[2m (366ms)[22m
  [32m✓[39m  [2m224 [22m[firefox] › e2e/app-dogfood.spec.ts:112:1 › the form gallery loads the suprnova-ui base and its vendored assets, and the password reveal upgrades[2m (471ms)[22m
  [32m✓[39m  [2m225 [22m[firefox] › e2e/app-dogfood.spec.ts:166:1 › a document that never added a library component defines no sn- element[2m (231ms)[22m
  [32m✓[39m  [2m226 [22m[firefox] › e2e/async-artifacts.spec.ts:270:3 › production async esm artifact restarts authority pending before transport on bfcache under CSP[2m (705ms)[22m
  [32m✓[39m  [2m227 [22m[firefox] › e2e/async-artifacts.spec.ts:317:3 › production async esm artifact reacquires fresh initial authority after pre-ACK bfcache under CSP[2m (216ms)[22m
  [32m✓[39m  [2m228 [22m[firefox] › e2e/async-artifacts.spec.ts:368:3 › production async esm artifact authenticates exact membership and restores lifecycle under CSP[2m (214ms)[22m
  [32m✓[39m  [2m229 [22m[firefox] › e2e/async-artifacts.spec.ts:270:3 › production async classic artifact restarts authority pending before transport on bfcache under CSP[2m (205ms)[22m
  [32m✓[39m  [2m230 [22m[firefox] › e2e/async-artifacts.spec.ts:317:3 › production async classic artifact reacquires fresh initial authority after pre-ACK bfcache under CSP[2m (194ms)[22m
  [32m✓[39m  [2m231 [22m[firefox] › e2e/async-artifacts.spec.ts:368:3 › production async classic artifact authenticates exact membership and restores lifecycle under CSP[2m (201ms)[22m
  [32m✓[39m  [2m232 [22m[firefox] › e2e/async-updates.spec.ts:57:1 › ordinary HTTP Live actions remain available without the optional async artifact[2m (224ms)[22m
  [32m✓[39m  [2m233 [22m[firefox] › e2e/async-updates.spec.ts:74:1 › ordinary HTTP Live actions remain available when the async driver is incompatible[2m (222ms)[22m
  [32m✓[39m  [2m234 [22m[firefox] › e2e/bfcache.spec.ts:31:1 › persisted hide, freeze, pageshow, and resume restore once without duplicate boot[2m (179ms)[22m
  [32m✓[39m  [2m235 [22m[firefox] › e2e/bfcache.spec.ts:64:1 › restore rejects changed asset identity while retaining visible SSR HTML[2m (173ms)[22m
  [32m✓[39m  [2m236 [22m[firefox] › e2e/bfcache.spec.ts:84:1 › restore rejects changed runtime contract while retaining visible SSR HTML[2m (661ms)[22m
  [32m✓[39m  [2m237 [22m[firefox] › e2e/bfcache.spec.ts:103:1 › restore rejects changed protocol range while retaining visible SSR HTML[2m (176ms)[22m
  [32m✓[39m  [2m238 [22m[firefox] › e2e/bfcache.spec.ts:122:1 › restore rejects incompatible island metadata while retaining visible SSR HTML[2m (183ms)[22m
  [32m✓[39m  [2m239 [22m[firefox] › e2e/bfcache.spec.ts:136:1 › native Back and Forward keep one usable runtime whether restored or replaced[2m (255ms)[22m
  [32m✓[39m  [2m240 [22m[firefox] › e2e/bfcache.spec.ts:156:1 › non-persisted pagehide disposes behavior without an unload dependency[2m (164ms)[22m
  [32m✓[39m  [2m241 [22m[firefox] › e2e/bootstrap.spec.ts:59:1 › SSR content is visible before startup and a valid instanced island connects[2m (179ms)[22m
  [32m✓[39m  [2m242 [22m[firefox] › e2e/bootstrap.spec.ts:71:1 › core-only boot stays operational when optional feature artifacts are absent[2m (172ms)[22m
  [32m✓[39m  [2m243 [22m[firefox] › e2e/bootstrap.spec.ts:102:1 › a feature driver cannot resurrect startup after stopping core during event 0[2m (162ms)[22m
  [32m✓[39m  [2m244 [22m[firefox] › e2e/bootstrap.spec.ts:132:1 › a feature driver cannot continue island startup after stopping core during event 1[2m (148ms)[22m
  [32m✓[39m  [2m245 [22m[firefox] › e2e/bootstrap.spec.ts:162:1 › retained feature island ports stay inert after document disposal[2m (181ms)[22m
  [32m✓[39m  [2m246 [22m[firefox] › e2e/bootstrap.spec.ts:213:1 › a public seed connects without an eager endpoint request[2m (673ms)[22m
  [32m✓[39m  [2m247 [22m[firefox] › e2e/bootstrap.spec.ts:224:1 › malformed and incompatible roots stay visible but disconnected[2m (276ms)[22m
  [32m✓[39m  [2m248 [22m[firefox] › e2e/bootstrap.spec.ts:239:1 › document-local duplicate roots connect once in deterministic order[2m (158ms)[22m
  [32m✓[39m  [2m249 [22m[firefox] › e2e/bootstrap.spec.ts:246:1 › nested valid roots connect as independent records[2m (175ms)[22m
  [32m✓[39m  [2m250 [22m[firefox] › e2e/bootstrap.spec.ts:253:1 › runtime disposal is idempotent and retires the connected record[2m (165ms)[22m
  [32m✓[39m  [2m251 [22m[firefox] › e2e/bootstrap.spec.ts:273:1 › classic and ESM loading share one runtime and one connection[2m (168ms)[22m
  [32m✓[39m  [2m252 [22m[firefox] › e2e/bootstrap.spec.ts:304:1 › dynamic insertion uses normal discovery and removal disposes exactly once[2m (145ms)[22m
  [32m✓[39m  [2m253 [22m[firefox] › e2e/compatibility.spec.ts:13:3 › cspModuleNonce boots only external checked assets[2m (169ms)[22m
  [32m✓[39m  [2m254 [22m[firefox] › e2e/compatibility.spec.ts:13:3 › cspModuleHash boots only external checked assets[2m (162ms)[22m
  [32m✓[39m  [2m255 [22m[firefox] › e2e/compatibility.spec.ts:13:3 › cspClassicNonce boots only external checked assets[2m (156ms)[22m
  [32m✓[39m  [2m256 [22m[firefox] › e2e/compatibility.spec.ts:13:3 › cspClassicHash boots only external checked assets[2m (663ms)[22m
  [32m✓[39m  [2m257 [22m[firefox] › e2e/compatibility.spec.ts:21:1 › production artifacts contain no runtime code generation or dynamic module URL[2m (3ms)[22m
  [32m✓[39m  [2m258 [22m[firefox] › e2e/compatibility.spec.ts:32:1 › published declarations include the suspended lifecycle state[2m (0ms)[22m
  [32m✓[39m  [2m259 [22m[firefox] › e2e/csp.spec.ts:6:3 › cspNonce permits external runtime startup[2m (169ms)[22m
  [32m✓[39m  [2m260 [22m[firefox] › e2e/csp.spec.ts:6:3 › cspHash permits external runtime startup[2m (161ms)[22m
  [32m✓[39m  [2m261 [22m[firefox] › e2e/csp.spec.ts:13:1 › blocked runtime leaves initial SSR content exposed[2m (146ms)[22m
  [32m✓[39m  [2m262 [22m[firefox] › e2e/directives.spec.ts:5:1 › delegated actions preserve native behavior and apply validated modifiers once[2m (314ms)[22m
  [32m✓[39m  [2m263 [22m[firefox] › e2e/document-transitions.spec.ts:3:1 › checked cross-document names enhance navigation without changing its semantics[2m (273ms)[22m
  [32m✓[39m  [2m264 [22m[firefox] › e2e/document-transitions.spec.ts:27:1 › reduced motion, unsupported support, and capture failure fall back identically[2m (482ms)[22m
  [32m✓[39m  [2m265 [22m[firefox] › e2e/document-transitions.spec.ts:44:1 › transition cancellation through the dirty guard keeps the old document interactive[2m (254ms)[22m
  [32m✓[39m  [2m266 [22m[firefox] › e2e/effects.spec.ts:5:1 › registered effects and public calls remain bounded to declared island ownership[2m (192ms)[22m
  [32m✓[39m  [2m267 [22m[firefox] › e2e/feedback.spec.ts:6:1 › feedback targets reflect authoritative work and remain keyboard safe[2m (969ms)[22m
  [32m✓[39m  [2m268 [22m[firefox] › e2e/focus-and-forms.spec.ts:6:1 › keyed morphs preserve focus, dirty controls, files, and scoped scroll while explicit correction wins[2m (946ms)[22m
  [32m✓[39m  [2m269 [22m[firefox] › e2e/focus-and-forms.spec.ts:105:1 › post-morph focus restoration retains continuity through reconciliation[2m (228ms)[22m
  [32m✓[39m  [2m270 [22m[firefox] › e2e/framework-bootstrap.spec.ts:49:1 › SSR content is visible and every island connects through the ESM strategy[2m (188ms)[22m
  [32m✓[39m  [2m271 [22m[firefox] › e2e/framework-bootstrap.spec.ts:81:1 › the classic strategy connects the same islands with deferred scripts[2m (173ms)[22m
  [32m✓[39m  [2m272 [22m[firefox] › e2e/framework-bootstrap.spec.ts:101:1 › a core-only document loads no optional role[2m (167ms)[22m
  [32m✓[39m  [2m273 [22m[firefox] › e2e/framework-bootstrap.spec.ts:113:1 › the optional Stimulus bridge loads on request without starting a second runtime[2m (165ms)[22m
  [32m✓[39m  [2m274 [22m[firefox] › e2e/framework-bootstrap.spec.ts:127:1 › duplicate bootstrap tags do not connect islands twice[2m (171ms)[22m
  [32m✓[39m  [2m275 [22m[firefox] › e2e/framework-bootstrap.spec.ts:143:1 › an incompatible optional feature fails only its role[2m (177ms)[22m
  [32m✓[39m  [2m276 [22m[firefox] › e2e/framework-bootstrap.spec.ts:154:1 › an integrity failure leaves the SSR content intact and the runtime unstarted[2m (628ms)[22m
  [32m✓[39m  [2m277 [22m[firefox] › e2e/framework-bootstrap.spec.ts:165:1 › a strict self-only Content Security Policy permits startup[2m (189ms)[22m
  [32m✓[39m  [2m278 [22m[firefox] › e2e/framework-bootstrap.spec.ts:178:1 › artifacts are immutable, validated, and exactly the reviewed bytes[2m (644ms)[22m
  [32m✓[39m  [2m279 [22m[firefox] › e2e/full-flow.spec.ts:27:1 › the browser conformance matrix keeps every reviewed capability traceable[2m (0ms)[22m
  [32m✓[39m  [2m280 [22m[firefox] › e2e/full-flow.spec.ts:32:1 › local state, model capture, server action, URL reflection, and native navigation compose[2m (385ms)[22m
  [32m✓[39m  [2m281 [22m[firefox] › e2e/hostile-dom.spec.ts:10:3 › hostileMalformedUtf8 retains accepted DOM and bounded authority[2m (223ms)[22m
  [32m✓[39m  [2m282 [22m[firefox] › e2e/hostile-dom.spec.ts:10:3 › hostileHugeJson retains accepted DOM and bounded authority[2m (227ms)[22m
  [32m✓[39m  [2m283 [22m[firefox] › e2e/hostile-dom.spec.ts:10:3 › hostilePrototypeKey retains accepted DOM and bounded authority[2m (219ms)[22m
  [32m✓[39m  [2m284 [22m[firefox] › e2e/hostile-dom.spec.ts:27:3 › hostileExtremeMorph fails preflight without partial mutation or replay[2m (246ms)[22m
  [32m✓[39m  [2m285 [22m[firefox] › e2e/hostile-dom.spec.ts:27:3 › hostileDuplicateIdentity fails preflight without partial mutation or replay[2m (218ms)[22m
  [32m✓[39m  [2m286 [22m[firefox] › e2e/hostile-dom.spec.ts:38:1 › extreme initial depth, count, attributes, and text stop at one visible closed outcome[2m (472ms)[22m
  [32m✓[39m  [2m287 [22m[firefox] › e2e/hostile-dom.spec.ts:54:1 › returned scripts and event handlers never execute or partially mutate accepted DOM[2m (251ms)[22m
  [32m✓[39m  [2m288 [22m[firefox] › e2e/hostile-dom.spec.ts:64:1 › third-party mutation, shadow ownership, and duplicate roots stay bounded[2m (307ms)[22m
  [32m✓[39m  [2m289 [22m[firefox] › e2e/hostile-dom.spec.ts:100:1 › throwing getters and proxies at public APIs reject without stopping the runtime[2m (715ms)[22m
  [32m✓[39m  [2m290 [22m[firefox] › e2e/ime-and-selection.spec.ts:5:1 › text and contenteditable selection survive an active IME morph[2m (211ms)[22m
  [32m✓[39m  [2m291 [22m[firefox] › e2e/iteration-004-accessibility.spec.ts:70:3 › esm upload and async feedback remains accessible under strict CSP[2m (450ms)[22m
  [32m✓[39m  [2m292 [22m[firefox] › e2e/iteration-004-accessibility.spec.ts:70:3 › classic upload and async feedback remains accessible under strict CSP[2m (536ms)[22m
  [32m✓[39m  [2m293 [22m[firefox] › e2e/iteration-004-accessibility.spec.ts:131:3 › esm upload cancel retry and remove are keyboard operable with stable focus[2m (491ms)[22m
  [32m✓[39m  [2m294 [22m[firefox] › e2e/iteration-004-accessibility.spec.ts:199:3 › esm multi-chunk progress coalesces numeric live announcements on a controlled clock[2m (683ms)[22m
  [32m✓[39m  [2m295 [22m[firefox] › e2e/iteration-004-accessibility.spec.ts:131:3 › classic upload cancel retry and remove are keyboard operable with stable focus[2m (343ms)[22m
  [32m✓[39m  [2m296 [22m[firefox] › e2e/iteration-004-accessibility.spec.ts:199:3 › classic multi-chunk progress coalesces numeric live announcements on a controlled clock[2m (661ms)[22m
  [32m✓[39m  [2m297 [22m[firefox] › e2e/iteration-004-accessibility.spec.ts:251:3 › esm Rust upload rejection exposes its associated alert and keyboard retry focus[2m (294ms)[22m
  [32m✓[39m  [2m298 [22m[firefox] › e2e/iteration-004-accessibility.spec.ts:251:3 › classic Rust upload rejection exposes its associated alert and keyboard retry focus[2m (282ms)[22m
  [32m✓[39m  [2m299 [22m[firefox] › e2e/iteration-004-accessibility.spec.ts:298:7 › esm upload missing artifact preserves native controls and focus[2m (829ms)[22m
  [32m✓[39m  [2m300 [22m[firefox] › e2e/iteration-004-accessibility.spec.ts:298:7 › esm async missing artifact preserves native controls and focus[2m (314ms)[22m
  [32m✓[39m  [2m301 [22m[firefox] › e2e/iteration-004-accessibility.spec.ts:298:7 › classic upload missing artifact preserves native controls and focus[2m (296ms)[22m
  [32m✓[39m  [2m302 [22m[firefox] › e2e/iteration-004-accessibility.spec.ts:298:7 › classic async missing artifact preserves native controls and focus[2m (394ms)[22m
  [32m✓[39m  [2m303 [22m[firefox] › e2e/iteration-004-accessibility.spec.ts:298:7 › esm upload incompatible artifact preserves native controls and focus[2m (307ms)[22m
  [32m✓[39m  [2m304 [22m[firefox] › e2e/iteration-004-accessibility.spec.ts:298:7 › esm async incompatible artifact preserves native controls and focus[2m (401ms)[22m
  [32m✓[39m  [2m305 [22m[firefox] › e2e/iteration-004-accessibility.spec.ts:298:7 › classic upload incompatible artifact preserves native controls and focus[2m (297ms)[22m
  [32m✓[39m  [2m306 [22m[firefox] › e2e/iteration-004-accessibility.spec.ts:298:7 › classic async incompatible artifact preserves native controls and focus[2m (408ms)[22m
  [32m✓[39m  [2m307 [22m[firefox] › e2e/iteration-004-adversarial.spec.ts:308:1 › hostile upload authority and chunk shapes fail closed without poisoning ordinary actions[2m (276ms)[22m
  [32m✓[39m  [2m308 [22m[firefox] › e2e/iteration-004-adversarial.spec.ts:442:3 › esm production upload runtime keeps every hostile grant secret and retryable[2m (4.9s)[22m
  [32m✓[39m  [2m309 [22m[firefox] › e2e/iteration-004-adversarial.spec.ts:442:3 › classic production upload runtime keeps every hostile grant secret and retryable[2m (4.8s)[22m
  [32m✓[39m  [2m310 [22m[firefox] › e2e/iteration-004-adversarial.spec.ts:555:3 › esm runtime observes the real scanner timeout and leaves ordinary Live usable[2m (271ms)[22m
  [32m✓[39m  [2m311 [22m[firefox] › e2e/iteration-004-adversarial.spec.ts:555:3 › classic runtime observes the real scanner timeout and leaves ordinary Live usable[2m (249ms)[22m
  [32m✓[39m  [2m312 [22m[firefox] › e2e/iteration-004-adversarial.spec.ts:592:3 › esm runtime rejects a hostile media header through real validation[2m (264ms)[22m
  [32m✓[39m  [2m313 [22m[firefox] › e2e/iteration-004-adversarial.spec.ts:592:3 › classic runtime rejects a hostile media header through real validation[2m (265ms)[22m
  [32m✓[39m  [2m314 [22m[firefox] › e2e/iteration-004-adversarial.spec.ts:616:3 › esm runtime preserves the real idempotent completion outcome[2m (247ms)[22m
  [32m✓[39m  [2m315 [22m[firefox] › e2e/iteration-004-adversarial.spec.ts:616:3 › classic runtime preserves the real idempotent completion outcome[2m (249ms)[22m
  [32m✓[39m  [2m316 [22m[firefox] › e2e/iteration-004-adversarial.spec.ts:643:3 › esm runtime observes provider compensation and real finalizer recovery[2m (277ms)[22m
  [32m✓[39m  [2m317 [22m[firefox] › e2e/iteration-004-adversarial.spec.ts:643:3 › classic runtime observes provider compensation and real finalizer recovery[2m (276ms)[22m
  [32m✓[39m  [2m318 [22m[firefox] › e2e/iteration-004-adversarial.spec.ts:690:5 › esm runtime observes real reordered-message authority and bounded recovery[2m (290ms)[22m
  [32m✓[39m  [2m319 [22m[firefox] › e2e/iteration-004-adversarial.spec.ts:690:5 › esm runtime observes real replay-overflow authority and bounded recovery[2m (853ms)[22m
  [32m✓[39m  [2m320 [22m[firefox] › e2e/iteration-004-adversarial.spec.ts:690:5 › esm runtime observes real revoked-authorization authority and bounded recovery[2m (260ms)[22m
  [32m✓[39m  [2m321 [22m[firefox] › e2e/iteration-004-adversarial.spec.ts:690:5 › esm runtime observes real fanout-pressure authority and bounded recovery[2m (412ms)[22m
  [32m✓[39m  [2m322 [22m[firefox] › e2e/iteration-004-adversarial.spec.ts:690:5 › classic runtime observes real reordered-message authority and bounded recovery[2m (248ms)[22m
  [32m✓[39m  [2m323 [22m[firefox] › e2e/iteration-004-adversarial.spec.ts:690:5 › classic runtime observes real replay-overflow authority and bounded recovery[2m (277ms)[22m
  [32m✓[39m  [2m324 [22m[firefox] › e2e/iteration-004-adversarial.spec.ts:690:5 › classic runtime observes real revoked-authorization authority and bounded recovery[2m (212ms)[22m
  [32m✓[39m  [2m325 [22m[firefox] › e2e/iteration-004-adversarial.spec.ts:690:5 › classic runtime observes real fanout-pressure authority and bounded recovery[2m (388ms)[22m
  [32m✓[39m  [2m326 [22m[firefox] › e2e/iteration-004-adversarial.spec.ts:795:5 › esm runtime receives typed oversized-message closure from the real WebSocket host[2m (409ms)[22m
  [32m✓[39m  [2m327 [22m[firefox] › e2e/iteration-004-adversarial.spec.ts:795:5 › esm runtime receives typed truncated-message closure from the real WebSocket host[2m (427ms)[22m
  [32m✓[39m  [2m328 [22m[firefox] › e2e/iteration-004-adversarial.spec.ts:795:5 › classic runtime receives typed oversized-message closure from the real WebSocket host[2m (383ms)[22m
  [32m✓[39m  [2m329 [22m[firefox] › e2e/iteration-004-adversarial.spec.ts:795:5 › classic runtime receives typed truncated-message closure from the real WebSocket host[2m (950ms)[22m
  [32m✓[39m  [2m330 [22m[firefox] › e2e/iteration-004-adversarial.spec.ts:843:5 › esm runtime observes actual concurrent cancel-finalize-cancel-wins[2m (258ms)[22m
  [32m✓[39m  [2m331 [22m[firefox] › e2e/iteration-004-adversarial.spec.ts:843:5 › esm runtime observes actual concurrent cancel-finalize-finalize-wins[2m (248ms)[22m
  [32m✓[39m  [2m332 [22m[firefox] › e2e/iteration-004-adversarial.spec.ts:843:5 › esm runtime observes actual concurrent expire-finalize-expire-wins[2m (253ms)[22m
  [32m✓[39m  [2m333 [22m[firefox] › e2e/iteration-004-adversarial.spec.ts:843:5 › esm runtime observes actual concurrent expire-finalize-finalize-wins[2m (250ms)[22m
  [32m✓[39m  [2m334 [22m[firefox] › e2e/iteration-004-adversarial.spec.ts:843:5 › classic runtime observes actual concurrent cancel-finalize-cancel-wins[2m (232ms)[22m
  [32m✓[39m  [2m335 [22m[firefox] › e2e/iteration-004-adversarial.spec.ts:843:5 › classic runtime observes actual concurrent cancel-finalize-finalize-wins[2m (244ms)[22m
  [32m✓[39m  [2m336 [22m[firefox] › e2e/iteration-004-adversarial.spec.ts:843:5 › classic runtime observes actual concurrent expire-finalize-expire-wins[2m (239ms)[22m
  [32m✓[39m  [2m337 [22m[firefox] › e2e/iteration-004-adversarial.spec.ts:843:5 › classic runtime observes actual concurrent expire-finalize-finalize-wins[2m (232ms)[22m
  [32m✓[39m  [2m338 [22m[firefox] › e2e/iteration-004-adversarial.spec.ts:882:3 › esm runtime retirement ignores one actual late envelope and drains its owners[2m (331ms)[22m
  [32m✓[39m  [2m339 [22m[firefox] › e2e/iteration-004-adversarial.spec.ts:907:3 › esm incompatible async feature closes only its dependent surface[2m (771ms)[22m
  [32m✓[39m  [2m340 [22m[firefox] › e2e/iteration-004-adversarial.spec.ts:936:3 › esm upload-scope exhaustion is exact while unrelated Live remains usable[2m (498ms)[22m
  [32m✓[39m  [2m341 [22m[firefox] › e2e/iteration-004-adversarial.spec.ts:882:3 › classic runtime retirement ignores one actual late envelope and drains its owners[2m (319ms)[22m
  [32m✓[39m  [2m342 [22m[firefox] › e2e/iteration-004-adversarial.spec.ts:907:3 › classic incompatible async feature closes only its dependent surface[2m (233ms)[22m
  [32m✓[39m  [2m343 [22m[firefox] › e2e/iteration-004-adversarial.spec.ts:936:3 › classic upload-scope exhaustion is exact while unrelated Live remains usable[2m (401ms)[22m
  [32m✓[39m  [2m344 [22m[firefox] › e2e/iteration-004-adversarial.spec.ts:961:1 › every hostile Origin rejects before browser session authority or transport allocation[2m (188ms)[22m
  [32m✓[39m  [2m345 [22m[firefox] › e2e/iteration-004-adversarial.spec.ts:1045:1 › reconnect storms retire each transport while one document transport and ordinary actions survive[2m (495ms)[22m
  [32m✓[39m  [2m346 [22m[firefox] › e2e/iteration-004-integration.spec.ts:208:5 › esm core composes only the requested production artifacts[2m (203ms)[22m
  [32m✓[39m  [2m347 [22m[firefox] › e2e/iteration-004-integration.spec.ts:208:5 › esm uploads composes only the requested production artifacts[2m (270ms)[22m
  [32m✓[39m  [2m348 [22m[firefox] › e2e/iteration-004-integration.spec.ts:208:5 › esm async composes only the requested production artifacts[2m (238ms)[22m
  [32m✓[39m  [2m349 [22m[firefox] › e2e/iteration-004-integration.spec.ts:208:5 › esm both composes only the requested production artifacts[2m (780ms)[22m
  [32m✓[39m  [2m350 [22m[firefox] › e2e/iteration-004-integration.spec.ts:208:5 › classic core composes only the requested production artifacts[2m (220ms)[22m
  [32m✓[39m  [2m351 [22m[firefox] › e2e/iteration-004-integration.spec.ts:208:5 › classic uploads composes only the requested production artifacts[2m (264ms)[22m
  [32m✓[39m  [2m352 [22m[firefox] › e2e/iteration-004-integration.spec.ts:208:5 › classic async composes only the requested production artifacts[2m (210ms)[22m
  [32m✓[39m  [2m353 [22m[firefox] › e2e/iteration-004-integration.spec.ts:208:5 › classic both composes only the requested production artifacts[2m (251ms)[22m
  [32m✓[39m  [2m354 [22m[firefox] › e2e/iteration-004-integration.spec.ts:287:7 › esm uploads missing leaves the other optional feature operational[2m (292ms)[22m
  [32m✓[39m  [2m355 [22m[firefox] › e2e/iteration-004-integration.spec.ts:287:7 › esm uploads incompatible leaves the other optional feature operational[2m (288ms)[22m
  [32m✓[39m  [2m356 [22m[firefox] › e2e/iteration-004-integration.spec.ts:287:7 › esm async missing leaves the other optional feature operational[2m (327ms)[22m
  [32m✓[39m  [2m357 [22m[firefox] › e2e/iteration-004-integration.spec.ts:287:7 › esm async incompatible leaves the other optional feature operational[2m (315ms)[22m
  [32m✓[39m  [2m358 [22m[firefox] › e2e/iteration-004-integration.spec.ts:287:7 › classic uploads missing leaves the other optional feature operational[2m (313ms)[22m
  [32m✓[39m  [2m359 [22m[firefox] › e2e/iteration-004-integration.spec.ts:287:7 › classic uploads incompatible leaves the other optional feature operational[2m (971ms)[22m
  [32m✓[39m  [2m360 [22m[firefox] › e2e/iteration-004-integration.spec.ts:287:7 › classic async missing leaves the other optional feature operational[2m (405ms)[22m
  [32m✓[39m  [2m361 [22m[firefox] › e2e/iteration-004-integration.spec.ts:287:7 › classic async incompatible leaves the other optional feature operational[2m (307ms)[22m
  [32m✓[39m  [2m362 [22m[firefox] › e2e/iteration-004-integration.spec.ts:385:1 › the both-feature page transfers one native file beside one current logical stream[2m (282ms)[22m
  [32m✓[39m  [2m363 [22m[firefox] › e2e/iteration-004-integration.spec.ts:433:1 › the real direct provider stores, reports, verifies, completes, and finalizes[2m (213ms)[22m
  [32m✓[39m  [2m364 [22m[firefox] › e2e/iteration-004-integration.spec.ts:581:1 › a registered ordinary action commits during an active upload and an async outage[2m (274ms)[22m
  [32m✓[39m  [2m365 [22m[firefox] › e2e/iteration-004-integration.spec.ts:624:1 › two islands share one physical SSE transport and removing one membership keeps it open[2m (284ms)[22m
  [32m✓[39m  [2m366 [22m[firefox] › e2e/iteration-004-integration.spec.ts:647:1 › production WebSocket and Rust polling routes remain physical and ordinary navigation remains HTTP[2m (428ms)[22m
  [32m✓[39m  [2m367 [22m[firefox] › e2e/iteration-004-integration.spec.ts:725:3 › a production fresh render preserves the active upload boundary with exact cleanup[2m (386ms)[22m
  [32m✓[39m  [2m368 [22m[firefox] › e2e/iteration-004-integration.spec.ts:725:3 › a production fresh render replaces the active upload boundary with exact cleanup[2m (314ms)[22m
  [32m✓[39m  [2m369 [22m[firefox] › e2e/leaks.spec.ts:10:1 › repeated suspend and restore cycles return observed resources to baseline[2m (1.2s)[22m
  [32m✓[39m  [2m370 [22m[firefox] › e2e/leaks.spec.ts:55:1 › repeated accepted morphs return observed resources to baseline[2m (780ms)[22m
  [32m✓[39m  [2m371 [22m[firefox] › e2e/leaks.spec.ts:69:1 › connect, replace, and remove leave no retired callback authority[2m (151ms)[22m
  [32m✓[39m  [2m372 [22m[firefox] › e2e/local-signals.spec.ts:6:1 › local signals update accessible presentation without a server request[2m (340ms)[22m
  [32m✓[39m  [2m373 [22m[firefox] › e2e/local-signals.spec.ts:51:1 › third-party attribute mutation and reinsertion cannot create local directive authority[2m (182ms)[22m
  [32m✓[39m  [2m374 [22m[firefox] › e2e/models-and-forms.spec.ts:5:1 › immediate and debounced models enter only their owning island scheduler[2m (537ms)[22m
  [32m✓[39m  [2m375 [22m[firefox] › e2e/models-and-forms.spec.ts:27:1 › submit samples controls once, preserves reset semantics, and excludes files and disabled controls[2m (525ms)[22m
  [32m✓[39m  [2m376 [22m[firefox] › e2e/models-and-forms.spec.ts:55:1 › a nested island model cannot consume its parent scheduler capacity[2m (225ms)[22m
  [32m✓[39m  [2m377 [22m[firefox] › e2e/morph-identity.spec.ts:5:1 › Live keys move existing identity while rekeys replace and nested islands stay opaque[2m (224ms)[22m
  [32m✓[39m  [2m378 [22m[firefox] › e2e/morph-identity.spec.ts:56:1 › prohibited response markup never mutates DOM or commits before fresh-render recovery[2m (221ms)[22m
  [32m✓[39m  [2m379 [22m[firefox] › e2e/multiple-islands.spec.ts:5:1 › one saturated island cannot block another island scheduler[2m (1.4s)[22m
  [32m✓[39m  [2m380 [22m[firefox] › e2e/navigation.spec.ts:3:1 › anchors, redirects, refresh, fragments, errors, and Back/Forward remain complete navigation[2m (851ms)[22m
  [32m✓[39m  [2m381 [22m[firefox] › e2e/navigation.spec.ts:40:1 › GET/POST forms and modifier/new-tab/download semantics stay native[2m (553ms)[22m
  [32m✓[39m  [2m382 [22m[firefox] › e2e/navigation.spec.ts:67:1 › dirty guard offers stay with focus return and a guaranteed leave path[2m (371ms)[22m
  [32m✓[39m  [2m383 [22m[firefox] › e2e/navigation.spec.ts:86:1 › prefetch emits only an eligible native resource and never installs its body[2m (176ms)[22m
  [32m✓[39m  [2m384 [22m[firefox] › e2e/nested-islands.spec.ts:5:1 › nested ownership and shadow boundaries stay local[2m (183ms)[22m
  [32m✓[39m  [2m385 [22m[firefox] › e2e/network.spec.ts:13:1 › instanced actions send the canonical bounded Live envelope[2m (225ms)[22m
  [32m✓[39m  [2m386 [22m[firefox] › e2e/network.spec.ts:35:1 › safe retry preserves exact bytes and immutable identity[2m (560ms)[22m
  [32m✓[39m  [2m387 [22m[firefox] › e2e/network.spec.ts:46:1 › seed promotion inserts one intent-owned nonce[2m (225ms)[22m
  [32m✓[39m  [2m388 [22m[firefox] › e2e/performance.spec.ts:19:1 › canonical browser workloads remain executable without changing engine claims[2m (14ms)[22m
  [32m✓[39m  [2m389 [22m[firefox] › e2e/preservation.spec.ts:6:1 › morph controls preserve their distinct identities and lifecycle across repeated updates[2m (983ms)[22m
  [32m✓[39m  [2m390 [22m[firefox] › e2e/preservation.spec.ts:104:1 › a target added after boot cannot acquire teleport authority[2m (235ms)[22m
  [32m-[39m  [2m391 [22m[36m[firefox] › e2e/reference-fresh-render.spec.ts:5:1 › production browser eligibility commits the Rust fresh-render successor[39m
  [32m✓[39m  [2m392 [22m[firefox] › e2e/registered-event-authority.spec.ts:390:3 › core rejects a registered event when its factory mutates source authority: foreign_document[2m (164ms)[22m
  [32m✓[39m  [2m393 [22m[firefox] › e2e/registered-event-authority.spec.ts:390:3 › core rejects a registered event when its factory mutates source authority: foreign_island[2m (161ms)[22m
  [32m✓[39m  [2m394 [22m[firefox] › e2e/registered-event-authority.spec.ts:390:3 › core rejects a registered event when its factory mutates source authority: reregister[2m (164ms)[22m
  [32m✓[39m  [2m395 [22m[firefox] › e2e/registered-event-authority.spec.ts:390:3 › core rejects a registered event when its factory mutates source authority: scope[2m (163ms)[22m
  [32m✓[39m  [2m396 [22m[firefox] › e2e/registered-event-authority.spec.ts:408:3 › core rejects a named target whose event factory mutates target authority: foreign_document[2m (168ms)[22m
  [32m✓[39m  [2m397 [22m[firefox] › e2e/registered-event-authority.spec.ts:408:3 › core rejects a named target whose event factory mutates target authority: scope[2m (160ms)[22m
  [32m✓[39m  [2m398 [22m[firefox] › e2e/registered-event-authority.spec.ts:424:3 › core rejects a parent target whose event factory mutates island metadata[2m (171ms)[22m
  [32m✓[39m  [2m399 [22m[firefox] › e2e/registered-event-authority.spec.ts:424:3 › core rejects a child target whose event factory mutates island metadata[2m (676ms)[22m
  [32m✓[39m  [2m400 [22m[firefox] › e2e/registered-event-authority.spec.ts:440:3 › core reports partial fanout when an earlier listener mutates a later named target: foreign_document[2m (196ms)[22m
  [32m✓[39m  [2m401 [22m[firefox] › e2e/registered-event-authority.spec.ts:440:3 › core reports partial fanout when an earlier listener mutates a later named target: foreign_island[2m (170ms)[22m
  [32m✓[39m  [2m402 [22m[firefox] › e2e/resource-lifecycle.spec.ts:14:1 › restoration and duplicate artifact execution do not multiply lifecycle listeners[2m (145ms)[22m
  [32m✓[39m  [2m403 [22m[firefox] › e2e/resource-lifecycle.spec.ts:92:1 › an old-epoch transport response cannot mutate the restored document[2m (482ms)[22m
  [32m✓[39m  [2m404 [22m[firefox] › e2e/resource-lifecycle.spec.ts:119:1 › beforeunload exists only while an explicit dirty-work guard is active[2m (220ms)[22m
  [32m✓[39m  [2m405 [22m[firefox] › e2e/resource-lifecycle.spec.ts:163:1 › a model debounce scheduled before persisted hide cannot fire while suspended[2m (185ms)[22m
  [32m✓[39m  [2m406 [22m[firefox] › e2e/resource-lifecycle.spec.ts:182:1 › an old-epoch transition is rejected before one fresh render recovers the island[2m (326ms)[22m
  [32m✓[39m  [2m407 [22m[firefox] › e2e/response-order.spec.ts:4:3 › responseRedirect navigates before any in-page response effect[2m (220ms)[22m
  [32m✓[39m  [2m408 [22m[firefox] › e2e/response-order.spec.ts:4:3 › responseNavigated navigates before any in-page response effect[2m (233ms)[22m
  [32m✓[39m  [2m409 [22m[firefox] › e2e/response-order.spec.ts:29:1 › committed HTML applies the complete post-morph order[2m (726ms)[22m
  [32m✓[39m  [2m410 [22m[firefox] › e2e/response-order.spec.ts:49:1 › no-render commits successor authority without replacing content[2m (238ms)[22m
  [32m✓[39m  [2m411 [22m[firefox] › e2e/seed-and-lazy.spec.ts:6:3 › seedAction promotes only when transport identity is available[2m (276ms)[22m
  [32m✓[39m  [2m412 [22m[firefox] › e2e/seed-and-lazy.spec.ts:6:3 › seedActionNoCrypto promotes only when transport identity is available[2m (177ms)[22m
  [32m✓[39m  [2m413 [22m[firefox] › e2e/seed-and-lazy.spec.ts:28:1 › repeated lazy discovery remains connected and makes no eager request[2m (168ms)[22m
  [32m✓[39m  [2m414 [22m[firefox] › e2e/signals-and-controllers.spec.ts:5:1 › signal and Stimulus identity preserve, insert, remove, and reset exactly once[2m (365ms)[22m
  [32m✓[39m  [2m415 [22m[firefox] › e2e/stimulus.spec.ts:5:1 › the optional bridge preserves standard Stimulus lifecycle without bundling it[2m (196ms)[22m
  [32m✓[39m  [2m416 [22m[firefox] › e2e/transitions-and-recovery.spec.ts:10:1 › enter, leave, move, and state transitions settle before accepted authority commits[2m (405ms)[22m
  [32m✓[39m  [2m417 [22m[firefox] › e2e/transitions-and-recovery.spec.ts:34:1 › reduced motion and a missing animation API preserve the same semantic result[2m (329ms)[22m
  [32m✓[39m  [2m418 [22m[firefox] › e2e/transitions-and-recovery.spec.ts:56:1 › a failed fresh render disconnects only its island without replay or document reload[2m (250ms)[22m
  [32m✓[39m  [2m419 [22m[firefox] › e2e/uploads.spec.ts:5:1 › native uploads keep accessible progress across a compatible morph and retire on rekey[2m (1.0s)[22m
  [32m✓[39m  [2m420 [22m[firefox] › e2e/async-lifecycle.spec.ts:126:1 › real async transport exposes bounded semantic feedback without stealing focus[2m (1.4s)[22m
  [32m✓[39m  [2m421 [22m[firefox] › e2e/async-lifecycle.spec.ts:210:1 › server completion exposes a closed status and retires the physical stream[2m (343ms)[22m
  [32m-[39m  [2m422 [22m[36m[firefox] › e2e/async-lifecycle.spec.ts:231:1 › actual bfcache restore reauthorizes and proves continuity before accepting data[39m
  [32m✓[39m  [2m423 [22m[firefox] › e2e/async-lifecycle.spec.ts:294:1 › native controls and local signals remain available beside async updates[2m (839ms)[22m
  [32m✓[39m  [2m424 [22m[firefox] › e2e/async-lifecycle.spec.ts:322:1 › morph replacement and island removal retire async resources exactly once[2m (766ms)[22m
  [32m✓[39m  [2m425 [22m[firefox] › e2e/async-lifecycle.spec.ts:383:1 › document shutdown is idempotent and leaves no async resource authority[2m (679ms)[22m
  [32m-[39m  [2m426 [22m[36m[firefox] › e2e/iteration-004-lifecycle.spec.ts:138:3 › real bfcache restoration retires the old sse generation and reauthorizes from current position[39m
  [32m-[39m  [2m427 [22m[36m[firefox] › e2e/iteration-004-lifecycle.spec.ts:138:3 › real bfcache restoration retires the old websocket generation and reauthorizes from current position[39m
  [32m✓[39m  [2m428 [22m[firefox] › e2e/iteration-004-lifecycle.spec.ts:331:1 › ordinary navigation cancels an active upload and retires every document resource[2m (433ms)[22m
  [32m✓[39m  [2m429 [22m[firefox] › e2e/iteration-004-lifecycle.spec.ts:365:1 › freeze and resume preserve active upload retry authority while shutdown cancels it[2m (1.0s)[22m
  [32m✓[39m  [2m430 [22m[firefox] › e2e/iteration-004-lifecycle.spec.ts:434:1 › offline freshness preserves ordinary interaction and shutdown retires bounded resources[2m (228ms)[22m
  [32m✓[39m  [2m431 [22m[firefox] › e2e/iteration-004-lifecycle.spec.ts:467:1 › a sequence gap activates bounded fallback then replays onto one replacement transport[2m (242ms)[22m
  [32m✓[39m  [2m432 [22m[firefox] › e2e/iteration-004-lifecycle.spec.ts:538:1 › one document-wide reconnect restores two logical islands on one new transport[2m (323ms)[22m
  [32m✓[39m  [2m433 [22m[webkit] › e2e/accessibility.spec.ts:5:1 › local disclosure and tab semantics remain keyboard-operable and accessible[2m (404ms)[22m
  [32m✓[39m  [2m434 [22m[webkit] › e2e/accessibility.spec.ts:27:1 › forms, errors, live feedback, busy state, and inert content expose explicit semantics[2m (236ms)[22m
  [32m✓[39m  [2m435 [22m[webkit] › e2e/accessibility.spec.ts:42:1 › focus recovery, dirty guards, and reduced motion retain their explicit browser semantics[2m (295ms)[22m
  [32m✓[39m  [2m436 [22m[webkit] › e2e/app-dogfood.spec.ts:15:1 › the public page renders server-side and its island connects for an anonymous visitor[2m (173ms)[22m
  [32m✓[39m  [2m437 [22m[webkit] › e2e/app-dogfood.spec.ts:24:1 › a signed-in user runs actions through the production middleware stack[2m (385ms)[22m
  [32m✓[39m  [2m438 [22m[webkit] › e2e/app-dogfood.spec.ts:50:1 › an anonymous visitor promotes the public island and increments it[2m (249ms)[22m
  [32m✓[39m  [2m439 [22m[webkit] › e2e/app-dogfood.spec.ts:63:1 › the activity feed subscribes over the asynchronous transport and refreshes on a published event[2m (588ms)[22m
  [32m✓[39m  [2m440 [22m[webkit] › e2e/app-dogfood.spec.ts:112:1 › the form gallery loads the suprnova-ui base and its vendored assets, and the password reveal upgrades[2m (475ms)[22m
  [32m✓[39m  [2m441 [22m[webkit] › e2e/app-dogfood.spec.ts:166:1 › a document that never added a library component defines no sn- element[2m (201ms)[22m
  [32m✓[39m  [2m442 [22m[webkit] › e2e/async-artifacts.spec.ts:270:3 › production async esm artifact restarts authority pending before transport on bfcache under CSP[2m (202ms)[22m
  [32m✓[39m  [2m443 [22m[webkit] › e2e/async-artifacts.spec.ts:317:3 › production async esm artifact reacquires fresh initial authority after pre-ACK bfcache under CSP[2m (189ms)[22m
  [32m✓[39m  [2m444 [22m[webkit] › e2e/async-artifacts.spec.ts:368:3 › production async esm artifact authenticates exact membership and restores lifecycle under CSP[2m (186ms)[22m
  [32m✓[39m  [2m445 [22m[webkit] › e2e/async-artifacts.spec.ts:270:3 › production async classic artifact restarts authority pending before transport on bfcache under CSP[2m (190ms)[22m
  [32m✓[39m  [2m446 [22m[webkit] › e2e/async-artifacts.spec.ts:317:3 › production async classic artifact reacquires fresh initial authority after pre-ACK bfcache under CSP[2m (186ms)[22m
  [32m✓[39m  [2m447 [22m[webkit] › e2e/async-artifacts.spec.ts:368:3 › production async classic artifact authenticates exact membership and restores lifecycle under CSP[2m (195ms)[22m
  [32m✓[39m  [2m448 [22m[webkit] › e2e/async-updates.spec.ts:57:1 › ordinary HTTP Live actions remain available without the optional async artifact[2m (209ms)[22m
  [32m✓[39m  [2m449 [22m[webkit] › e2e/async-updates.spec.ts:74:1 › ordinary HTTP Live actions remain available when the async driver is incompatible[2m (225ms)[22m
  [32m✓[39m  [2m450 [22m[webkit] › e2e/bfcache.spec.ts:31:1 › persisted hide, freeze, pageshow, and resume restore once without duplicate boot[2m (172ms)[22m
  [32m✓[39m  [2m451 [22m[webkit] › e2e/bfcache.spec.ts:64:1 › restore rejects changed asset identity while retaining visible SSR HTML[2m (174ms)[22m
  [32m✓[39m  [2m452 [22m[webkit] › e2e/bfcache.spec.ts:84:1 › restore rejects changed runtime contract while retaining visible SSR HTML[2m (165ms)[22m
  [32m✓[39m  [2m453 [22m[webkit] › e2e/bfcache.spec.ts:103:1 › restore rejects changed protocol range while retaining visible SSR HTML[2m (173ms)[22m
  [32m✓[39m  [2m454 [22m[webkit] › e2e/bfcache.spec.ts:122:1 › restore rejects incompatible island metadata while retaining visible SSR HTML[2m (182ms)[22m
  [32m✓[39m  [2m455 [22m[webkit] › e2e/bfcache.spec.ts:136:1 › native Back and Forward keep one usable runtime whether restored or replaced[2m (238ms)[22m
  [32m✓[39m  [2m456 [22m[webkit] › e2e/bfcache.spec.ts:156:1 › non-persisted pagehide disposes behavior without an unload dependency[2m (158ms)[22m
  [32m✓[39m  [2m457 [22m[webkit] › e2e/bootstrap.spec.ts:59:1 › SSR content is visible before startup and a valid instanced island connects[2m (174ms)[22m
  [32m✓[39m  [2m458 [22m[webkit] › e2e/bootstrap.spec.ts:71:1 › core-only boot stays operational when optional feature artifacts are absent[2m (183ms)[22m
  [32m✓[39m  [2m459 [22m[webkit] › e2e/bootstrap.spec.ts:102:1 › a feature driver cannot resurrect startup after stopping core during event 0[2m (159ms)[22m
  [32m✓[39m  [2m460 [22m[webkit] › e2e/bootstrap.spec.ts:132:1 › a feature driver cannot continue island startup after stopping core during event 1[2m (155ms)[22m
  [32m✓[39m  [2m461 [22m[webkit] › e2e/bootstrap.spec.ts:162:1 › retained feature island ports stay inert after document disposal[2m (164ms)[22m
  [32m✓[39m  [2m462 [22m[webkit] › e2e/bootstrap.spec.ts:213:1 › a public seed connects without an eager endpoint request[2m (157ms)[22m
  [32m✓[39m  [2m463 [22m[webkit] › e2e/bootstrap.spec.ts:224:1 › malformed and incompatible roots stay visible but disconnected[2m (218ms)[22m
  [32m✓[39m  [2m464 [22m[webkit] › e2e/bootstrap.spec.ts:239:1 › document-local duplicate roots connect once in deterministic order[2m (153ms)[22m
  [32m✓[39m  [2m465 [22m[webkit] › e2e/bootstrap.spec.ts:246:1 › nested valid roots connect as independent records[2m (158ms)[22m
  [32m✓[39m  [2m466 [22m[webkit] › e2e/bootstrap.spec.ts:253:1 › runtime disposal is idempotent and retires the connected record[2m (156ms)[22m
  [32m✓[39m  [2m467 [22m[webkit] › e2e/bootstrap.spec.ts:273:1 › classic and ESM loading share one runtime and one connection[2m (160ms)[22m
  [32m✓[39m  [2m468 [22m[webkit] › e2e/bootstrap.spec.ts:304:1 › dynamic insertion uses normal discovery and removal disposes exactly once[2m (149ms)[22m
  [32m✓[39m  [2m469 [22m[webkit] › e2e/compatibility.spec.ts:13:3 › cspModuleNonce boots only external checked assets[2m (155ms)[22m
  [32m✓[39m  [2m470 [22m[webkit] › e2e/compatibility.spec.ts:13:3 › cspModuleHash boots only external checked assets[2m (156ms)[22m
  [32m✓[39m  [2m471 [22m[webkit] › e2e/compatibility.spec.ts:13:3 › cspClassicNonce boots only external checked assets[2m (153ms)[22m
  [32m✓[39m  [2m472 [22m[webkit] › e2e/compatibility.spec.ts:13:3 › cspClassicHash boots only external checked assets[2m (148ms)[22m
  [32m✓[39m  [2m473 [22m[webkit] › e2e/compatibility.spec.ts:21:1 › production artifacts contain no runtime code generation or dynamic module URL[2m (2ms)[22m
  [32m✓[39m  [2m474 [22m[webkit] › e2e/compatibility.spec.ts:32:1 › published declarations include the suspended lifecycle state[2m (0ms)[22m
  [32m✓[39m  [2m475 [22m[webkit] › e2e/csp.spec.ts:6:3 › cspNonce permits external runtime startup[2m (144ms)[22m
  [32m✓[39m  [2m476 [22m[webkit] › e2e/csp.spec.ts:6:3 › cspHash permits external runtime startup[2m (155ms)[22m
  [32m✓[39m  [2m477 [22m[webkit] › e2e/csp.spec.ts:13:1 › blocked runtime leaves initial SSR content exposed[2m (157ms)[22m
  [32m✓[39m  [2m478 [22m[webkit] › e2e/directives.spec.ts:5:1 › delegated actions preserve native behavior and apply validated modifiers once[2m (268ms)[22m
  [32m✓[39m  [2m479 [22m[webkit] › e2e/document-transitions.spec.ts:3:1 › checked cross-document names enhance navigation without changing its semantics[2m (310ms)[22m
  [32m✓[39m  [2m480 [22m[webkit] › e2e/document-transitions.spec.ts:27:1 › reduced motion, unsupported support, and capture failure fall back identically[2m (498ms)[22m
  [32m✓[39m  [2m481 [22m[webkit] › e2e/document-transitions.spec.ts:44:1 › transition cancellation through the dirty guard keeps the old document interactive[2m (211ms)[22m
  [32m✓[39m  [2m482 [22m[webkit] › e2e/effects.spec.ts:5:1 › registered effects and public calls remain bounded to declared island ownership[2m (181ms)[22m
  [32m✓[39m  [2m483 [22m[webkit] › e2e/feedback.spec.ts:6:1 › feedback targets reflect authoritative work and remain keyboard safe[2m (1.2s)[22m
  [32m✓[39m  [2m484 [22m[webkit] › e2e/focus-and-forms.spec.ts:6:1 › keyed morphs preserve focus, dirty controls, files, and scoped scroll while explicit correction wins[2m (477ms)[22m
  [32m✓[39m  [2m485 [22m[webkit] › e2e/focus-and-forms.spec.ts:105:1 › post-morph focus restoration retains continuity through reconciliation[2m (218ms)[22m
  [32m✓[39m  [2m486 [22m[webkit] › e2e/framework-bootstrap.spec.ts:49:1 › SSR content is visible and every island connects through the ESM strategy[2m (209ms)[22m
  [32m✓[39m  [2m487 [22m[webkit] › e2e/framework-bootstrap.spec.ts:81:1 › the classic strategy connects the same islands with deferred scripts[2m (170ms)[22m
  [32m✓[39m  [2m488 [22m[webkit] › e2e/framework-bootstrap.spec.ts:101:1 › a core-only document loads no optional role[2m (173ms)[22m
  [32m✓[39m  [2m489 [22m[webkit] › e2e/framework-bootstrap.spec.ts:113:1 › the optional Stimulus bridge loads on request without starting a second runtime[2m (161ms)[22m
  [32m✓[39m  [2m490 [22m[webkit] › e2e/framework-bootstrap.spec.ts:127:1 › duplicate bootstrap tags do not connect islands twice[2m (180ms)[22m
  [32m✓[39m  [2m491 [22m[webkit] › e2e/framework-bootstrap.spec.ts:143:1 › an incompatible optional feature fails only its role[2m (168ms)[22m
  [32m✓[39m  [2m492 [22m[webkit] › e2e/framework-bootstrap.spec.ts:154:1 › an integrity failure leaves the SSR content intact and the runtime unstarted[2m (641ms)[22m
  [32m✓[39m  [2m493 [22m[webkit] › e2e/framework-bootstrap.spec.ts:165:1 › a strict self-only Content Security Policy permits startup[2m (192ms)[22m
  [32m✓[39m  [2m494 [22m[webkit] › e2e/framework-bootstrap.spec.ts:178:1 › artifacts are immutable, validated, and exactly the reviewed bytes[2m (150ms)[22m
  [32m✓[39m  [2m495 [22m[webkit] › e2e/full-flow.spec.ts:27:1 › the browser conformance matrix keeps every reviewed capability traceable[2m (0ms)[22m
  [32m✓[39m  [2m496 [22m[webkit] › e2e/full-flow.spec.ts:32:1 › local state, model capture, server action, URL reflection, and native navigation compose[2m (305ms)[22m
  [32m✓[39m  [2m497 [22m[webkit] › e2e/hostile-dom.spec.ts:10:3 › hostileMalformedUtf8 retains accepted DOM and bounded authority[2m (198ms)[22m
  [32m✓[39m  [2m498 [22m[webkit] › e2e/hostile-dom.spec.ts:10:3 › hostileHugeJson retains accepted DOM and bounded authority[2m (223ms)[22m
  [32m✓[39m  [2m499 [22m[webkit] › e2e/hostile-dom.spec.ts:10:3 › hostilePrototypeKey retains accepted DOM and bounded authority[2m (205ms)[22m
  [32m✓[39m  [2m500 [22m[webkit] › e2e/hostile-dom.spec.ts:27:3 › hostileExtremeMorph fails preflight without partial mutation or replay[2m (236ms)[22m
  [32m✓[39m  [2m501 [22m[webkit] › e2e/hostile-dom.spec.ts:27:3 › hostileDuplicateIdentity fails preflight without partial mutation or replay[2m (215ms)[22m
  [32m✓[39m  [2m502 [22m[webkit] › e2e/hostile-dom.spec.ts:38:1 › extreme initial depth, count, attributes, and text stop at one visible closed outcome[2m (608ms)[22m
  [32m✓[39m  [2m503 [22m[webkit] › e2e/hostile-dom.spec.ts:54:1 › returned scripts and event handlers never execute or partially mutate accepted DOM[2m (199ms)[22m
  [32m✓[39m  [2m504 [22m[webkit] › e2e/hostile-dom.spec.ts:64:1 › third-party mutation, shadow ownership, and duplicate roots stay bounded[2m (244ms)[22m
  [32m✓[39m  [2m505 [22m[webkit] › e2e/hostile-dom.spec.ts:100:1 › throwing getters and proxies at public APIs reject without stopping the runtime[2m (149ms)[22m
  [32m✓[39m  [2m506 [22m[webkit] › e2e/ime-and-selection.spec.ts:5:1 › text and contenteditable selection survive an active IME morph[2m (190ms)[22m
  [32m✓[39m  [2m507 [22m[webkit] › e2e/iteration-004-accessibility.spec.ts:70:3 › esm upload and async feedback remains accessible under strict CSP[2m (404ms)[22m
  [32m✓[39m  [2m508 [22m[webkit] › e2e/iteration-004-accessibility.spec.ts:70:3 › classic upload and async feedback remains accessible under strict CSP[2m (409ms)[22m
  [32m✓[39m  [2m509 [22m[webkit] › e2e/iteration-004-accessibility.spec.ts:131:3 › esm upload cancel retry and remove are keyboard operable with stable focus[2m (346ms)[22m
  [32m✓[39m  [2m510 [22m[webkit] › e2e/iteration-004-accessibility.spec.ts:199:3 › esm multi-chunk progress coalesces numeric live announcements on a controlled clock[2m (665ms)[22m
  [32m✓[39m  [2m511 [22m[webkit] › e2e/iteration-004-accessibility.spec.ts:131:3 › classic upload cancel retry and remove are keyboard operable with stable focus[2m (338ms)[22m
  [32m✓[39m  [2m512 [22m[webkit] › e2e/iteration-004-accessibility.spec.ts:199:3 › classic multi-chunk progress coalesces numeric live announcements on a controlled clock[2m (785ms)[22m
  [32m✓[39m  [2m513 [22m[webkit] › e2e/iteration-004-accessibility.spec.ts:251:3 › esm Rust upload rejection exposes its associated alert and keyboard retry focus[2m (316ms)[22m
  [32m✓[39m  [2m514 [22m[webkit] › e2e/iteration-004-accessibility.spec.ts:251:3 › classic Rust upload rejection exposes its associated alert and keyboard retry focus[2m (322ms)[22m
  [32m✓[39m  [2m515 [22m[webkit] › e2e/iteration-004-accessibility.spec.ts:298:7 › esm upload missing artifact preserves native controls and focus[2m (329ms)[22m
  [32m✓[39m  [2m516 [22m[webkit] › e2e/iteration-004-accessibility.spec.ts:298:7 › esm async missing artifact preserves native controls and focus[2m (316ms)[22m
  [32m✓[39m  [2m517 [22m[webkit] › e2e/iteration-004-accessibility.spec.ts:298:7 › classic upload missing artifact preserves native controls and focus[2m (331ms)[22m
  [32m✓[39m  [2m518 [22m[webkit] › e2e/iteration-004-accessibility.spec.ts:298:7 › classic async missing artifact preserves native controls and focus[2m (309ms)[22m
  [32m✓[39m  [2m519 [22m[webkit] › e2e/iteration-004-accessibility.spec.ts:298:7 › esm upload incompatible artifact preserves native controls and focus[2m (326ms)[22m
  [32m✓[39m  [2m520 [22m[webkit] › e2e/iteration-004-accessibility.spec.ts:298:7 › esm async incompatible artifact preserves native controls and focus[2m (299ms)[22m
  [32m✓[39m  [2m521 [22m[webkit] › e2e/iteration-004-accessibility.spec.ts:298:7 › classic upload incompatible artifact preserves native controls and focus[2m (308ms)[22m
  [32m✓[39m  [2m522 [22m[webkit] › e2e/iteration-004-accessibility.spec.ts:298:7 › classic async incompatible artifact preserves native controls and focus[2m (309ms)[22m
  [32m✓[39m  [2m523 [22m[webkit] › e2e/iteration-004-adversarial.spec.ts:308:1 › hostile upload authority and chunk shapes fail closed without poisoning ordinary actions[2m (248ms)[22m
  [32m✓[39m  [2m524 [22m[webkit] › e2e/iteration-004-adversarial.spec.ts:442:3 › esm production upload runtime keeps every hostile grant secret and retryable[2m (4.3s)[22m
  [32m✓[39m  [2m525 [22m[webkit] › e2e/iteration-004-adversarial.spec.ts:442:3 › classic production upload runtime keeps every hostile grant secret and retryable[2m (4.3s)[22m
  [32m✓[39m  [2m526 [22m[webkit] › e2e/iteration-004-adversarial.spec.ts:555:3 › esm runtime observes the real scanner timeout and leaves ordinary Live usable[2m (254ms)[22m
  [32m✓[39m  [2m527 [22m[webkit] › e2e/iteration-004-adversarial.spec.ts:555:3 › classic runtime observes the real scanner timeout and leaves ordinary Live usable[2m (266ms)[22m
  [32m✓[39m  [2m528 [22m[webkit] › e2e/iteration-004-adversarial.spec.ts:592:3 › esm runtime rejects a hostile media header through real validation[2m (258ms)[22m
  [32m✓[39m  [2m529 [22m[webkit] › e2e/iteration-004-adversarial.spec.ts:592:3 › classic runtime rejects a hostile media header through real validation[2m (220ms)[22m
  [32m✓[39m  [2m530 [22m[webkit] › e2e/iteration-004-adversarial.spec.ts:616:3 › esm runtime preserves the real idempotent completion outcome[2m (244ms)[22m
  [32m✓[39m  [2m531 [22m[webkit] › e2e/iteration-004-adversarial.spec.ts:616:3 › classic runtime preserves the real idempotent completion outcome[2m (251ms)[22m
  [32m✓[39m  [2m532 [22m[webkit] › e2e/iteration-004-adversarial.spec.ts:643:3 › esm runtime observes provider compensation and real finalizer recovery[2m (242ms)[22m
  [32m✓[39m  [2m533 [22m[webkit] › e2e/iteration-004-adversarial.spec.ts:643:3 › classic runtime observes provider compensation and real finalizer recovery[2m (282ms)[22m
  [32m✓[39m  [2m534 [22m[webkit] › e2e/iteration-004-adversarial.spec.ts:690:5 › esm runtime observes real reordered-message authority and bounded recovery[2m (295ms)[22m
  [32m✓[39m  [2m535 [22m[webkit] › e2e/iteration-004-adversarial.spec.ts:690:5 › esm runtime observes real replay-overflow authority and bounded recovery[2m (323ms)[22m
  [32m✓[39m  [2m536 [22m[webkit] › e2e/iteration-004-adversarial.spec.ts:690:5 › esm runtime observes real revoked-authorization authority and bounded recovery[2m (258ms)[22m
  [32m✓[39m  [2m537 [22m[webkit] › e2e/iteration-004-adversarial.spec.ts:690:5 › esm runtime observes real fanout-pressure authority and bounded recovery[2m (426ms)[22m
  [32m✓[39m  [2m538 [22m[webkit] › e2e/iteration-004-adversarial.spec.ts:690:5 › classic runtime observes real reordered-message authority and bounded recovery[2m (273ms)[22m
  [32m✓[39m  [2m539 [22m[webkit] › e2e/iteration-004-adversarial.spec.ts:690:5 › classic runtime observes real replay-overflow authority and bounded recovery[2m (311ms)[22m
  [32m✓[39m  [2m540 [22m[webkit] › e2e/iteration-004-adversarial.spec.ts:690:5 › classic runtime observes real revoked-authorization authority and bounded recovery[2m (266ms)[22m
  [32m✓[39m  [2m541 [22m[webkit] › e2e/iteration-004-adversarial.spec.ts:690:5 › classic runtime observes real fanout-pressure authority and bounded recovery[2m (425ms)[22m
  [32m✓[39m  [2m542 [22m[webkit] › e2e/iteration-004-adversarial.spec.ts:795:5 › esm runtime receives typed oversized-message closure from the real WebSocket host[2m (430ms)[22m
  [32m✓[39m  [2m543 [22m[webkit] › e2e/iteration-004-adversarial.spec.ts:795:5 › esm runtime receives typed truncated-message closure from the real WebSocket host[2m (438ms)[22m
  [32m✓[39m  [2m544 [22m[webkit] › e2e/iteration-004-adversarial.spec.ts:795:5 › classic runtime receives typed oversized-message closure from the real WebSocket host[2m (404ms)[22m
  [32m✓[39m  [2m545 [22m[webkit] › e2e/iteration-004-adversarial.spec.ts:795:5 › classic runtime receives typed truncated-message closure from the real WebSocket host[2m (425ms)[22m
  [32m✓[39m  [2m546 [22m[webkit] › e2e/iteration-004-adversarial.spec.ts:843:5 › esm runtime observes actual concurrent cancel-finalize-cancel-wins[2m (268ms)[22m
  [32m✓[39m  [2m547 [22m[webkit] › e2e/iteration-004-adversarial.spec.ts:843:5 › esm runtime observes actual concurrent cancel-finalize-finalize-wins[2m (264ms)[22m
  [32m✓[39m  [2m548 [22m[webkit] › e2e/iteration-004-adversarial.spec.ts:843:5 › esm runtime observes actual concurrent expire-finalize-expire-wins[2m (264ms)[22m
  [32m✓[39m  [2m549 [22m[webkit] › e2e/iteration-004-adversarial.spec.ts:843:5 › esm runtime observes actual concurrent expire-finalize-finalize-wins[2m (265ms)[22m
  [32m✓[39m  [2m550 [22m[webkit] › e2e/iteration-004-adversarial.spec.ts:843:5 › classic runtime observes actual concurrent cancel-finalize-cancel-wins[2m (243ms)[22m
  [32m✓[39m  [2m551 [22m[webkit] › e2e/iteration-004-adversarial.spec.ts:843:5 › classic runtime observes actual concurrent cancel-finalize-finalize-wins[2m (243ms)[22m
  [32m✓[39m  [2m552 [22m[webkit] › e2e/iteration-004-adversarial.spec.ts:843:5 › classic runtime observes actual concurrent expire-finalize-expire-wins[2m (252ms)[22m
  [32m✓[39m  [2m553 [22m[webkit] › e2e/iteration-004-adversarial.spec.ts:843:5 › classic runtime observes actual concurrent expire-finalize-finalize-wins[2m (263ms)[22m
  [32m✓[39m  [2m554 [22m[webkit] › e2e/iteration-004-adversarial.spec.ts:882:3 › esm runtime retirement ignores one actual late envelope and drains its owners[2m (342ms)[22m
  [32m✓[39m  [2m555 [22m[webkit] › e2e/iteration-004-adversarial.spec.ts:907:3 › esm incompatible async feature closes only its dependent surface[2m (261ms)[22m
  [32m✓[39m  [2m556 [22m[webkit] › e2e/iteration-004-adversarial.spec.ts:936:3 › esm upload-scope exhaustion is exact while unrelated Live remains usable[2m (370ms)[22m
  [32m✓[39m  [2m557 [22m[webkit] › e2e/iteration-004-adversarial.spec.ts:882:3 › classic runtime retirement ignores one actual late envelope and drains its owners[2m (351ms)[22m
  [32m✓[39m  [2m558 [22m[webkit] › e2e/iteration-004-adversarial.spec.ts:907:3 › classic incompatible async feature closes only its dependent surface[2m (262ms)[22m
  [32m✓[39m  [2m559 [22m[webkit] › e2e/iteration-004-adversarial.spec.ts:936:3 › classic upload-scope exhaustion is exact while unrelated Live remains usable[2m (412ms)[22m
  [32m✓[39m  [2m560 [22m[webkit] › e2e/iteration-004-adversarial.spec.ts:961:1 › every hostile Origin rejects before browser session authority or transport allocation[2m (179ms)[22m
  [32m✓[39m  [2m561 [22m[webkit] › e2e/iteration-004-adversarial.spec.ts:1045:1 › reconnect storms retire each transport while one document transport and ordinary actions survive[2m (419ms)[22m
  [32m✓[39m  [2m562 [22m[webkit] › e2e/iteration-004-integration.spec.ts:208:5 › esm core composes only the requested production artifacts[2m (216ms)[22m
  [32m✓[39m  [2m563 [22m[webkit] › e2e/iteration-004-integration.spec.ts:208:5 › esm uploads composes only the requested production artifacts[2m (254ms)[22m
  [32m✓[39m  [2m564 [22m[webkit] › e2e/iteration-004-integration.spec.ts:208:5 › esm async composes only the requested production artifacts[2m (224ms)[22m
  [32m✓[39m  [2m565 [22m[webkit] › e2e/iteration-004-integration.spec.ts:208:5 › esm both composes only the requested production artifacts[2m (333ms)[22m
  [32m✓[39m  [2m566 [22m[webkit] › e2e/iteration-004-integration.spec.ts:208:5 › classic core composes only the requested production artifacts[2m (203ms)[22m
  [32m✓[39m  [2m567 [22m[webkit] › e2e/iteration-004-integration.spec.ts:208:5 › classic uploads composes only the requested production artifacts[2m (281ms)[22m
  [32m✓[39m  [2m568 [22m[webkit] › e2e/iteration-004-integration.spec.ts:208:5 › classic async composes only the requested production artifacts[2m (219ms)[22m
  [32m✓[39m  [2m569 [22m[webkit] › e2e/iteration-004-integration.spec.ts:208:5 › classic both composes only the requested production artifacts[2m (325ms)[22m
  [32m✓[39m  [2m570 [22m[webkit] › e2e/iteration-004-integration.spec.ts:287:7 › esm uploads missing leaves the other optional feature operational[2m (299ms)[22m
  [32m✓[39m  [2m571 [22m[webkit] › e2e/iteration-004-integration.spec.ts:287:7 › esm uploads incompatible leaves the other optional feature operational[2m (281ms)[22m
  [32m✓[39m  [2m572 [22m[webkit] › e2e/iteration-004-integration.spec.ts:287:7 › esm async missing leaves the other optional feature operational[2m (303ms)[22m
  [32m✓[39m  [2m573 [22m[webkit] › e2e/iteration-004-integration.spec.ts:287:7 › esm async incompatible leaves the other optional feature operational[2m (296ms)[22m
  [32m✓[39m  [2m574 [22m[webkit] › e2e/iteration-004-integration.spec.ts:287:7 › classic uploads missing leaves the other optional feature operational[2m (305ms)[22m
  [32m✓[39m  [2m575 [22m[webkit] › e2e/iteration-004-integration.spec.ts:287:7 › classic uploads incompatible leaves the other optional feature operational[2m (283ms)[22m
  [32m✓[39m  [2m576 [22m[webkit] › e2e/iteration-004-integration.spec.ts:287:7 › classic async missing leaves the other optional feature operational[2m (317ms)[22m
  [32m✓[39m  [2m577 [22m[webkit] › e2e/iteration-004-integration.spec.ts:287:7 › classic async incompatible leaves the other optional feature operational[2m (304ms)[22m
  [32m✓[39m  [2m578 [22m[webkit] › e2e/iteration-004-integration.spec.ts:385:1 › the both-feature page transfers one native file beside one current logical stream[2m (321ms)[22m
  [32m✓[39m  [2m579 [22m[webkit] › e2e/iteration-004-integration.spec.ts:433:1 › the real direct provider stores, reports, verifies, completes, and finalizes[2m (214ms)[22m
  [32m✓[39m  [2m580 [22m[webkit] › e2e/iteration-004-integration.spec.ts:581:1 › a registered ordinary action commits during an active upload and an async outage[2m (303ms)[22m
  [32m✓[39m  [2m581 [22m[webkit] › e2e/iteration-004-integration.spec.ts:624:1 › two islands share one physical SSE transport and removing one membership keeps it open[2m (256ms)[22m
  [32m✓[39m  [2m582 [22m[webkit] › e2e/iteration-004-integration.spec.ts:647:1 › production WebSocket and Rust polling routes remain physical and ordinary navigation remains HTTP[2m (342ms)[22m
  [32m✓[39m  [2m583 [22m[webkit] › e2e/iteration-004-integration.spec.ts:725:3 › a production fresh render preserves the active upload boundary with exact cleanup[2m (328ms)[22m
  [32m✓[39m  [2m584 [22m[webkit] › e2e/iteration-004-integration.spec.ts:725:3 › a production fresh render replaces the active upload boundary with exact cleanup[2m (330ms)[22m
  [32m✓[39m  [2m585 [22m[webkit] › e2e/leaks.spec.ts:10:1 › repeated suspend and restore cycles return observed resources to baseline[2m (235ms)[22m
  [32m✓[39m  [2m586 [22m[webkit] › e2e/leaks.spec.ts:55:1 › repeated accepted morphs return observed resources to baseline[2m (531ms)[22m
  [32m✓[39m  [2m587 [22m[webkit] › e2e/leaks.spec.ts:69:1 › connect, replace, and remove leave no retired callback authority[2m (146ms)[22m
  [32m✓[39m  [2m588 [22m[webkit] › e2e/local-signals.spec.ts:6:1 › local signals update accessible presentation without a server request[2m (325ms)[22m
  [32m✓[39m  [2m589 [22m[webkit] › e2e/local-signals.spec.ts:51:1 › third-party attribute mutation and reinsertion cannot create local directive authority[2m (168ms)[22m
  [32m✓[39m  [2m590 [22m[webkit] › e2e/models-and-forms.spec.ts:5:1 › immediate and debounced models enter only their owning island scheduler[2m (439ms)[22m
  [32m✓[39m  [2m591 [22m[webkit] › e2e/models-and-forms.spec.ts:27:1 › submit samples controls once, preserves reset semantics, and excludes files and disabled controls[2m (368ms)[22m
  [32m✓[39m  [2m592 [22m[webkit] › e2e/models-and-forms.spec.ts:55:1 › a nested island model cannot consume its parent scheduler capacity[2m (193ms)[22m
  [32m✓[39m  [2m593 [22m[webkit] › e2e/morph-identity.spec.ts:5:1 › Live keys move existing identity while rekeys replace and nested islands stay opaque[2m (214ms)[22m
  [32m✓[39m  [2m594 [22m[webkit] › e2e/morph-identity.spec.ts:56:1 › prohibited response markup never mutates DOM or commits before fresh-render recovery[2m (200ms)[22m
  [32m✓[39m  [2m595 [22m[webkit] › e2e/multiple-islands.spec.ts:5:1 › one saturated island cannot block another island scheduler[2m (510ms)[22m
  [32m✓[39m  [2m596 [22m[webkit] › e2e/navigation.spec.ts:3:1 › anchors, redirects, refresh, fragments, errors, and Back/Forward remain complete navigation[2m (567ms)[22m
  [32m✓[39m  [2m597 [22m[webkit] › e2e/navigation.spec.ts:40:1 › GET/POST forms and modifier/new-tab/download semantics stay native[2m (406ms)[22m
  [32m✓[39m  [2m598 [22m[webkit] › e2e/navigation.spec.ts:67:1 › dirty guard offers stay with focus return and a guaranteed leave path[2m (265ms)[22m
  [32m✓[39m  [2m599 [22m[webkit] › e2e/navigation.spec.ts:86:1 › prefetch emits only an eligible native resource and never installs its body[2m (185ms)[22m
  [32m✓[39m  [2m600 [22m[webkit] › e2e/nested-islands.spec.ts:5:1 › nested ownership and shadow boundaries stay local[2m (163ms)[22m
  [32m✓[39m  [2m601 [22m[webkit] › e2e/network.spec.ts:13:1 › instanced actions send the canonical bounded Live envelope[2m (206ms)[22m
  [32m✓[39m  [2m602 [22m[webkit] › e2e/network.spec.ts:35:1 › safe retry preserves exact bytes and immutable identity[2m (563ms)[22m
  [32m✓[39m  [2m603 [22m[webkit] › e2e/network.spec.ts:46:1 › seed promotion inserts one intent-owned nonce[2m (202ms)[22m
  [32m✓[39m  [2m604 [22m[webkit] › e2e/performance.spec.ts:19:1 › canonical browser workloads remain executable without changing engine claims[2m (7ms)[22m
  [32m✓[39m  [2m605 [22m[webkit] › e2e/preservation.spec.ts:6:1 › morph controls preserve their distinct identities and lifecycle across repeated updates[2m (400ms)[22m
  [32m✓[39m  [2m606 [22m[webkit] › e2e/preservation.spec.ts:104:1 › a target added after boot cannot acquire teleport authority[2m (223ms)[22m
  [32m-[39m  [2m607 [22m[36m[webkit] › e2e/reference-fresh-render.spec.ts:5:1 › production browser eligibility commits the Rust fresh-render successor[39m
  [32m✓[39m  [2m608 [22m[webkit] › e2e/registered-event-authority.spec.ts:390:3 › core rejects a registered event when its factory mutates source authority: foreign_document[2m (167ms)[22m
  [32m✓[39m  [2m609 [22m[webkit] › e2e/registered-event-authority.spec.ts:390:3 › core rejects a registered event when its factory mutates source authority: foreign_island[2m (162ms)[22m
  [32m✓[39m  [2m610 [22m[webkit] › e2e/registered-event-authority.spec.ts:390:3 › core rejects a registered event when its factory mutates source authority: reregister[2m (181ms)[22m
  [32m✓[39m  [2m611 [22m[webkit] › e2e/registered-event-authority.spec.ts:390:3 › core rejects a registered event when its factory mutates source authority: scope[2m (161ms)[22m
  [32m✓[39m  [2m612 [22m[webkit] › e2e/registered-event-authority.spec.ts:408:3 › core rejects a named target whose event factory mutates target authority: foreign_document[2m (152ms)[22m
  [32m✓[39m  [2m613 [22m[webkit] › e2e/registered-event-authority.spec.ts:408:3 › core rejects a named target whose event factory mutates target authority: scope[2m (157ms)[22m
  [32m✓[39m  [2m614 [22m[webkit] › e2e/registered-event-authority.spec.ts:424:3 › core rejects a parent target whose event factory mutates island metadata[2m (157ms)[22m
  [32m✓[39m  [2m615 [22m[webkit] › e2e/registered-event-authority.spec.ts:424:3 › core rejects a child target whose event factory mutates island metadata[2m (157ms)[22m
  [32m✓[39m  [2m616 [22m[webkit] › e2e/registered-event-authority.spec.ts:440:3 › core reports partial fanout when an earlier listener mutates a later named target: foreign_document[2m (181ms)[22m
  [32m✓[39m  [2m617 [22m[webkit] › e2e/registered-event-authority.spec.ts:440:3 › core reports partial fanout when an earlier listener mutates a later named target: foreign_island[2m (165ms)[22m
  [32m✓[39m  [2m618 [22m[webkit] › e2e/resource-lifecycle.spec.ts:14:1 › restoration and duplicate artifact execution do not multiply lifecycle listeners[2m (148ms)[22m
  [32m✓[39m  [2m619 [22m[webkit] › e2e/resource-lifecycle.spec.ts:92:1 › an old-epoch transport response cannot mutate the restored document[2m (436ms)[22m
  [32m✓[39m  [2m620 [22m[webkit] › e2e/resource-lifecycle.spec.ts:119:1 › beforeunload exists only while an explicit dirty-work guard is active[2m (199ms)[22m
  [32m✓[39m  [2m621 [22m[webkit] › e2e/resource-lifecycle.spec.ts:163:1 › a model debounce scheduled before persisted hide cannot fire while suspended[2m (165ms)[22m
  [32m✓[39m  [2m622 [22m[webkit] › e2e/resource-lifecycle.spec.ts:182:1 › an old-epoch transition is rejected before one fresh render recovers the island[2m (399ms)[22m
  [32m✓[39m  [2m623 [22m[webkit] › e2e/response-order.spec.ts:4:3 › responseRedirect navigates before any in-page response effect[2m (199ms)[22m
  [32m✓[39m  [2m624 [22m[webkit] › e2e/response-order.spec.ts:4:3 › responseNavigated navigates before any in-page response effect[2m (201ms)[22m
  [32m✓[39m  [2m625 [22m[webkit] › e2e/response-order.spec.ts:29:1 › committed HTML applies the complete post-morph order[2m (216ms)[22m
  [32m✓[39m  [2m626 [22m[webkit] › e2e/response-order.spec.ts:49:1 › no-render commits successor authority without replacing content[2m (210ms)[22m
  [32m✓[39m  [2m627 [22m[webkit] › e2e/seed-and-lazy.spec.ts:6:3 › seedAction promotes only when transport identity is available[2m (276ms)[22m
  [32m✓[39m  [2m628 [22m[webkit] › e2e/seed-and-lazy.spec.ts:6:3 › seedActionNoCrypto promotes only when transport identity is available[2m (160ms)[22m
  [32m✓[39m  [2m629 [22m[webkit] › e2e/seed-and-lazy.spec.ts:28:1 › repeated lazy discovery remains connected and makes no eager request[2m (172ms)[22m
  [32m✓[39m  [2m630 [22m[webkit] › e2e/signals-and-controllers.spec.ts:5:1 › signal and Stimulus identity preserve, insert, remove, and reset exactly once[2m (341ms)[22m
  [32m✓[39m  [2m631 [22m[webkit] › e2e/stimulus.spec.ts:5:1 › the optional bridge preserves standard Stimulus lifecycle without bundling it[2m (199ms)[22m
  [32m✓[39m  [2m632 [22m[webkit] › e2e/transitions-and-recovery.spec.ts:10:1 › enter, leave, move, and state transitions settle before accepted authority commits[2m (426ms)[22m
  [32m✓[39m  [2m633 [22m[webkit] › e2e/transitions-and-recovery.spec.ts:34:1 › reduced motion and a missing animation API preserve the same semantic result[2m (284ms)[22m
  [32m✓[39m  [2m634 [22m[webkit] › e2e/transitions-and-recovery.spec.ts:56:1 › a failed fresh render disconnects only its island without replay or document reload[2m (216ms)[22m
  [32m✓[39m  [2m635 [22m[webkit] › e2e/uploads.spec.ts:5:1 › native uploads keep accessible progress across a compatible morph and retire on rekey[2m (487ms)[22m
  [32m✓[39m  [2m636 [22m[webkit] › e2e/async-lifecycle.spec.ts:126:1 › real async transport exposes bounded semantic feedback without stealing focus[2m (4.1s)[22m
  [32m✓[39m  [2m637 [22m[webkit] › e2e/async-lifecycle.spec.ts:210:1 › server completion exposes a closed status and retires the physical stream[2m (427ms)[22m
  [32m-[39m  [2m638 [22m[36m[webkit] › e2e/async-lifecycle.spec.ts:231:1 › actual bfcache restore reauthorizes and proves continuity before accepting data[39m
  [32m✓[39m  [2m639 [22m[webkit] › e2e/async-lifecycle.spec.ts:294:1 › native controls and local signals remain available beside async updates[2m (765ms)[22m
  [32m✓[39m  [2m640 [22m[webkit] › e2e/async-lifecycle.spec.ts:322:1 › morph replacement and island removal retire async resources exactly once[2m (735ms)[22m
  [32m✓[39m  [2m641 [22m[webkit] › e2e/async-lifecycle.spec.ts:383:1 › document shutdown is idempotent and leaves no async resource authority[2m (665ms)[22m
  [32m-[39m  [2m642 [22m[36m[webkit] › e2e/iteration-004-lifecycle.spec.ts:138:3 › real bfcache restoration retires the old sse generation and reauthorizes from current position[39m
  [32m-[39m  [2m643 [22m[36m[webkit] › e2e/iteration-004-lifecycle.spec.ts:138:3 › real bfcache restoration retires the old websocket generation and reauthorizes from current position[39m
  [32m✓[39m  [2m644 [22m[webkit] › e2e/iteration-004-lifecycle.spec.ts:331:1 › ordinary navigation cancels an active upload and retires every document resource[2m (418ms)[22m
  [32m✓[39m  [2m645 [22m[webkit] › e2e/iteration-004-lifecycle.spec.ts:365:1 › freeze and resume preserve active upload retry authority while shutdown cancels it[2m (587ms)[22m
  [32m✓[39m  [2m646 [22m[webkit] › e2e/iteration-004-lifecycle.spec.ts:434:1 › offline freshness preserves ordinary interaction and shutdown retires bounded resources[2m (251ms)[22m
  [32m✓[39m  [2m647 [22m[webkit] › e2e/iteration-004-lifecycle.spec.ts:467:1 › a sequence gap activates bounded fallback then replays onto one replacement transport[2m (269ms)[22m
  [32m✓[39m  [2m648 [22m[webkit] › e2e/iteration-004-lifecycle.spec.ts:538:1 › one document-wide reconnect restores two logical islands on one new transport[2m (245ms)[22m
[33m  11 skipped[39m
[32m  637 passed[39m[2m (3.7m)[22m
[2m[WebServer] [22m   Compiling suprnova-live v2.0.2 (/home/shawn/workspace2/suprnova/crates/suprnova-live)
[2m[WebServer] [22m   Compiling suprnova-live-test-support v2.0.2 (/home/shawn/workspace2/suprnova/crates/suprnova-live/crates/suprnova-live-test-support)
[2m[WebServer] [22m    Finished `dev` profile [unoptimized + debuginfo] target(s) in 2.14s
[2m[WebServer] [22m     Running `/home/shawn/workspace2/suprnova/target/debug/async-reference-host`
[2m[WebServer] [22m   Compiling suprnova-live-test-support v2.0.2 (/home/shawn/workspace2/suprnova/crates/suprnova-live/crates/suprnova-live-test-support)
[2m[WebServer] [22m    Finished `dev` profile [unoptimized + debuginfo] target(s) in 0.72s
[2m[WebServer] [22m     Running `/home/shawn/workspace2/suprnova/target/debug/suprnova-live-reference-host`
[2m[WebServer] [22m    Finished `dev` profile [unoptimized + debuginfo] target(s) in 0.12s
[2m[WebServer] [22m     Running `/home/shawn/workspace2/suprnova/target/debug/suprnova-live-reference-host`
[2m[WebServer] [22m   Compiling suprnova-live v2.0.2 (/home/shawn/workspace2/suprnova/crates/suprnova-live)
[2m[WebServer] [22m   Compiling suprnova v2.0.2 (/home/shawn/workspace2/suprnova/framework)
[2m[WebServer] [22m   Compiling suprnova-live-test-support v2.0.2 (/home/shawn/workspace2/suprnova/crates/suprnova-live/crates/suprnova-live-test-support)
[2m[WebServer] [22m    Finished `dev` profile [unoptimized + debuginfo] target(s) in 5.32s
[2m[WebServer] [22m     Running `/home/shawn/workspace2/suprnova/target/debug/examples/live_bootstrap_host`
[2m[WebServer] [22msuprnova: APP_KEY is not set - generated a transient development key. Sessions and cursors will reset on every restart. Set APP_KEY in your environment to persist them. This path is gated to local/development/testing; production fails closed. environment=local
[2m[WebServer] [22m   Compiling suprnova v2.0.2 (/home/shawn/workspace2/suprnova/framework)
[2m[WebServer] [22m   Compiling app v2.0.2 (/home/shawn/workspace2/suprnova/app)
[2m[WebServer] [22m    Finished `dev` profile [unoptimized + debuginfo] target(s) in 5.60s
[2m[WebServer] [22m     Running `/home/shawn/workspace2/suprnova/target/debug/examples/live_dogfood_host`
> node scripts/check-compatibility.mjs --allow-unqualified
compatibility qualification: unqualified (0/8)

[final worktree diff check]


[complete]
Suprnova Live iteration gate passed
